listing_id,date
2992450,2014-07-01
2992450,2014-10-24
2992450,2015-03-04
2992450,2015-03-25
2992450,2015-06-23
2992450,2015-07-19
2992450,2015-12-31
2992450,2021-09-22
2992450,2022-08-17
3820211,2014-08-15
3820211,2014-08-23
3820211,2014-08-29
3820211,2014-08-31
3820211,2014-09-06
3820211,2014-09-08
3820211,2014-09-17
3820211,2014-09-19
3820211,2014-09-30
3820211,2014-10-02
3820211,2014-10-04
3820211,2014-10-10
3820211,2014-10-12
3820211,2014-10-14
3820211,2014-10-22
3820211,2014-10-23
3820211,2014-11-05
3820211,2014-11-06
3820211,2014-11-09
3820211,2014-11-13
3820211,2014-11-20
3820211,2014-11-21
3820211,2014-11-24
3820211,2014-11-29
3820211,2014-12-17
3820211,2014-12-25
3820211,2014-12-27
3820211,2015-01-01
3820211,2015-04-16
3820211,2015-04-18
3820211,2015-04-20
3820211,2015-04-22
3820211,2015-04-26
3820211,2015-04-29
3820211,2015-05-02
3820211,2015-05-05
3820211,2015-05-07
3820211,2015-05-10
3820211,2015-05-13
3820211,2015-05-17
3820211,2015-05-24
3820211,2015-06-03
3820211,2015-06-11
3820211,2015-06-13
3820211,2015-06-19
3820211,2015-06-21
3820211,2015-06-23
3820211,2015-06-24
3820211,2015-06-27
3820211,2015-06-28
3820211,2015-07-01
3820211,2015-07-04
3820211,2015-07-12
3820211,2015-07-14
3820211,2015-07-15
3820211,2015-07-16
3820211,2015-07-17
3820211,2015-07-18
3820211,2015-07-23
3820211,2015-07-30
3820211,2015-08-08
3820211,2015-08-16
3820211,2015-08-18
3820211,2015-08-19
3820211,2015-08-22
3820211,2015-08-23
3820211,2015-08-26
3820211,2015-08-31
3820211,2015-09-04
3820211,2015-09-06
3820211,2015-09-10
3820211,2015-09-12
3820211,2015-09-16
3820211,2015-09-18
3820211,2015-09-19
3820211,2015-09-23
3820211,2015-09-24
3820211,2015-09-27
3820211,2015-09-29
3820211,2015-10-02
3820211,2015-10-04
3820211,2015-10-06
3820211,2015-10-12
3820211,2015-10-15
3820211,2015-10-16
3820211,2015-10-17
3820211,2015-10-18
3820211,2015-10-24
3820211,2015-10-26
3820211,2015-10-29
3820211,2015-10-30
3820211,2015-11-09
3820211,2015-11-10
3820211,2015-11-11
3820211,2015-11-13
3820211,2015-12-17
3820211,2015-12-18
3820211,2015-12-20
3820211,2015-12-22
3820211,2015-12-26
3820211,2016-01-03
3820211,2016-01-08
3820211,2016-01-10
3820211,2016-01-12
3820211,2016-01-13
3820211,2016-01-16
3820211,2016-01-18
3820211,2016-01-26
3820211,2016-02-01
3820211,2016-02-02
3820211,2016-02-07
3820211,2016-02-08
3820211,2016-02-13
3820211,2016-02-14
3820211,2016-02-20
3820211,2016-02-25
3820211,2016-02-27
3820211,2016-04-11
3820211,2016-04-21
3820211,2016-04-23
3820211,2016-04-26
3820211,2016-05-01
3820211,2016-05-03
3820211,2016-05-10
3820211,2016-06-23
3820211,2016-06-27
3820211,2016-07-02
3820211,2016-07-08
3820211,2016-07-10
3820211,2016-07-12
3820211,2016-07-13
3820211,2016-07-22
3820211,2016-07-24
3820211,2016-07-28
3820211,2016-07-29
3820211,2016-08-01
3820211,2016-12-28
3820211,2016-12-31
3820211,2017-04-15
3820211,2017-04-22
3820211,2017-09-10
3820211,2017-09-14
3820211,2017-09-15
3820211,2017-09-18
3820211,2017-09-21
3820211,2017-09-24
3820211,2017-09-30
3820211,2017-10-02
3820211,2017-10-06
3820211,2017-10-07
3820211,2017-10-08
3820211,2017-10-14
3820211,2017-10-15
3820211,2017-10-20
3820211,2017-10-23
3820211,2017-10-25
3820211,2017-10-26
3820211,2017-10-27
3820211,2017-10-29
3820211,2017-11-06
3820211,2017-11-08
3820211,2017-11-11
3820211,2017-11-15
3820211,2017-11-17
3820211,2017-11-18
3820211,2017-11-19
3820211,2017-11-28
3820211,2017-12-02
3820211,2017-12-03
3820211,2017-12-06
3820211,2017-12-09
3820211,2017-12-10
3820211,2017-12-22
3820211,2017-12-28
3820211,2018-01-02
3820211,2018-01-03
3820211,2018-01-05
3820211,2018-01-09
3820211,2018-01-10
3820211,2018-01-13
3820211,2018-01-17
3820211,2018-01-18
3820211,2018-01-21
3820211,2018-01-28
3820211,2018-01-30
3820211,2018-02-01
3820211,2018-04-01
3820211,2018-04-02
3820211,2018-04-03
3820211,2018-04-08
3820211,2018-04-20
3820211,2018-04-22
3820211,2018-04-28
3820211,2018-05-05
3820211,2018-05-11
3820211,2018-05-20
3820211,2018-05-23
3820211,2018-05-26
3820211,2018-05-28
3820211,2018-06-01
3820211,2018-06-03
3820211,2018-06-10
3820211,2018-06-22
3820211,2018-06-24
3820211,2018-06-27
3820211,2018-06-29
3820211,2018-07-06
3820211,2018-07-07
3820211,2018-07-09
3820211,2018-07-10
3820211,2018-07-15
3820211,2018-07-20
3820211,2018-07-23
3820211,2018-07-28
3820211,2018-07-30
3820211,2018-08-04
3820211,2018-08-05
3820211,2018-08-12
3820211,2018-08-18
3820211,2018-09-09
3820211,2018-10-06
3820211,2018-10-13
3820211,2018-10-15
3820211,2018-10-18
3820211,2018-10-21
3820211,2018-10-28
3820211,2018-10-30
3820211,2018-11-11
3820211,2018-11-12
3820211,2018-11-16
3820211,2018-11-18
3820211,2018-11-22
3820211,2018-11-25
3820211,2018-12-02
3820211,2018-12-31
3820211,2019-01-01
3820211,2019-01-27
3820211,2019-02-05
3820211,2019-02-17
3820211,2019-02-24
3820211,2019-02-27
3820211,2019-03-07
3820211,2019-03-12
3820211,2019-03-13
3820211,2019-03-16
3820211,2019-03-17
3820211,2019-03-21
3820211,2019-04-10
3820211,2019-04-30
3820211,2019-05-04
3820211,2019-05-11
3820211,2019-05-12
3820211,2019-05-22
3820211,2019-05-24
3820211,2019-06-02
3820211,2019-08-11
3820211,2019-08-14
3820211,2019-08-18
3820211,2019-09-08
3820211,2019-09-09
3820211,2019-09-15
3820211,2019-09-22
3820211,2019-09-29
3820211,2019-10-03
3820211,2019-10-12
3820211,2019-10-14
3820211,2019-10-17
3820211,2019-10-20
3820211,2019-10-22
3820211,2019-10-27
3820211,2019-11-17
3820211,2019-11-21
3820211,2020-06-05
3820211,2020-06-15
3820211,2020-12-30
3820211,2021-01-02
3820211,2021-03-14
3820211,2021-03-27
3820211,2021-03-28
3820211,2022-06-11
3820211,2022-08-25
3820211,2022-09-04
3820211,2022-10-01
3820211,2023-02-23
3820211,2023-03-19
3820211,2023-05-29
3820211,2023-08-14
3820211,2023-08-24
3820211,2023-08-28
3820211,2023-11-08
3820211,2023-11-19
3820211,2024-02-18
3820211,2024-02-28
3820211,2024-03-25
3820211,2024-03-30
3820211,2024-03-31
3820211,2024-04-02
3820211,2024-04-08
3820211,2024-04-16
3820211,2024-04-23
3820211,2024-04-28
3820211,2024-05-05
3820211,2024-07-06
3820211,2024-07-26
3820211,2024-07-31
3820211,2024-10-14
3820211,2025-01-09
3820211,2025-03-29
3820211,2025-05-28
3820211,2025-06-30
3820211,2025-08-04
3820211,2025-10-15
3820211,2025-10-20
3820211,2025-10-22
5651579,2015-05-08
5651579,2015-05-15
5651579,2015-07-31
5651579,2015-10-12
5651579,2015-10-17
5651579,2016-01-30
5651579,2016-02-25
5651579,2016-03-10
5651579,2016-03-19
5651579,2016-03-24
5651579,2016-04-06
5651579,2016-04-17
5651579,2016-05-01
5651579,2016-07-28
5651579,2016-08-07
5651579,2016-08-12
5651579,2016-08-26
5651579,2016-09-05
5651579,2016-09-14
5651579,2016-09-19
5651579,2016-09-23
5651579,2016-10-01
5651579,2016-10-04
5651579,2016-10-06
5651579,2016-10-10
5651579,2016-10-14
5651579,2016-10-17
5651579,2016-10-17
5651579,2016-10-21
5651579,2016-10-23
5651579,2016-10-27
5651579,2016-10-30
5651579,2016-11-12
5651579,2016-11-13
5651579,2016-11-18
5651579,2016-11-27
5651579,2016-12-03
5651579,2016-12-04
5651579,2016-12-19
5651579,2017-01-01
5651579,2017-01-05
5651579,2017-01-07
5651579,2017-01-17
5651579,2017-01-19
5651579,2017-01-21
5651579,2017-01-25
5651579,2017-01-26
5651579,2017-01-30
5651579,2017-02-01
5651579,2017-02-04
5651579,2017-02-17
5651579,2017-02-19
5651579,2017-02-23
5651579,2017-02-25
5651579,2017-02-26
5651579,2017-03-01
5651579,2017-03-02
5651579,2017-03-05
5651579,2017-03-11
5651579,2017-03-12
5651579,2017-03-13
5651579,2017-03-14
5651579,2017-03-24
5651579,2017-03-30
5651579,2017-04-01
5651579,2017-04-02
5651579,2017-04-08
5651579,2017-04-09
5651579,2017-04-25
5651579,2017-04-26
5651579,2017-04-30
5651579,2017-05-08
5651579,2017-05-12
5651579,2017-05-14
5651579,2017-05-19
5651579,2017-05-28
5651579,2017-05-30
5651579,2017-06-01
5651579,2017-06-03
5651579,2017-06-04
5651579,2017-06-11
5651579,2017-06-12
5651579,2017-06-15
5651579,2017-06-16
5651579,2017-06-18
5651579,2017-06-22
5651579,2017-06-26
5651579,2017-07-02
5651579,2017-07-13
5651579,2017-07-18
5651579,2017-07-21
5651579,2017-07-27
5651579,2017-07-28
5651579,2017-07-31
5651579,2017-08-12
5651579,2017-08-14
5651579,2017-08-17
5651579,2017-08-25
5651579,2017-08-27
5651579,2017-08-28
5651579,2017-09-03
5651579,2017-11-19
5651579,2017-11-22
5651579,2017-11-28
5651579,2017-12-07
5651579,2017-12-12
5651579,2017-12-13
5651579,2017-12-15
5651579,2017-12-19
5651579,2017-12-26
5651579,2017-12-27
5651579,2017-12-28
5651579,2017-12-30
5651579,2017-12-31
5651579,2018-01-07
5651579,2018-01-09
5651579,2018-01-10
5651579,2018-01-11
5651579,2018-01-18
5651579,2018-01-21
5651579,2018-01-23
5651579,2018-01-24
5651579,2018-01-25
5651579,2018-01-30
5651579,2018-02-01
5651579,2018-02-03
5651579,2018-02-06
5651579,2018-02-08
5651579,2018-02-14
5651579,2018-02-16
5651579,2018-02-19
5651579,2018-02-20
5651579,2018-02-24
5651579,2018-03-03
5651579,2018-03-04
5651579,2018-03-06
5651579,2018-03-08
5651579,2018-03-11
5651579,2018-03-17
5651579,2018-03-18
5651579,2018-03-19
5651579,2018-04-01
5651579,2018-04-10
5651579,2018-04-12
5651579,2018-04-13
5651579,2018-04-15
5651579,2018-04-19
5651579,2018-04-20
5651579,2018-04-26
5651579,2018-04-29
5651579,2018-05-04
5651579,2018-05-20
5651579,2018-05-21
5651579,2018-05-24
5651579,2018-05-30
5651579,2018-06-02
5651579,2018-06-03
5651579,2018-06-04
5651579,2018-06-06
5651579,2018-06-07
5651579,2018-06-10
5651579,2018-06-12
5651579,2018-06-14
5651579,2018-06-15
5651579,2018-06-17
5651579,2018-06-17
5651579,2018-06-23
5651579,2018-06-24
5651579,2018-06-27
5651579,2018-07-08
5651579,2018-07-11
5651579,2018-07-22
5651579,2018-07-25
5651579,2018-07-28
5651579,2018-07-30
5651579,2018-08-09
5651579,2018-08-10
5651579,2018-08-14
5651579,2018-08-19
5651579,2018-08-21
5651579,2018-08-23
5651579,2018-08-24
5651579,2018-08-29
5651579,2018-08-30
5651579,2018-09-04
5651579,2018-09-09
5651579,2018-09-16
5651579,2018-09-17
5651579,2018-09-18
5651579,2018-09-28
5651579,2018-09-29
5651579,2018-09-30
5651579,2018-10-01
5651579,2018-10-04
5651579,2018-10-06
5651579,2018-10-08
5651579,2018-10-16
5651579,2018-10-18
5651579,2018-10-20
5651579,2018-10-23
5651579,2018-10-25
5651579,2018-10-30
5651579,2018-11-02
5651579,2018-11-08
5651579,2018-11-11
5651579,2018-11-18
5651579,2018-11-19
5651579,2018-11-25
5651579,2018-12-04
5651579,2018-12-06
5651579,2018-12-07
5651579,2018-12-14
5651579,2018-12-16
5651579,2018-12-20
5651579,2018-12-23
5651579,2018-12-29
5651579,2019-01-05
5651579,2019-01-10
5651579,2019-01-12
5651579,2019-01-15
5651579,2019-01-17
5651579,2019-01-18
5651579,2019-01-19
5651579,2019-01-28
5651579,2019-01-30
5651579,2019-01-31
5651579,2019-02-02
5651579,2019-02-04
5651579,2019-02-12
5651579,2019-02-14
5651579,2019-02-16
5651579,2019-02-18
5651579,2019-02-25
5651579,2019-03-06
5651579,2019-03-10
5651579,2019-03-11
5651579,2019-03-12
5651579,2019-03-18
5651579,2019-03-19
5651579,2019-03-20
5651579,2019-03-22
5651579,2019-03-23
5651579,2019-03-25
5651579,2019-03-31
5651579,2019-04-01
5651579,2019-04-06
5651579,2019-04-12
5651579,2019-04-13
5651579,2019-04-14
5651579,2019-04-19
5651579,2019-04-21
5651579,2019-04-22
5651579,2019-04-26
5651579,2019-05-04
5651579,2019-05-06
5651579,2019-05-08
5651579,2019-05-09
5651579,2019-05-11
5651579,2019-05-15
5651579,2019-05-17
5651579,2019-05-29
5651579,2019-06-02
5651579,2019-06-10
5651579,2019-06-14
5651579,2019-06-15
5651579,2019-06-18
5651579,2019-06-20
5651579,2019-06-23
5651579,2019-07-04
5651579,2019-07-07
5651579,2019-07-10
5651579,2019-08-01
5651579,2019-08-18
5651579,2019-08-24
5651579,2019-09-06
5651579,2019-09-20
5651579,2019-09-22
5651579,2019-09-28
5651579,2019-09-29
5651579,2019-10-03
5651579,2019-10-06
5651579,2019-10-20
5651579,2019-11-02
5651579,2019-11-08
5651579,2019-11-19
5651579,2019-12-12
5651579,2020-01-02
5651579,2020-01-22
5651579,2020-01-23
5651579,2020-02-15
5651579,2020-03-11
5651579,2020-04-13
5651579,2020-06-14
5651579,2020-07-13
5651579,2020-10-25
5651579,2021-01-08
5651579,2021-12-30
5651579,2022-05-29
5651579,2022-08-08
5651579,2022-09-17
5651579,2022-09-23
5651579,2022-10-07
5651579,2022-10-10
5651579,2022-12-22
5651579,2023-02-08
5651579,2023-03-06
5651579,2023-03-12
5651579,2023-03-16
5651579,2023-03-20
5651579,2023-03-25
5651579,2023-03-31
5651579,2023-04-10
5651579,2023-04-15
5651579,2023-04-22
5651579,2023-05-05
5651579,2023-05-09
5651579,2023-06-18
5651579,2023-06-24
5651579,2023-07-16
5651579,2023-07-26
5651579,2023-07-29
5651579,2023-08-04
5651579,2023-08-15
5651579,2023-08-23
5651579,2023-08-29
5651579,2023-09-04
5651579,2023-09-08
5651579,2023-09-18
5651579,2023-10-24
5651579,2023-10-27
5651579,2023-11-10
5651579,2023-11-12
5651579,2024-02-01
5651579,2024-02-15
5651579,2024-02-18
5651579,2024-02-24
5651579,2024-03-07
5651579,2024-03-13
5651579,2024-03-25
5651579,2024-03-31
5651579,2024-04-04
5651579,2024-04-16
5651579,2024-04-21
5651579,2024-05-12
5651579,2024-05-23
5651579,2024-05-25
5651579,2024-06-04
5651579,2024-06-10
5651579,2024-06-13
5651579,2024-06-17
5651579,2024-06-18
5651579,2024-06-23
5651579,2024-07-01
5651579,2024-07-02
5651579,2024-07-07
5651579,2024-07-08
5651579,2024-07-11
5651579,2024-07-19
5651579,2024-07-23
5651579,2024-08-02
5651579,2024-08-04
5651579,2024-08-06
5651579,2024-08-20
5651579,2024-08-23
5651579,2024-08-26
5651579,2024-08-27
5651579,2024-09-30
5651579,2024-10-01
5651579,2024-10-11
5651579,2024-10-28
5651579,2025-02-16
5651579,2025-08-04
5651579,2025-09-15
5651579,2025-09-26
5651579,2025-09-30
5651579,2025-10-20
5651579,2025-10-30
6623339,2015-06-07
6623339,2015-06-13
6623339,2015-06-14
6623339,2015-06-19
6623339,2015-06-24
6623339,2015-06-27
6623339,2015-06-28
6623339,2015-06-29
6623339,2015-06-30
6623339,2015-07-03
6623339,2015-07-06
6623339,2015-07-11
6623339,2015-07-12
6623339,2015-07-14
6623339,2015-07-16
6623339,2015-07-19
6623339,2015-07-21
6623339,2015-07-22
6623339,2015-07-24
6623339,2015-07-30
6623339,2015-08-15
6623339,2015-12-13
6623339,2015-12-27
6623339,2015-12-28
6623339,2015-12-30
6623339,2016-01-01
6623339,2016-01-02
6623339,2016-01-08
6623339,2016-01-09
6623339,2016-02-14
6623339,2016-02-16
6623339,2016-02-24
6623339,2016-03-02
6623339,2016-03-08
6623339,2016-03-10
6623339,2016-03-10
6623339,2016-03-13
6623339,2016-03-22
6623339,2016-03-24
6623339,2016-03-31
6623339,2016-04-02
6623339,2016-04-04
6623339,2016-04-09
6623339,2016-04-24
6623339,2016-05-01
6623339,2016-05-07
6623339,2016-05-08
6623339,2016-05-10
6623339,2016-05-13
6623339,2016-05-13
6623339,2016-05-18
6623339,2016-05-20
6623339,2016-05-23
6623339,2016-05-30
6623339,2016-06-05
6623339,2016-06-10
6623339,2016-06-23
6623339,2016-07-05
6623339,2016-07-25
6623339,2016-07-25
6623339,2017-04-17
6623339,2017-04-20
6623339,2017-04-22
6623339,2017-04-23
6623339,2017-04-25
6623339,2017-04-27
6623339,2017-04-30
6623339,2017-05-11
6623339,2017-05-14
6623339,2017-05-20
6623339,2017-05-24
6623339,2017-05-29
6623339,2017-06-04
6623339,2017-06-08
6623339,2017-06-11
6623339,2017-06-17
6623339,2017-06-25
6623339,2017-06-29
6623339,2017-07-01
6623339,2017-08-31
6623339,2017-09-05
6623339,2017-09-10
6623339,2017-09-17
6623339,2017-09-24
6623339,2017-09-26
6623339,2017-09-30
6623339,2017-10-02
6623339,2017-10-04
6623339,2017-10-05
6623339,2017-10-06
6623339,2017-10-07
6623339,2017-10-09
6623339,2017-10-11
6623339,2017-10-12
6623339,2017-10-15
6623339,2017-10-17
6623339,2017-10-18
6623339,2017-10-22
6623339,2017-10-23
6623339,2017-10-29
6623339,2017-11-03
6623339,2017-11-04
6623339,2017-11-05
6623339,2017-11-09
6623339,2017-11-11
6623339,2017-11-12
6623339,2017-11-15
6623339,2017-11-16
6623339,2017-11-17
6623339,2017-11-18
6623339,2017-11-24
6623339,2017-12-03
6623339,2017-12-04
6623339,2017-12-06
6623339,2017-12-10
6623339,2017-12-15
6623339,2017-12-17
6623339,2017-12-19
6623339,2017-12-21
6623339,2017-12-22
6623339,2017-12-23
6623339,2017-12-24
6623339,2017-12-26
6623339,2017-12-27
6623339,2017-12-30
6623339,2018-01-04
6623339,2018-01-15
6623339,2018-01-23
6623339,2018-01-25
6623339,2018-01-27
6623339,2018-01-28
6623339,2018-01-29
6623339,2018-02-02
6623339,2018-02-03
6623339,2018-02-04
6623339,2018-02-14
6623339,2018-02-16
6623339,2018-02-18
6623339,2018-02-19
6623339,2018-02-23
6623339,2018-02-25
6623339,2018-02-28
6623339,2018-03-01
6623339,2018-03-02
6623339,2018-03-05
6623339,2018-03-07
6623339,2018-03-15
6623339,2018-03-17
6623339,2018-03-21
6623339,2018-03-23
6623339,2018-03-25
6623339,2018-03-28
6623339,2018-03-30
6623339,2018-04-01
6623339,2018-04-03
6623339,2018-04-07
6623339,2018-04-08
6623339,2018-04-13
6623339,2018-04-15
6623339,2018-04-18
6623339,2018-04-21
6623339,2018-04-22
6623339,2018-04-24
6623339,2018-05-03
6623339,2018-05-07
6623339,2018-05-09
6623339,2018-05-13
6623339,2018-05-15
6623339,2018-05-18
6623339,2018-05-22
6623339,2018-07-31
6623339,2018-08-02
6623339,2018-08-04
6623339,2018-08-07
6623339,2018-08-09
6623339,2018-08-12
6623339,2018-08-17
6623339,2018-08-26
6623339,2018-08-27
6623339,2018-08-29
6623339,2018-08-30
6623339,2018-09-03
6623339,2018-09-10
6623339,2018-09-15
6623339,2018-09-22
6623339,2018-09-23
6623339,2018-09-26
6623339,2018-09-29
6623339,2018-09-30
6623339,2018-10-06
6623339,2018-10-07
6623339,2018-10-08
6623339,2018-10-10
6623339,2018-10-12
6623339,2018-10-14
6623339,2018-10-17
6623339,2018-10-19
6623339,2018-10-27
6623339,2018-11-05
6623339,2018-11-07
6623339,2018-11-09
6623339,2018-11-12
6623339,2018-11-21
6623339,2018-11-25
6623339,2018-12-02
6623339,2018-12-05
6623339,2018-12-09
6623339,2018-12-24
6623339,2018-12-30
6623339,2019-01-16
6623339,2019-01-17
6623339,2019-01-23
6623339,2019-01-25
6623339,2019-02-13
6623339,2019-02-24
6623339,2019-03-02
6623339,2019-03-03
6623339,2019-03-09
6623339,2019-03-16
6623339,2019-03-17
6623339,2019-03-19
6623339,2019-03-24
6623339,2019-03-27
6623339,2019-03-30
6623339,2019-04-03
6623339,2019-04-10
6623339,2019-04-14
6623339,2019-04-18
6623339,2019-04-27
6623339,2019-05-04
6623339,2019-05-05
6623339,2019-05-06
6623339,2019-05-08
6623339,2019-05-12
6623339,2019-05-17
6623339,2019-06-22
6623339,2019-06-23
6623339,2019-06-28
6623339,2019-07-03
6623339,2019-07-06
6623339,2019-07-07
6623339,2019-07-14
6623339,2019-07-17
6623339,2019-07-21
6623339,2019-07-24
6623339,2019-08-10
6623339,2019-08-14
6623339,2019-08-20
6623339,2019-08-29
6623339,2019-09-08
6623339,2019-09-13
6623339,2019-09-21
6623339,2019-09-22
6623339,2019-09-26
6623339,2019-10-07
6623339,2019-10-14
6623339,2019-10-20
6623339,2019-10-27
6623339,2019-11-03
6623339,2019-11-17
6623339,2019-12-08
6623339,2019-12-23
6623339,2019-12-28
6623339,2019-12-30
6623339,2020-01-02
6623339,2020-02-01
6623339,2020-02-14
6623339,2020-02-15
6623339,2020-03-01
6623339,2020-03-07
6623339,2020-07-09
6623339,2020-07-19
6623339,2020-07-25
6623339,2020-10-04
6623339,2020-10-11
6623339,2020-11-08
6623339,2020-12-29
6623339,2021-01-27
6623339,2021-04-05
6623339,2021-04-15
6623339,2021-04-18
6623339,2021-05-05
6623339,2021-05-15
6623339,2021-05-16
6623339,2021-05-21
6623339,2021-05-23
6623339,2021-05-28
6623339,2021-12-31
6623339,2022-01-02
6623339,2022-05-21
6623339,2022-05-30
6623339,2022-07-10
6623339,2022-07-23
6623339,2022-07-25
6623339,2022-08-31
6623339,2022-09-04
6623339,2022-09-08
6623339,2022-09-11
6623339,2022-10-01
6623339,2022-10-12
6623339,2022-10-16
6623339,2023-03-31
6623339,2023-04-02
6623339,2023-11-19
6623339,2023-11-27
6623339,2023-12-10
6623339,2023-12-26
6623339,2024-03-24
6623339,2024-03-30
6623339,2024-04-01
6623339,2024-04-09
6623339,2024-04-16
6623339,2024-04-21
6623339,2024-04-24
6623339,2024-04-27
6623339,2024-05-05
6623339,2024-05-12
6623339,2024-06-21
6623339,2024-06-23
6623339,2024-06-29
6623339,2024-06-30
6623339,2024-07-02
6623339,2024-07-20
6623339,2024-07-22
6623339,2024-07-24
6623339,2024-07-25
6623339,2024-07-28
6623339,2024-07-31
6623339,2024-11-30
6623339,2025-02-01
6623339,2025-02-09
6623339,2025-06-30
9005989,2016-08-07
9005989,2016-08-12
9005989,2016-08-16
9005989,2016-08-19
9005989,2016-08-20
9005989,2016-08-21
9005989,2016-08-23
9005989,2016-08-26
9005989,2016-08-28
9005989,2016-08-28
9005989,2016-09-01
9005989,2016-09-03
9005989,2016-09-04
9005989,2016-09-07
9005989,2016-09-08
9005989,2016-09-09
9005989,2016-09-11
9005989,2016-09-14
9005989,2016-09-15
9005989,2016-09-16
9005989,2016-09-18
9005989,2016-10-01
9005989,2016-10-03
9005989,2016-10-10
9005989,2016-10-15
9005989,2016-10-16
9005989,2016-10-19
9005989,2016-10-20
9005989,2016-10-23
9005989,2016-10-24
9005989,2016-10-30
9005989,2016-11-07
9005989,2016-11-11
9005989,2016-11-13
9005989,2016-11-20
9005989,2016-11-23
9005989,2016-11-26
9005989,2016-11-27
9005989,2016-12-01
9005989,2016-12-08
9005989,2016-12-09
9005989,2016-12-10
9005989,2016-12-18
9005989,2016-12-26
9005989,2017-01-01
9005989,2017-01-02
9005989,2017-01-11
9005989,2017-01-23
9005989,2017-01-26
9005989,2017-01-29
9005989,2017-02-04
9005989,2017-02-10
9005989,2017-02-11
9005989,2017-02-23
9005989,2017-03-11
9005989,2017-03-13
9005989,2017-03-24
9005989,2017-03-25
9005989,2017-03-26
9005989,2017-03-29
9005989,2017-03-30
9005989,2017-04-01
9005989,2017-04-14
9005989,2017-04-16
9005989,2017-04-17
9005989,2017-04-19
9005989,2017-04-21
9005989,2017-04-23
9005989,2017-04-24
9005989,2017-04-27
9005989,2017-04-28
9005989,2017-04-30
9005989,2017-05-10
9005989,2017-05-16
9005989,2017-05-17
9005989,2017-05-19
9005989,2017-05-22
9005989,2017-05-24
9005989,2017-05-25
9005989,2017-05-30
9005989,2017-06-02
9005989,2017-06-05
9005989,2017-06-08
9005989,2017-06-12
9005989,2017-06-13
9005989,2017-06-17
9005989,2017-06-22
9005989,2017-07-05
9005989,2017-07-07
9005989,2017-07-16
9005989,2017-07-24
9005989,2017-07-27
9005989,2017-07-28
9005989,2017-07-30
9005989,2017-08-02
9005989,2017-08-04
9005989,2017-08-06
9005989,2017-08-07
9005989,2017-08-09
9005989,2017-08-14
9005989,2017-08-16
9005989,2017-08-17
9005989,2017-08-19
9005989,2017-08-20
9005989,2017-08-22
9005989,2017-08-24
9005989,2017-08-27
9005989,2017-08-31
9005989,2017-09-04
9005989,2017-09-07
9005989,2017-09-09
9005989,2017-09-15
9005989,2017-09-17
9005989,2017-09-21
9005989,2017-09-26
9005989,2017-10-01
9005989,2017-10-04
9005989,2017-10-06
9005989,2017-10-07
9005989,2017-10-09
9005989,2017-10-12
9005989,2017-10-14
9005989,2017-10-15
9005989,2017-10-20
9005989,2017-10-24
9005989,2017-10-26
9005989,2017-10-27
9005989,2017-10-28
9005989,2017-10-29
9005989,2017-11-03
9005989,2017-11-11
9005989,2017-11-13
9005989,2017-11-15
9005989,2017-11-16
9005989,2017-11-17
9005989,2017-11-19
9005989,2017-11-22
9005989,2017-11-25
9005989,2017-11-30
9005989,2017-12-03
9005989,2017-12-07
9005989,2017-12-08
9005989,2017-12-09
9005989,2017-12-10
9005989,2017-12-12
9005989,2017-12-17
9005989,2017-12-19
9005989,2017-12-22
9005989,2017-12-28
9005989,2017-12-30
9005989,2018-01-09
9005989,2018-01-10
9005989,2018-01-14
9005989,2018-01-21
9005989,2018-01-23
9005989,2018-01-28
9005989,2018-01-31
9005989,2018-02-03
9005989,2018-02-04
9005989,2018-02-06
9005989,2018-02-13
9005989,2018-02-14
9005989,2018-02-21
9005989,2018-02-23
9005989,2018-02-28
9005989,2018-03-04
9005989,2018-03-11
9005989,2018-03-16
9005989,2018-03-17
9005989,2018-03-18
9005989,2018-03-21
9005989,2018-03-27
9005989,2018-03-28
9005989,2018-03-31
9005989,2018-04-15
9005989,2018-04-21
9005989,2018-04-22
9005989,2018-04-23
9005989,2018-04-26
9005989,2018-04-27
9005989,2018-04-29
9005989,2018-05-05
9005989,2018-05-06
9005989,2018-05-07
9005989,2018-05-08
9005989,2018-05-20
9005989,2018-05-25
9005989,2018-05-27
9005989,2018-05-29
9005989,2018-06-05
9005989,2018-06-07
9005989,2018-06-09
9005989,2018-06-10
9005989,2018-06-12
9005989,2018-06-17
9005989,2018-06-20
9005989,2018-06-24
9005989,2018-06-25
9005989,2018-06-27
9005989,2018-07-02
9005989,2018-07-20
9005989,2018-07-23
9005989,2018-07-30
9005989,2018-08-05
9005989,2018-08-11
9005989,2018-08-12
9005989,2018-08-15
9005989,2018-08-16
9005989,2018-08-21
9005989,2018-08-30
9005989,2018-09-02
9005989,2018-09-06
9005989,2018-09-08
9005989,2018-09-10
9005989,2018-09-11
9005989,2018-09-12
9005989,2018-09-17
9005989,2018-09-22
9005989,2018-09-23
9005989,2018-09-24
9005989,2018-09-26
9005989,2018-09-29
9005989,2018-09-30
9005989,2018-10-04
9005989,2018-10-06
9005989,2018-10-08
9005989,2018-10-15
9005989,2018-10-16
9005989,2018-10-18
9005989,2018-10-20
9005989,2018-10-21
9005989,2018-10-26
9005989,2018-10-30
9005989,2018-11-02
9005989,2018-11-04
9005989,2018-11-05
9005989,2018-11-07
9005989,2018-11-11
9005989,2018-11-16
9005989,2018-11-18
9005989,2018-11-25
9005989,2018-12-01
9005989,2018-12-06
9005989,2018-12-16
9005989,2018-12-18
9005989,2018-12-19
9005989,2019-01-07
9005989,2019-01-13
9005989,2019-01-21
9005989,2019-01-29
9005989,2019-02-02
9005989,2019-02-10
9005989,2019-02-17
9005989,2019-02-20
9005989,2019-02-28
9005989,2019-03-02
9005989,2019-03-03
9005989,2019-03-09
9005989,2019-03-10
9005989,2019-03-12
9005989,2019-03-14
9005989,2019-03-16
9005989,2019-03-17
9005989,2019-03-19
9005989,2019-03-20
9005989,2019-04-07
9005989,2019-04-08
9005989,2019-04-09
9005989,2019-04-10
9005989,2019-04-13
9005989,2019-04-18
9005989,2019-04-21
9005989,2019-04-28
9005989,2019-04-30
9005989,2019-05-03
9005989,2019-05-05
9005989,2019-05-06
9005989,2019-05-12
9005989,2019-05-16
9005989,2019-05-19
9005989,2019-05-27
9005989,2019-05-29
9005989,2019-06-02
9005989,2019-06-08
9005989,2019-06-14
9005989,2019-06-18
9005989,2019-06-22
9005989,2019-06-29
9005989,2019-07-01
9005989,2019-07-06
9005989,2019-07-12
9005989,2019-07-14
9005989,2019-07-18
9005989,2019-07-20
9005989,2019-07-21
9005989,2019-07-22
9005989,2019-07-26
9005989,2019-08-07
9005989,2019-08-09
9005989,2019-08-10
9005989,2019-08-11
9005989,2019-08-13
9005989,2019-08-14
9005989,2019-08-15
9005989,2019-08-17
9005989,2019-08-18
9005989,2019-08-22
9005989,2019-08-23
9005989,2019-08-24
9005989,2019-08-25
9005989,2019-08-31
9005989,2019-09-02
9005989,2019-09-03
9005989,2019-09-05
9005989,2019-09-06
9005989,2019-09-08
9005989,2019-09-09
9005989,2019-09-14
9005989,2019-09-20
9005989,2019-09-21
9005989,2019-09-22
9005989,2019-10-02
9005989,2019-10-06
9005989,2019-10-07
9005989,2019-10-08
9005989,2019-10-09
9005989,2019-10-10
9005989,2019-10-12
9005989,2019-10-15
9005989,2019-10-20
9005989,2019-10-21
9005989,2019-10-25
9005989,2019-10-26
9005989,2019-10-31
9005989,2019-11-02
9005989,2019-11-03
9005989,2019-11-06
9005989,2019-11-09
9005989,2019-11-15
9005989,2019-11-18
9005989,2019-11-22
9005989,2019-11-24
9005989,2019-12-01
9005989,2019-12-04
9005989,2019-12-08
9005989,2019-12-27
9005989,2019-12-30
9005989,2020-01-01
9005989,2020-01-05
9005989,2020-01-08
9005989,2020-01-09
9005989,2020-01-12
9005989,2020-01-16
9005989,2020-01-18
9005989,2020-01-19
9005989,2020-01-20
9005989,2020-01-26
9005989,2020-01-29
9005989,2020-02-01
9005989,2020-02-02
9005989,2020-02-16
9005989,2020-02-27
9005989,2020-02-28
9005989,2020-03-01
9005989,2020-03-06
9005989,2020-03-08
9005989,2020-03-10
9005989,2020-03-12
9005989,2020-03-15
9005989,2020-04-05
9005989,2020-04-16
9005989,2020-05-11
9005989,2020-05-18
9005989,2020-05-24
9005989,2020-05-25
9005989,2020-05-26
9005989,2020-06-12
9005989,2020-06-13
9005989,2020-06-20
9005989,2020-06-26
9005989,2020-06-30
9005989,2020-07-08
9005989,2020-08-09
9005989,2020-08-14
9005989,2020-08-16
9005989,2020-08-19
9005989,2020-09-01
9005989,2020-09-09
9005989,2020-09-13
9005989,2020-10-02
9005989,2020-10-04
9005989,2020-10-06
9005989,2020-10-11
9005989,2020-10-19
9005989,2020-10-25
9005989,2020-10-26
9005989,2020-10-30
9005989,2020-11-29
9005989,2020-12-07
9005989,2020-12-13
9005989,2020-12-27
9005989,2021-02-01
9005989,2021-02-14
9005989,2021-02-15
9005989,2021-02-18
9005989,2021-03-15
9005989,2021-04-09
9005989,2021-04-11
9005989,2021-04-24
9005989,2021-04-25
9005989,2021-04-29
9005989,2021-05-02
9005989,2021-05-04
9005989,2021-05-07
9005989,2021-05-16
9005989,2021-05-22
9005989,2021-05-28
9005989,2021-05-31
9005989,2021-06-01
9005989,2021-06-02
9005989,2021-06-06
9005989,2021-06-07
9005989,2021-06-11
9005989,2021-06-14
9005989,2021-06-15
9005989,2021-06-22
9005989,2021-06-27
9005989,2021-07-07
9005989,2021-07-08
9005989,2021-07-28
9005989,2021-08-02
9005989,2021-08-04
9005989,2021-08-08
9005989,2021-08-09
9005989,2021-08-13
9005989,2021-08-15
9005989,2021-08-19
9005989,2021-08-27
9005989,2021-08-29
9005989,2021-09-03
9005989,2021-09-04
9005989,2021-09-05
9005989,2021-09-06
9005989,2021-09-07
9005989,2021-09-10
9005989,2021-09-11
9005989,2021-09-12
9005989,2021-09-19
9005989,2021-09-28
9005989,2021-10-01
9005989,2021-10-02
9005989,2021-10-03
9005989,2021-10-05
9005989,2021-10-09
9005989,2021-10-10
9005989,2021-10-11
9005989,2021-10-15
9005989,2021-10-17
9005989,2021-10-19
9005989,2021-10-22
9005989,2021-10-27
9005989,2021-10-31
9005989,2021-11-05
9005989,2021-11-12
9005989,2021-11-19
9005989,2021-11-21
9005989,2021-12-03
9005989,2021-12-05
9005989,2021-12-18
9005989,2021-12-19
9005989,2021-12-24
9005989,2021-12-27
9005989,2021-12-30
9005989,2022-01-01
9005989,2022-01-09
9005989,2022-01-15
9005989,2022-01-16
9005989,2022-01-17
9005989,2022-01-23
9005989,2022-02-05
9005989,2022-02-06
9005989,2022-02-14
9005989,2022-02-18
9005989,2022-02-27
9005989,2022-03-06
9005989,2022-03-11
9005989,2022-03-13
9005989,2022-03-16
9005989,2022-03-21
9005989,2022-03-28
9005989,2022-03-30
9005989,2022-04-06
9005989,2022-04-16
9005989,2022-04-17
9005989,2022-04-25
9005989,2022-04-30
9005989,2022-05-08
9005989,2022-05-11
9005989,2022-05-19
9005989,2022-05-21
9005989,2022-05-30
9005989,2022-06-01
9005989,2022-06-05
9005989,2022-06-11
9005989,2022-06-21
9005989,2022-06-22
9005989,2022-06-24
9005989,2022-07-07
9005989,2022-07-09
9005989,2022-07-16
9005989,2022-07-21
9005989,2022-07-25
9005989,2022-08-18
9005989,2022-08-19
9005989,2022-08-21
9005989,2022-09-04
9005989,2022-09-18
9005989,2022-10-05
9005989,2022-10-06
9005989,2022-10-09
9005989,2022-10-16
9005989,2022-10-17
9005989,2022-10-30
9005989,2022-11-05
9005989,2022-11-12
9005989,2022-11-18
9005989,2022-12-04
9005989,2022-12-05
9005989,2022-12-11
9005989,2023-01-01
9005989,2023-01-11
9005989,2023-01-12
9005989,2023-01-15
9005989,2023-01-16
9005989,2023-01-21
9005989,2023-01-29
9005989,2023-02-05
9005989,2023-02-12
9005989,2023-02-18
9005989,2023-02-19
9005989,2023-02-24
9005989,2023-03-13
9005989,2023-03-18
9005989,2023-03-19
9005989,2023-03-22
9005989,2023-03-26
9005989,2023-03-28
9005989,2023-04-02
9005989,2023-04-16
9005989,2023-04-23
9005989,2023-05-03
9005989,2023-05-26
9005989,2023-06-01
9005989,2023-06-17
9005989,2023-06-18
9005989,2023-06-23
9005989,2023-07-16
9005989,2023-07-18
9005989,2023-07-29
9005989,2023-08-04
9005989,2023-08-06
9005989,2023-08-11
9005989,2023-08-14
9005989,2023-08-20
9005989,2023-09-10
9005989,2023-09-20
9005989,2023-09-24
9005989,2023-10-15
9005989,2023-10-21
9005989,2023-10-26
9005989,2023-10-29
9005989,2023-12-02
9005989,2023-12-03
9005989,2023-12-12
9005989,2023-12-17
9005989,2024-01-01
9005989,2024-01-13
9005989,2024-01-28
9005989,2024-02-03
9005989,2024-02-18
9005989,2024-02-25
9005989,2024-03-17
9005989,2024-03-23
9005989,2024-04-07
9005989,2024-04-08
9005989,2024-04-12
9005989,2024-04-16
9005989,2024-04-28
9005989,2024-05-17
9005989,2024-05-27
9005989,2024-06-01
9005989,2024-06-09
9005989,2024-06-14
9005989,2024-06-16
9005989,2024-06-23
9005989,2024-07-02
9005989,2024-07-07
9005989,2024-07-17
9005989,2024-11-03
9005989,2024-11-10
9005989,2024-11-16
9005989,2024-11-17
9005989,2024-11-22
9005989,2024-12-07
9005989,2024-12-08
9005989,2024-12-29
9005989,2025-01-20
9005989,2025-01-23
9005989,2025-01-31
9005989,2025-02-09
9005989,2025-02-16
9005989,2025-03-02
9005989,2025-03-09
9005989,2025-03-16
9005989,2025-03-22
9005989,2025-03-28
9005989,2025-04-13
9005989,2025-04-19
9005989,2025-05-03
9005989,2025-05-08
9005989,2025-06-21
9005989,2025-07-31
9005989,2025-08-03
9501054,2016-02-02
9501054,2016-02-10
9501054,2016-02-13
9501054,2016-02-16
9501054,2016-03-24
9501054,2016-03-25
9501054,2016-03-28
9501054,2016-04-15
9501054,2016-04-23
9501054,2016-04-24
9501054,2016-04-27
9501054,2016-05-01
9501054,2016-05-06
9501054,2016-05-13
9501054,2016-05-16
9501054,2016-05-24
9501054,2016-05-29
9501054,2016-06-01
9501054,2016-06-26
9501054,2016-06-29
9501054,2016-07-13
9501054,2016-07-14
9501054,2016-08-07
9501054,2016-08-24
9501054,2016-08-26
9501054,2016-08-29
9501054,2016-09-02
9501054,2016-09-10
9501054,2016-09-15
9501054,2016-09-18
9501054,2016-09-29
9501054,2016-09-30
9501054,2016-10-01
9501054,2016-10-04
9501054,2016-10-05
9501054,2016-10-06
9501054,2016-10-18
9501054,2016-10-19
9501054,2016-10-20
9501054,2016-11-11
9501054,2016-11-14
9501054,2016-11-17
9501054,2016-12-04
9501054,2016-12-07
9501054,2016-12-09
9501054,2016-12-10
9501054,2016-12-13
9501054,2016-12-30
9501054,2017-01-01
9501054,2017-01-31
9501054,2017-02-07
9501054,2017-02-16
9501054,2017-02-18
9501054,2017-02-23
9501054,2017-03-02
9501054,2017-03-05
9501054,2017-03-08
9501054,2017-03-15
9501054,2017-03-19
9501054,2017-03-30
9501054,2017-04-01
9501054,2017-04-05
9501054,2017-04-08
9501054,2017-04-28
9501054,2017-04-29
9501054,2017-05-09
9501054,2017-05-10
9501054,2017-05-14
9501054,2017-05-25
9501054,2017-05-27
9501054,2017-06-07
9501054,2017-06-08
9501054,2017-06-13
9501054,2017-06-14
9501054,2017-06-26
9501054,2017-06-29
9501054,2017-07-09
9501054,2017-07-21
9501054,2017-07-24
9501054,2017-07-26
9501054,2017-07-29
9501054,2017-08-02
9501054,2017-08-03
9501054,2017-08-10
9501054,2017-08-13
9501054,2017-08-23
9501054,2017-09-05
9501054,2017-09-10
9501054,2017-09-12
9501054,2017-09-23
9501054,2017-09-24
9501054,2017-09-27
9501054,2017-09-30
9501054,2017-10-01
9501054,2017-10-02
9501054,2017-10-05
9501054,2017-10-07
9501054,2017-10-09
9501054,2017-10-13
9501054,2017-10-15
9501054,2017-10-21
9501054,2017-10-29
9501054,2017-10-30
9501054,2017-11-03
9501054,2017-11-12
9501054,2017-11-16
9501054,2017-11-19
9501054,2017-11-20
9501054,2017-11-30
9501054,2017-12-13
9501054,2017-12-15
9501054,2017-12-19
9501054,2017-12-23
9501054,2017-12-29
9501054,2017-12-31
9501054,2018-01-01
9501054,2018-01-03
9501054,2018-01-05
9501054,2018-01-06
9501054,2018-01-12
9501054,2018-01-14
9501054,2018-01-17
9501054,2018-01-18
9501054,2018-01-24
9501054,2018-01-28
9501054,2018-01-30
9501054,2018-02-04
9501054,2018-02-11
9501054,2018-02-13
9501054,2018-02-22
9501054,2018-02-25
9501054,2018-03-10
9501054,2018-03-12
9501054,2018-03-15
9501054,2018-03-16
9501054,2018-03-17
9501054,2018-03-22
9501054,2018-03-26
9501054,2018-03-30
9501054,2018-04-04
9501054,2018-04-08
9501054,2018-04-10
9501054,2018-04-13
9501054,2018-04-15
9501054,2018-04-17
9501054,2018-04-23
9501054,2018-04-24
9501054,2018-04-25
9501054,2018-04-28
9501054,2018-05-04
9501054,2018-05-04
9501054,2018-05-08
9501054,2018-05-17
9501054,2018-05-20
9501054,2018-05-21
9501054,2018-05-22
9501054,2018-05-23
9501054,2018-05-24
9501054,2018-05-29
9501054,2018-06-05
9501054,2018-06-07
9501054,2018-06-10
9501054,2018-06-16
9501054,2018-06-17
9501054,2018-06-19
9501054,2018-06-21
9501054,2018-06-23
9501054,2018-06-24
9501054,2018-06-28
9501054,2018-07-01
9501054,2018-07-02
9501054,2018-07-05
9501054,2018-07-07
9501054,2018-07-08
9501054,2018-07-09
9501054,2018-07-13
9501054,2018-07-14
9501054,2018-07-16
9501054,2018-07-17
9501054,2018-07-18
9501054,2018-07-20
9501054,2018-07-21
9501054,2018-07-23
9501054,2018-07-31
9501054,2018-08-02
9501054,2018-08-03
9501054,2018-08-10
9501054,2018-08-11
9501054,2018-08-12
9501054,2018-08-13
9501054,2018-08-15
9501054,2018-08-16
9501054,2018-08-20
9501054,2018-08-24
9501054,2018-08-26
9501054,2018-08-27
9501054,2018-08-28
9501054,2018-08-30
9501054,2018-08-31
9501054,2018-09-02
9501054,2018-09-05
9501054,2018-09-09
9501054,2018-09-23
9501054,2018-09-25
9501054,2018-09-26
9501054,2018-09-29
9501054,2018-09-30
9501054,2018-10-01
9501054,2018-10-04
9501054,2018-10-10
9501054,2018-10-12
9501054,2018-10-14
9501054,2018-10-22
9501054,2018-10-26
9501054,2018-10-28
9501054,2018-11-02
9501054,2018-11-08
9501054,2018-11-09
9501054,2018-11-11
9501054,2018-11-16
9501054,2018-11-18
9501054,2018-11-19
9501054,2018-11-24
9501054,2018-11-25
9501054,2018-11-28
9501054,2018-12-05
9501054,2018-12-07
9501054,2018-12-12
9501054,2018-12-14
9501054,2018-12-16
9501054,2019-01-10
9501054,2019-01-17
9501054,2019-01-27
9501054,2019-01-30
9501054,2019-02-16
9501054,2019-02-24
9501054,2019-03-05
9501054,2019-03-12
9501054,2019-03-21
9501054,2019-03-26
9501054,2019-04-07
9501054,2019-04-10
9501054,2019-04-16
9501054,2019-04-26
9501054,2019-04-30
9501054,2019-05-04
9501054,2019-05-19
9501054,2019-06-11
9501054,2019-06-15
9501054,2019-07-02
9501054,2019-07-11
9501054,2019-08-29
9501054,2019-09-04
9501054,2019-09-07
9501054,2019-10-02
9501054,2019-11-07
9501054,2020-01-07
9501054,2020-01-26
9501054,2020-02-09
9501054,2020-02-14
9501054,2020-03-25
9501054,2020-04-09
9501054,2020-05-13
9501054,2020-06-10
9501054,2020-10-13
9501054,2021-03-17
9501054,2021-03-30
9501054,2021-04-08
9501054,2021-05-10
9501054,2021-06-14
9501054,2021-07-30
9501054,2021-08-13
9501054,2021-08-16
9501054,2021-08-22
9501054,2021-08-24
9501054,2021-09-02
9501054,2021-09-09
9501054,2021-09-11
9501054,2021-09-15
9501054,2021-09-18
9501054,2021-09-24
9501054,2021-09-26
9501054,2021-10-03
9501054,2021-10-06
9501054,2021-10-10
9501054,2021-10-16
9501054,2022-04-03
9501054,2022-04-06
9501054,2022-04-10
9501054,2022-04-18
9501054,2022-04-24
9501054,2022-04-29
9501054,2022-05-01
9501054,2022-05-03
9501054,2022-05-05
9501054,2022-05-07
9501054,2022-05-22
9501054,2022-05-26
9501054,2022-05-30
9501054,2022-06-02
9501054,2022-06-04
9501054,2022-06-20
9501054,2022-06-29
9501054,2022-07-16
9501054,2022-07-21
9501054,2022-07-30
9501054,2022-08-08
9501054,2022-08-29
9501054,2022-08-31
9501054,2022-09-19
9501054,2022-09-25
9501054,2022-09-30
9501054,2022-10-02
9501054,2022-10-04
9501054,2022-10-07
9501054,2022-10-09
9501054,2022-10-11
9501054,2022-10-30
9501054,2022-11-03
9501054,2022-11-10
9501054,2022-11-15
9501054,2022-11-17
9501054,2022-12-31
9501054,2023-01-04
9501054,2023-02-03
9501054,2023-02-10
9501054,2023-02-17
9501054,2023-02-22
9501054,2023-02-26
9501054,2023-03-10
9501054,2023-03-12
9501054,2023-03-15
9501054,2023-03-19
9501054,2023-03-24
9501054,2023-03-26
9501054,2023-04-01
9501054,2023-04-17
9501054,2023-04-22
9501054,2023-04-29
9501054,2023-05-03
9501054,2023-05-07
9501054,2023-05-12
9501054,2023-05-15
9501054,2023-05-29
9501054,2023-06-14
9501054,2023-07-16
9501054,2023-07-29
9501054,2023-08-04
9501054,2023-08-07
9501054,2023-08-12
9501054,2023-08-25
9501054,2023-08-28
9501054,2023-09-04
9501054,2023-09-12
9501054,2023-09-14
9501054,2023-09-18
9501054,2023-09-30
9501054,2023-10-11
9501054,2023-11-12
9501054,2023-11-20
9501054,2023-12-03
9501054,2023-12-28
9501054,2024-01-12
9501054,2024-01-22
9501054,2024-02-16
9501054,2024-02-18
9501054,2024-02-29
9501054,2024-03-05
9501054,2024-03-07
9501054,2024-03-11
9501054,2024-03-12
9501054,2024-03-14
9501054,2024-03-25
9501054,2024-03-29
9501054,2024-04-01
9501054,2024-04-03
9501054,2024-04-05
9501054,2024-04-17
9501054,2024-04-18
9501054,2024-05-02
9501054,2024-05-11
9501054,2024-05-20
9501054,2024-05-23
9501054,2024-06-01
9501054,2024-06-13
9501054,2024-06-17
9501054,2024-07-01
9501054,2024-07-11
9501054,2024-07-21
9501054,2024-07-31
9501054,2024-08-01
9501054,2024-08-28
9501054,2024-09-16
9501054,2024-09-19
9501054,2024-09-25
9501054,2024-09-27
9501054,2024-10-12
9501054,2024-10-14
9501054,2024-10-23
9501054,2024-10-27
9501054,2024-10-30
9501054,2024-11-04
9501054,2024-11-05
9501054,2024-11-11
9501054,2025-01-03
9501054,2025-01-22
9501054,2025-01-24
9501054,2025-01-29
9501054,2025-02-04
9501054,2025-02-05
9501054,2025-02-22
9501054,2025-03-14
9501054,2025-03-15
9501054,2025-04-08
9501054,2025-04-25
9501054,2025-05-05
9501054,2025-05-17
9501054,2025-05-31
9501054,2025-06-05
9501054,2025-06-07
9501054,2025-06-08
9501054,2025-06-11
9501054,2025-06-20
9501054,2025-06-25
9501054,2025-07-01
9501054,2025-07-03
9501054,2025-07-20
9501054,2025-07-22
9501054,2025-07-27
9501054,2025-08-08
9501054,2025-08-13
9501054,2025-08-29
9501054,2025-09-14
9501054,2025-10-03
9501054,2025-10-04
9501054,2025-10-11
9501054,2025-10-18
10768745,2016-02-05
10768745,2016-04-07
10768745,2016-05-06
10768745,2016-05-16
10768745,2016-05-27
10768745,2016-06-30
10768745,2016-07-05
10768745,2016-07-18
10768745,2016-07-25
10768745,2016-07-27
10768745,2016-08-09
10768745,2016-08-21
10768745,2016-08-27
10768745,2016-08-27
10768745,2016-08-28
10768745,2016-09-18
10768745,2016-09-20
10768745,2016-09-26
10768745,2016-10-07
10768745,2016-10-11
10768745,2016-10-14
10768745,2016-10-23
10768745,2016-10-29
10768745,2016-11-13
10768745,2016-11-16
10768745,2016-11-27
10768745,2016-11-30
10768745,2016-12-04
10768745,2016-12-10
10768745,2016-12-13
10768745,2016-12-18
10768745,2016-12-25
10768745,2016-12-30
10768745,2017-01-03
10768745,2017-01-11
10768745,2017-01-12
10768745,2017-01-16
10768745,2017-01-20
10768745,2017-01-21
10768745,2017-01-22
10768745,2017-01-24
10768745,2017-01-26
10768745,2017-02-11
10768745,2017-02-17
10768745,2017-02-22
10768745,2017-03-04
10768745,2017-03-10
10768745,2017-03-11
10768745,2017-05-07
10768745,2017-05-08
10768745,2017-05-19
10768745,2017-05-21
10768745,2017-05-24
10768745,2017-06-04
10768745,2017-06-12
10768745,2017-06-25
10768745,2017-07-01
10768745,2017-07-04
10768745,2017-07-09
10768745,2017-07-13
10768745,2017-07-19
10768745,2017-07-22
10768745,2017-07-23
10768745,2017-07-27
10768745,2017-07-29
10768745,2017-08-05
10768745,2017-08-11
10768745,2017-08-12
10768745,2017-08-13
10768745,2017-08-15
10768745,2017-08-26
10768745,2017-08-27
10768745,2017-08-30
10768745,2017-09-03
10768745,2017-09-05
10768745,2017-09-08
10768745,2017-09-10
10768745,2017-09-11
10768745,2017-09-13
10768745,2017-09-15
10768745,2017-09-16
10768745,2017-09-18
10768745,2017-09-24
10768745,2017-09-25
10768745,2017-10-01
10768745,2017-10-07
10768745,2017-10-10
10768745,2017-10-14
10768745,2017-10-15
10768745,2017-10-18
10768745,2017-10-20
10768745,2017-10-25
10768745,2017-10-28
10768745,2017-10-29
10768745,2017-11-01
10768745,2017-11-03
10768745,2017-11-05
10768745,2017-11-19
10768745,2017-11-21
10768745,2017-11-23
10768745,2017-11-26
10768745,2017-11-27
10768745,2017-12-09
10768745,2017-12-11
10768745,2017-12-13
10768745,2017-12-18
10768745,2017-12-24
10768745,2018-01-03
10768745,2018-01-09
10768745,2018-01-12
10768745,2018-01-13
10768745,2018-01-19
10768745,2018-01-22
10768745,2018-01-29
10768745,2018-02-10
10768745,2018-02-12
10768745,2018-02-19
10768745,2018-02-24
10768745,2018-02-25
10768745,2018-03-01
10768745,2018-03-02
10768745,2018-03-04
10768745,2018-03-07
10768745,2018-03-11
10768745,2018-03-14
10768745,2018-03-20
10768745,2018-03-22
10768745,2018-03-29
10768745,2018-03-30
10768745,2018-04-12
10768745,2018-04-16
10768745,2018-04-18
10768745,2018-04-20
10768745,2018-04-26
10768745,2018-04-30
10768745,2018-05-06
10768745,2018-05-09
10768745,2018-05-10
10768745,2018-05-17
10768745,2018-05-22
10768745,2018-05-24
10768745,2018-05-26
10768745,2018-05-27
10768745,2018-06-06
10768745,2018-06-08
10768745,2018-06-09
10768745,2018-06-11
10768745,2018-06-14
10768745,2018-06-17
10768745,2018-06-22
10768745,2018-06-23
10768745,2018-06-30
10768745,2018-07-01
10768745,2018-07-21
10768745,2018-07-25
10768745,2018-07-29
10768745,2018-08-03
10768745,2018-08-04
10768745,2018-08-05
10768745,2018-08-07
10768745,2018-08-09
10768745,2018-08-11
10768745,2018-08-12
10768745,2018-08-15
10768745,2018-08-18
10768745,2018-08-20
10768745,2018-08-29
10768745,2018-09-01
10768745,2018-09-13
10768745,2018-09-16
10768745,2018-09-17
10768745,2018-09-22
10768745,2018-09-25
10768745,2018-09-29
10768745,2018-09-30
10768745,2018-10-04
10768745,2018-10-11
10768745,2018-10-20
10768745,2018-10-21
10768745,2018-10-26
10768745,2018-10-27
10768745,2018-10-29
10768745,2018-11-07
10768745,2018-11-12
10768745,2018-11-16
10768745,2018-11-17
10768745,2018-11-28
10768745,2018-12-03
10768745,2018-12-09
10768745,2018-12-15
10768745,2018-12-16
10768745,2018-12-19
10768745,2018-12-20
10768745,2018-12-21
10768745,2018-12-22
10768745,2018-12-30
10768745,2019-01-06
10768745,2019-01-11
10768745,2019-01-12
10768745,2019-01-25
10768745,2019-01-27
10768745,2019-01-30
10768745,2019-02-10
10768745,2019-02-13
10768745,2019-02-15
10768745,2019-02-17
10768745,2019-02-23
10768745,2019-02-27
10768745,2019-03-03
10768745,2019-03-04
10768745,2019-03-07
10768745,2019-03-10
10768745,2019-03-17
10768745,2019-03-20
10768745,2019-03-22
10768745,2019-04-03
10768745,2019-04-04
10768745,2019-04-07
10768745,2019-04-08
10768745,2019-04-09
10768745,2019-04-10
10768745,2019-05-02
10768745,2019-05-04
10768745,2019-05-05
10768745,2019-05-08
10768745,2019-05-09
10768745,2019-05-10
10768745,2019-05-18
10768745,2019-05-24
10768745,2019-05-30
10768745,2019-06-05
10768745,2019-06-14
10768745,2019-06-19
10768745,2019-06-23
10768745,2019-06-24
10768745,2019-06-25
10768745,2019-06-26
10768745,2019-06-30
10768745,2019-07-07
10768745,2019-07-20
10768745,2019-07-21
10768745,2019-07-24
10768745,2019-07-30
10768745,2019-07-31
10768745,2019-08-03
10768745,2019-08-06
10768745,2019-08-10
10768745,2019-08-14
10768745,2019-08-15
10768745,2019-08-19
10768745,2019-08-30
10768745,2019-09-04
10768745,2019-09-06
10768745,2019-09-15
10768745,2019-09-19
10768745,2019-09-21
10768745,2019-09-22
10768745,2019-09-29
10768745,2019-10-02
10768745,2019-10-06
10768745,2019-10-07
10768745,2019-10-10
10768745,2019-10-12
10768745,2019-10-15
10768745,2019-10-16
10768745,2019-10-17
10768745,2019-10-20
10768745,2019-10-21
10768745,2019-10-24
10768745,2019-10-26
10768745,2019-10-31
10768745,2019-11-16
10768745,2019-11-20
10768745,2019-11-21
10768745,2019-11-24
10768745,2019-11-26
10768745,2019-11-29
10768745,2019-12-02
10768745,2019-12-05
10768745,2019-12-07
10768745,2019-12-08
10768745,2019-12-11
10768745,2019-12-12
10768745,2019-12-15
10768745,2019-12-21
10768745,2019-12-29
10768745,2020-01-15
10768745,2020-01-17
10768745,2020-01-19
10768745,2020-01-22
10768745,2020-02-08
10768745,2020-02-17
10768745,2020-02-21
10768745,2020-02-22
10768745,2020-03-04
10768745,2020-03-09
10768745,2020-03-15
10768745,2020-03-22
10768745,2020-03-23
10768745,2020-03-24
10768745,2020-04-23
10768745,2020-04-26
10768745,2020-05-17
10768745,2020-05-19
10768745,2020-05-25
10768745,2020-05-27
10768745,2020-06-01
10768745,2020-06-03
10768745,2020-06-08
10768745,2020-06-10
10768745,2020-06-13
10768745,2020-06-14
10768745,2020-06-17
10768745,2020-06-21
10768745,2020-06-27
10768745,2020-06-30
10768745,2020-07-05
10768745,2020-07-13
10768745,2020-07-17
10768745,2020-07-19
10768745,2020-07-30
10768745,2020-08-02
10768745,2020-08-03
10768745,2020-08-04
10768745,2020-08-05
10768745,2020-08-06
10768745,2020-08-07
10768745,2020-08-09
10768745,2020-08-13
10768745,2020-08-16
10768745,2020-08-31
10768745,2020-09-04
10768745,2020-09-07
10768745,2020-09-10
10768745,2020-09-11
10768745,2020-09-13
10768745,2020-09-16
10768745,2020-09-20
10768745,2020-09-24
10768745,2020-09-25
10768745,2020-10-12
10768745,2020-10-14
10768745,2020-10-15
10768745,2020-10-16
10768745,2020-10-23
10768745,2020-10-30
10768745,2020-11-01
10768745,2020-11-05
10768745,2020-11-11
10768745,2020-11-12
10768745,2020-11-25
10768745,2020-12-04
10768745,2020-12-11
10768745,2020-12-18
10768745,2020-12-24
10768745,2020-12-27
10768745,2020-12-31
10768745,2021-01-09
10768745,2021-03-09
10768745,2021-03-12
10768745,2021-03-14
10768745,2021-03-17
10768745,2021-03-18
10768745,2021-03-20
10768745,2021-03-25
10768745,2021-03-28
10768745,2021-03-31
10768745,2021-04-12
10768745,2021-04-17
10768745,2021-04-26
10768745,2021-04-27
10768745,2021-04-29
10768745,2021-05-02
10768745,2021-05-03
10768745,2021-05-08
10768745,2021-05-10
10768745,2021-05-13
10768745,2021-05-14
10768745,2021-05-22
10768745,2021-05-24
10768745,2021-05-28
10768745,2021-05-29
10768745,2021-06-06
10768745,2021-06-11
10768745,2021-06-12
10768745,2021-06-16
10768745,2021-06-19
10768745,2021-06-26
10768745,2021-07-01
10768745,2021-07-12
10768745,2021-07-17
10768745,2021-07-25
10768745,2021-07-26
10768745,2021-07-30
10768745,2021-07-31
10768745,2021-08-03
10768745,2021-08-07
10768745,2021-08-08
10768745,2021-08-12
10768745,2021-08-17
10768745,2021-08-18
10768745,2021-08-20
10768745,2021-08-21
10768745,2021-08-22
10768745,2021-08-24
10768745,2021-08-25
10768745,2021-09-04
10768745,2021-09-08
10768745,2021-09-09
10768745,2021-09-15
10768745,2021-09-17
10768745,2021-09-22
10768745,2021-09-27
10768745,2021-09-28
10768745,2021-09-30
10768745,2021-10-06
10768745,2021-10-08
10768745,2021-10-10
10768745,2021-10-12
10768745,2021-10-13
10768745,2021-10-16
10768745,2021-10-27
10768745,2021-10-31
10768745,2021-11-02
10768745,2021-11-04
10768745,2021-11-05
10768745,2021-11-06
10768745,2021-11-11
10768745,2021-11-13
10768745,2021-11-15
10768745,2021-11-16
10768745,2021-11-17
10768745,2021-11-18
10768745,2021-11-19
10768745,2021-11-20
10768745,2021-11-21
10768745,2021-11-22
10768745,2021-11-27
10768745,2021-11-28
10768745,2021-12-01
10768745,2021-12-03
10768745,2021-12-04
10768745,2021-12-09
10768745,2021-12-14
10768745,2021-12-15
10768745,2021-12-19
10768745,2021-12-25
10768745,2022-01-31
10768745,2022-02-06
10768745,2022-02-10
10768745,2022-02-15
10768745,2022-02-17
10768745,2022-02-18
10768745,2022-02-21
10768745,2022-02-26
10768745,2022-03-03
10768745,2022-03-05
10768745,2022-03-10
10768745,2022-03-18
10768745,2022-03-19
10768745,2022-03-20
10768745,2022-03-21
10768745,2022-03-24
10768745,2022-03-25
10768745,2022-03-27
10768745,2022-04-05
10768745,2022-04-06
10768745,2022-04-07
10768745,2022-04-11
10768745,2022-04-12
10768745,2022-04-25
10768745,2022-04-26
10768745,2022-04-27
10768745,2022-04-29
10768745,2022-05-09
10768745,2022-05-16
10768745,2022-05-19
10768745,2022-05-22
10768745,2022-05-27
10768745,2022-06-03
10768745,2022-06-05
10768745,2022-06-06
10768745,2022-06-08
10768745,2022-06-10
10768745,2022-06-14
10768745,2022-06-24
10768745,2022-06-27
10768745,2022-06-30
10768745,2022-07-18
10768745,2022-07-22
10768745,2022-08-02
10768745,2022-08-03
10768745,2022-08-04
10768745,2022-08-10
10768745,2022-08-12
10768745,2022-08-13
10768745,2022-08-15
10768745,2022-08-24
10768745,2022-09-02
10768745,2022-09-04
10768745,2022-09-05
10768745,2022-09-10
10768745,2022-09-11
10768745,2022-09-26
10768745,2022-09-29
10768745,2022-10-10
10768745,2022-10-29
10768745,2022-10-30
10768745,2022-11-02
10768745,2022-11-13
10768745,2022-11-19
10768745,2022-12-02
10768745,2022-12-04
10768745,2022-12-06
10768745,2022-12-07
10768745,2022-12-09
10768745,2022-12-11
10768745,2022-12-26
10768745,2023-01-02
10768745,2023-01-10
10768745,2023-01-11
10768745,2023-01-16
10768745,2023-01-18
10768745,2023-01-21
10768745,2023-01-23
10768745,2023-01-25
10768745,2023-01-26
10768745,2023-01-27
10768745,2023-02-02
10768745,2023-02-14
10768745,2023-02-20
10768745,2023-02-25
10768745,2023-03-03
10768745,2023-03-31
10768745,2023-04-03
10768745,2023-04-16
10768745,2023-04-21
10768745,2023-04-23
10768745,2023-05-03
10768745,2023-05-11
10768745,2023-05-13
10768745,2023-05-14
10768745,2023-05-16
10768745,2023-05-19
10768745,2023-05-21
10768745,2023-05-27
10768745,2023-05-29
10768745,2023-06-02
10768745,2023-06-06
10768745,2023-06-08
10768745,2023-06-11
10768745,2023-06-19
10768745,2023-06-20
10768745,2023-06-21
10768745,2023-06-25
10768745,2023-06-29
10768745,2023-06-30
10768745,2023-07-04
10768745,2023-07-05
10768745,2023-07-09
10768745,2023-07-10
10768745,2023-07-18
10768745,2023-07-24
10768745,2023-08-03
10768745,2023-08-04
10768745,2023-08-06
10768745,2023-08-10
10768745,2023-08-11
10768745,2023-08-12
10768745,2023-08-15
10768745,2023-08-16
10768745,2023-08-19
10768745,2023-08-20
10768745,2023-08-21
10768745,2023-08-22
10768745,2023-08-26
10768745,2023-08-27
10768745,2023-08-31
10768745,2023-09-01
10768745,2023-09-02
10768745,2023-09-03
10768745,2023-09-12
10768745,2023-09-15
10768745,2023-09-17
10768745,2023-09-18
10768745,2023-09-20
10768745,2023-09-21
10768745,2023-09-27
10768745,2023-09-28
10768745,2023-10-03
10768745,2023-10-09
10768745,2023-10-10
10768745,2023-10-11
10768745,2023-10-13
10768745,2023-10-14
10768745,2023-10-21
10768745,2023-10-22
10768745,2023-10-23
10768745,2023-10-26
10768745,2023-10-29
10768745,2023-11-01
10768745,2023-11-02
10768745,2023-11-07
10768745,2023-11-08
10768745,2023-11-15
10768745,2023-11-20
10768745,2023-11-30
10768745,2023-12-06
10768745,2023-12-12
10768745,2023-12-14
10768745,2023-12-16
10768745,2023-12-23
10768745,2023-12-30
10768745,2023-12-31
10768745,2024-01-01
10768745,2024-01-02
10768745,2024-01-07
10768745,2024-01-08
10768745,2024-01-09
10768745,2024-01-11
10768745,2024-01-14
10768745,2024-01-18
10768745,2024-01-29
10768745,2024-02-02
10768745,2024-02-05
10768745,2024-02-17
10768745,2024-02-19
10768745,2024-02-23
10768745,2024-02-25
10768745,2024-02-28
10768745,2024-02-29
10768745,2024-03-06
10768745,2024-03-07
10768745,2024-03-10
10768745,2024-03-11
10768745,2024-03-16
10768745,2024-03-17
10768745,2024-03-18
10768745,2024-03-23
10768745,2024-03-24
10768745,2024-03-25
10768745,2024-03-28
10768745,2024-04-03
10768745,2024-04-04
10768745,2024-04-10
10768745,2024-04-11
10768745,2024-04-12
10768745,2024-04-19
10768745,2024-04-24
10768745,2024-04-25
10768745,2024-05-25
10768745,2024-05-28
10768745,2024-05-31
10768745,2024-06-01
10768745,2024-06-02
10768745,2024-06-03
10768745,2024-06-04
10768745,2024-06-05
10768745,2024-06-06
10768745,2024-06-12
10768745,2024-06-13
10768745,2024-06-14
10768745,2024-06-16
10768745,2024-06-18
10768745,2024-06-18
10768745,2024-06-19
10768745,2024-06-21
10768745,2024-06-22
10768745,2024-06-26
10768745,2024-06-28
10768745,2024-06-30
10768745,2024-07-01
10768745,2024-07-02
10768745,2024-07-03
10768745,2024-07-06
10768745,2024-07-08
10768745,2024-07-13
10768745,2024-07-15
10768745,2024-07-18
10768745,2024-07-21
10768745,2024-07-25
10768745,2024-07-26
10768745,2024-07-27
10768745,2024-07-28
10768745,2024-07-29
10768745,2024-07-31
10768745,2024-08-02
10768745,2024-08-03
10768745,2024-08-09
10768745,2024-08-12
10768745,2024-08-17
10768745,2024-08-19
10768745,2024-08-21
10768745,2024-08-23
10768745,2024-08-26
10768745,2024-08-28
10768745,2024-08-29
10768745,2024-08-30
10768745,2024-08-31
10768745,2024-09-01
10768745,2024-09-03
10768745,2024-09-05
10768745,2024-09-08
10768745,2024-09-10
10768745,2024-09-11
10768745,2024-09-14
10768745,2024-09-15
10768745,2024-09-16
10768745,2024-09-17
10768745,2024-09-18
10768745,2024-09-22
10768745,2024-09-23
10768745,2024-09-25
10768745,2024-10-26
10768745,2024-10-28
10768745,2024-10-29
10768745,2024-11-01
10768745,2024-11-02
10768745,2024-11-03
10768745,2024-11-05
10768745,2024-11-07
10768745,2024-11-10
10768745,2024-11-15
10768745,2024-11-18
10768745,2024-11-20
10768745,2024-11-23
10768745,2024-11-24
10768745,2024-11-26
10768745,2024-11-28
10768745,2024-12-03
10768745,2024-12-05
10768745,2024-12-08
10768745,2024-12-11
10768745,2024-12-12
10768745,2024-12-13
10768745,2024-12-15
10768745,2024-12-19
10768745,2024-12-20
10768745,2024-12-23
10768745,2024-12-28
10768745,2024-12-30
10768745,2024-12-31
10768745,2025-01-01
10768745,2025-01-05
10768745,2025-01-06
10768745,2025-01-10
10768745,2025-01-16
10768745,2025-01-17
10768745,2025-01-19
10768745,2025-01-21
10768745,2025-01-22
10768745,2025-01-23
10768745,2025-01-25
10768745,2025-01-27
10768745,2025-01-28
10768745,2025-01-31
10768745,2025-02-03
10768745,2025-02-07
10768745,2025-02-12
10768745,2025-02-14
10768745,2025-02-17
10768745,2025-02-18
10768745,2025-02-19
10768745,2025-02-24
10768745,2025-02-25
10768745,2025-02-27
10768745,2025-02-28
10768745,2025-03-01
10768745,2025-03-10
10768745,2025-03-12
10768745,2025-03-15
10768745,2025-03-16
10768745,2025-03-17
10768745,2025-03-19
10768745,2025-03-22
10768745,2025-03-31
10768745,2025-04-04
10768745,2025-04-05
10768745,2025-04-09
10768745,2025-04-11
10768745,2025-04-13
10768745,2025-04-14
10768745,2025-04-24
10768745,2025-04-25
10768745,2025-04-30
10768745,2025-05-03
10768745,2025-05-04
10768745,2025-05-07
10768745,2025-05-12
10768745,2025-05-13
10768745,2025-05-20
10768745,2025-05-21
10768745,2025-05-26
10768745,2025-05-28
10768745,2025-05-29
10768745,2025-05-30
10768745,2025-06-01
10768745,2025-06-03
10768745,2025-06-09
10768745,2025-06-10
10768745,2025-06-11
10768745,2025-06-13
10768745,2025-06-14
10768745,2025-06-22
10768745,2025-06-26
10768745,2025-06-27
10768745,2025-06-29
10768745,2025-06-30
10768745,2025-07-01
10768745,2025-07-02
10768745,2025-07-03
10768745,2025-07-06
10768745,2025-07-12
10768745,2025-07-13
10768745,2025-07-16
10768745,2025-07-17
10768745,2025-07-20
10768745,2025-07-22
10768745,2025-07-23
10768745,2025-07-25
10768745,2025-07-28
10768745,2025-07-31
10768745,2025-08-03
10768745,2025-08-06
10768745,2025-08-07
10768745,2025-08-08
10768745,2025-08-09
10768745,2025-08-11
10768745,2025-08-12
10768745,2025-08-13
10768745,2025-08-18
10768745,2025-08-19
10768745,2025-08-21
10768745,2025-08-25
10768745,2025-08-26
10768745,2025-08-27
10768745,2025-09-02
10768745,2025-09-07
10768745,2025-09-08
10768745,2025-09-14
10768745,2025-09-15
10768745,2025-09-18
10768745,2025-09-22
10768745,2025-09-24
10768745,2025-09-27
10768745,2025-09-28
10768745,2025-10-01
10768745,2025-10-13
10768745,2025-10-19
10768745,2025-10-21
10768745,2025-10-26
10768745,2025-10-27
10768745,2025-10-28
11253948,2016-05-29
11253948,2016-06-20
11253948,2016-07-18
11253948,2016-07-31
11253948,2016-08-11
11253948,2016-08-14
11253948,2016-09-05
11253948,2016-09-17
11253948,2016-09-18
11253948,2016-09-19
11253948,2016-09-23
11253948,2016-09-30
11253948,2016-10-09
11253948,2016-10-11
11253948,2016-10-13
11253948,2016-10-14
11253948,2016-11-06
11253948,2016-11-25
11253948,2016-12-31
11253948,2017-05-22
11253948,2017-05-24
11253948,2017-06-02
11253948,2017-06-18
11253948,2017-06-25
11253948,2017-07-16
11253948,2017-07-25
11253948,2017-07-30
11253948,2017-08-10
11253948,2017-08-20
11253948,2017-12-21
11253948,2018-01-28
11253948,2018-03-27
11253948,2018-05-20
11253948,2018-06-03
11253948,2018-07-21
11253948,2018-08-04
11253948,2018-08-09
11253948,2018-12-15
11253948,2018-12-28
11253948,2018-12-30
11253948,2019-01-01
11253948,2019-01-17
11253948,2019-03-15
11253948,2019-03-23
11253948,2019-03-30
11253948,2019-04-03
11253948,2019-04-10
11253948,2019-04-14
11253948,2019-04-23
11253948,2019-04-26
11253948,2019-04-28
11253948,2019-05-12
11253948,2019-05-20
11253948,2019-05-27
11253948,2019-06-02
11253948,2019-06-13
11253948,2019-06-16
11253948,2019-06-30
11253948,2019-07-03
11253948,2019-07-15
11253948,2019-07-29
11253948,2019-07-31
11253948,2019-08-03
11253948,2019-08-12
11253948,2019-08-18
11253948,2019-08-25
11253948,2019-09-01
11253948,2020-01-11
11253948,2020-01-15
11253948,2020-05-18
11253948,2020-06-30
11253948,2020-07-08
11253948,2020-07-12
11253948,2020-07-15
11253948,2020-07-30
11253948,2020-08-24
11253948,2020-09-09
11253948,2020-09-20
11253948,2020-09-27
11253948,2020-10-09
11253948,2020-10-12
11253948,2020-10-18
11253948,2021-02-21
11253948,2021-02-28
11253948,2021-03-11
11253948,2021-03-16
11253948,2021-03-21
11253948,2021-03-26
11253948,2021-03-27
11253948,2021-04-01
11253948,2021-04-02
11253948,2021-04-18
11253948,2021-04-22
11253948,2021-04-30
11253948,2021-05-02
11253948,2021-05-10
11253948,2021-05-25
11253948,2021-06-02
11253948,2021-06-15
11253948,2021-06-29
11253948,2021-07-02
11253948,2021-07-05
11253948,2021-07-10
11253948,2021-08-15
11253948,2021-08-29
11253948,2021-09-03
11253948,2021-09-10
11253948,2022-03-06
11253948,2022-04-13
11253948,2022-07-31
11253948,2022-08-21
11253948,2022-08-28
11253948,2022-10-03
11253948,2022-10-05
11253948,2022-11-04
11253948,2022-12-07
11253948,2022-12-08
11253948,2023-01-13
11253948,2023-01-20
11253948,2023-01-22
11253948,2023-02-04
11253948,2023-02-17
11253948,2023-06-18
11253948,2023-06-30
11253948,2023-07-01
11253948,2023-07-02
11253948,2023-07-04
11253948,2023-08-29
11253948,2023-09-20
11253948,2023-09-22
11253948,2023-10-15
11253948,2023-10-28
11253948,2023-11-02
11253948,2023-11-04
11253948,2023-11-08
11253948,2023-11-11
11253948,2023-11-25
11253948,2023-12-15
11253948,2023-12-21
11253948,2023-12-31
11253948,2024-01-04
11253948,2024-01-06
11253948,2024-01-21
11253948,2024-02-02
11253948,2024-02-04
11253948,2024-02-25
11253948,2024-03-16
11253948,2024-03-31
11253948,2024-04-04
11253948,2024-04-16
11253948,2024-04-21
11253948,2024-04-22
11253948,2024-04-27
11253948,2024-05-01
11253948,2024-05-02
11253948,2024-05-12
11253948,2024-05-17
11253948,2024-05-22
11253948,2024-09-12
11253948,2024-09-21
11253948,2024-09-24
11253948,2024-09-28
11253948,2024-09-30
11253948,2024-10-01
11253948,2024-10-13
11253948,2024-10-20
11253948,2024-10-28
11253948,2024-11-10
11253948,2024-11-25
11253948,2024-12-08
11253948,2024-12-13
11253948,2024-12-18
11253948,2024-12-21
11253948,2024-12-28
11253948,2025-01-03
11253948,2025-01-12
11253948,2025-02-03
11253948,2025-02-17
11253948,2025-02-21
11253948,2025-02-23
11253948,2025-02-26
11253948,2025-03-02
11253948,2025-03-30
11253948,2025-04-07
11253948,2025-04-16
11253948,2025-05-07
11253948,2025-05-15
11253948,2025-05-18
11253948,2025-05-30
11253948,2025-06-01
11253948,2025-06-11
11253948,2025-06-18
11253948,2025-06-22
11253948,2025-06-27
11253948,2025-06-29
11253948,2025-07-04
11253948,2025-07-06
11253948,2025-07-08
11253948,2025-07-11
11253948,2025-07-12
11253948,2025-07-17
11253948,2025-07-23
11253948,2025-07-30
11253948,2025-08-03
11253948,2025-08-09
11253948,2025-08-16
11253948,2025-08-18
11253948,2025-09-02
11253948,2025-09-03
11253948,2025-10-19
11639446,2016-05-31
11639446,2016-06-11
11639446,2016-06-13
11639446,2016-06-15
11639446,2016-06-17
11639446,2016-07-14
11639446,2016-07-18
11639446,2016-07-22
11639446,2016-07-28
11639446,2016-08-11
11639446,2016-08-11
11639446,2016-08-20
11639446,2016-08-21
11639446,2016-08-30
11639446,2016-09-04
11639446,2016-09-17
11639446,2016-09-25
11639446,2016-09-28
11639446,2016-10-07
11639446,2016-10-09
11639446,2016-10-12
11639446,2017-04-17
11639446,2017-04-20
11639446,2017-05-01
11639446,2017-05-02
11639446,2017-05-06
11639446,2017-05-10
11639446,2017-05-12
11639446,2017-05-14
11639446,2017-05-15
11639446,2017-05-16
11639446,2017-05-17
11639446,2017-05-21
11639446,2017-07-29
11639446,2017-08-04
11639446,2017-08-06
11639446,2017-08-07
11639446,2017-08-08
11639446,2017-08-15
11639446,2017-08-16
11639446,2017-08-19
11639446,2017-08-28
11639446,2017-08-29
11639446,2017-08-30
11639446,2017-09-04
11639446,2017-09-07
11639446,2017-09-10
11639446,2017-09-16
11639446,2017-09-19
11639446,2017-09-21
11639446,2017-09-23
11639446,2017-09-24
11639446,2017-09-25
11639446,2017-09-27
11639446,2017-10-01
11639446,2017-10-06
11639446,2017-10-07
11639446,2017-10-08
11639446,2017-10-11
11639446,2017-10-14
11639446,2017-10-16
11639446,2017-10-19
11639446,2017-10-25
11639446,2017-10-30
11639446,2017-11-04
11639446,2017-11-07
11639446,2017-11-11
11639446,2017-12-19
11639446,2018-04-02
11639446,2018-04-04
11639446,2018-04-18
11639446,2018-04-20
11639446,2018-04-28
11639446,2018-05-04
11639446,2018-05-11
11639446,2018-05-18
11639446,2018-05-19
11639446,2018-05-21
11639446,2018-05-29
11639446,2018-05-30
11639446,2018-06-03
11639446,2018-06-08
11639446,2018-06-09
11639446,2018-06-11
11639446,2018-06-24
11639446,2018-06-27
11639446,2018-07-01
11639446,2018-07-02
11639446,2018-07-06
11639446,2018-07-09
11639446,2018-07-11
11639446,2018-07-13
11639446,2018-07-16
11639446,2018-07-17
11639446,2018-07-18
11639446,2018-07-19
11639446,2018-07-20
11639446,2018-07-25
11639446,2018-08-03
11639446,2018-08-18
11639446,2018-08-24
11639446,2018-08-26
11639446,2018-08-31
11639446,2018-09-01
11639446,2018-09-09
11639446,2018-09-12
11639446,2018-09-13
11639446,2018-09-15
11639446,2018-09-20
11639446,2018-09-22
11639446,2018-09-25
11639446,2018-09-28
11639446,2018-10-01
11639446,2018-10-03
11639446,2018-10-05
11639446,2018-10-07
11639446,2018-10-12
11639446,2018-10-14
11639446,2018-10-16
11639446,2018-10-20
11639446,2018-10-21
11639446,2018-10-24
11639446,2018-10-26
11639446,2018-10-31
11639446,2018-11-09
11639446,2018-11-11
11639446,2018-11-12
11639446,2018-12-02
11639446,2018-12-03
11639446,2018-12-06
11639446,2018-12-17
11639446,2019-02-27
11639446,2019-05-10
11639446,2019-05-17
11639446,2019-05-19
11639446,2019-08-25
11639446,2020-03-15
11639446,2020-03-21
11639446,2020-03-29
11639446,2020-06-09
11639446,2020-06-14
11639446,2020-06-21
11639446,2020-06-26
11639446,2020-07-02
11639446,2020-07-20
11639446,2020-08-03
11639446,2020-08-08
11639446,2020-08-14
11639446,2020-08-20
11639446,2020-09-09
11639446,2020-09-16
11639446,2020-09-29
11639446,2020-10-03
11639446,2020-10-18
11639446,2020-10-23
11639446,2020-11-01
11639446,2020-11-03
11639446,2020-11-15
11639446,2021-01-23
11639446,2021-03-29
11639446,2021-05-08
11639446,2021-05-13
11639446,2021-05-25
11639446,2021-05-26
11639446,2021-06-05
11639446,2021-06-09
11639446,2021-06-14
11639446,2021-06-26
11639446,2021-06-27
11639446,2021-07-01
11639446,2021-07-05
11639446,2021-07-06
11639446,2021-07-07
11639446,2021-07-09
11639446,2021-07-12
11639446,2021-07-20
11639446,2021-07-25
11639446,2021-08-02
11639446,2021-08-04
11639446,2021-08-10
11639446,2021-08-12
11639446,2021-08-15
11639446,2021-09-01
11639446,2021-09-06
11639446,2021-09-10
11639446,2021-09-23
11639446,2021-09-25
11639446,2021-09-26
11639446,2021-10-23
11639446,2021-12-30
11639446,2022-01-07
11639446,2022-01-14
11639446,2022-01-29
11639446,2022-02-15
11639446,2022-02-18
11639446,2022-02-24
11639446,2022-04-10
11639446,2022-04-21
11639446,2022-04-28
11639446,2022-05-12
11639446,2022-05-19
11639446,2022-05-20
11639446,2022-05-24
11639446,2022-06-04
11639446,2022-06-20
11639446,2022-06-25
11639446,2022-06-28
11639446,2022-07-29
11639446,2022-08-03
11639446,2022-08-21
11639446,2022-08-31
11639446,2022-10-07
11639446,2022-10-16
11639446,2022-11-06
11639446,2022-11-10
11639446,2023-04-01
11639446,2023-04-09
11639446,2023-04-10
11639446,2023-05-28
11639446,2023-06-17
11639446,2023-06-26
11639446,2023-07-31
11639446,2023-08-13
11639446,2023-10-06
11639446,2023-10-21
11639446,2023-10-22
11639446,2023-10-28
11639446,2023-12-16
11639446,2023-12-17
11639446,2024-02-11
11639446,2024-02-29
12799126,2020-08-23
12799126,2020-09-08
12799126,2020-09-14
12799126,2020-10-13
12799126,2020-10-19
12799126,2020-11-23
12799126,2020-12-02
12799126,2020-12-31
12799126,2021-01-03
12799126,2021-02-20
12799126,2021-05-04
12799126,2021-05-09
12799126,2021-07-31
12799126,2021-08-05
12799126,2021-08-09
12799126,2021-08-22
12799126,2021-12-13
12799126,2021-12-23
12799126,2022-06-17
12799126,2022-08-27
12799126,2022-11-27
12799126,2023-03-17
12799126,2023-03-23
12799126,2023-04-07
12799126,2023-04-25
12799126,2023-06-30
12799126,2023-09-16
12799126,2024-02-06
12799126,2025-08-09
13083497,2016-07-01
13083497,2016-07-03
13083497,2016-07-18
13083497,2016-07-25
13083497,2016-07-29
13083497,2016-07-31
13083497,2016-08-08
13083497,2016-08-21
13083497,2016-08-28
13083497,2016-10-19
13083497,2016-10-23
13083497,2016-12-27
13083497,2017-01-02
13083497,2017-01-16
13083497,2017-01-29
13083497,2017-03-19
13083497,2017-04-17
13083497,2017-04-30
13083497,2017-05-14
13083497,2017-05-25
13083497,2017-05-29
13083497,2017-06-12
13083497,2017-06-24
13083497,2017-07-03
13083497,2017-07-07
13083497,2017-08-06
13083497,2017-08-08
13083497,2017-08-27
13083497,2017-09-18
13083497,2017-10-10
13083497,2017-10-15
13083497,2017-10-22
13083497,2017-11-02
13083497,2017-11-25
13083497,2018-01-01
13083497,2018-01-21
13083497,2018-01-28
13083497,2018-01-31
13083497,2018-03-23
13083497,2018-03-26
13083497,2018-04-01
13083497,2018-04-08
13083497,2018-05-03
13083497,2018-05-13
13083497,2018-05-28
13083497,2018-06-18
13083497,2018-07-01
13083497,2018-07-04
13083497,2018-07-12
13083497,2018-07-15
13083497,2018-07-19
13083497,2018-08-05
13083497,2018-08-08
13083497,2018-08-17
13083497,2018-08-19
13083497,2018-08-20
13083497,2018-08-21
13083497,2018-09-02
13083497,2018-09-08
13083497,2018-09-16
13083497,2018-09-20
13083497,2018-09-23
13083497,2018-10-03
13083497,2018-10-14
13083497,2018-10-27
13083497,2018-11-10
13083497,2018-11-11
13083497,2018-11-16
13083497,2018-11-24
13083497,2018-12-09
13083497,2018-12-24
13083497,2018-12-31
13083497,2019-01-15
13083497,2019-01-21
13083497,2019-02-12
13083497,2019-03-02
13083497,2019-03-03
13083497,2019-04-21
13083497,2019-05-05
13083497,2019-05-19
13083497,2019-06-05
13083497,2019-07-05
13083497,2019-07-09
13083497,2019-07-16
13083497,2019-07-23
13083497,2019-07-30
13083497,2019-08-04
13083497,2019-08-09
13083497,2019-08-15
13083497,2019-08-23
13083497,2019-08-30
13083497,2019-09-06
13083497,2019-09-10
13083497,2019-09-15
13083497,2019-09-29
13083497,2019-10-06
13083497,2019-11-04
13083497,2019-11-10
13083497,2019-11-29
13083497,2019-12-01
13083497,2019-12-14
13083497,2019-12-22
13083497,2020-01-19
13083497,2020-02-09
13083497,2020-02-23
13083497,2020-02-26
13083497,2020-03-10
13083497,2020-03-29
13083497,2020-05-16
13083497,2020-07-07
13083497,2020-08-05
13083497,2020-09-05
13083497,2020-09-11
13083497,2020-09-21
13083497,2020-09-27
13083497,2020-10-18
13083497,2020-10-25
13083497,2020-11-22
13083497,2020-11-29
13083497,2020-12-15
13083497,2021-02-21
13083497,2021-03-14
13083497,2021-04-03
13083497,2021-04-11
13083497,2021-04-18
13083497,2021-05-09
13083497,2021-05-21
13083497,2021-05-26
13083497,2021-05-30
13083497,2021-06-03
13083497,2021-06-12
13083497,2021-07-11
13083497,2021-07-21
13083497,2021-09-06
13083497,2021-09-10
13083497,2021-09-21
13083497,2021-09-29
13083497,2021-10-04
13083497,2021-10-31
13083497,2021-11-08
13083497,2021-12-04
13083497,2022-01-01
13083497,2022-01-10
13083497,2022-01-23
13083497,2022-02-20
13083497,2022-03-06
13083497,2022-03-18
13083497,2022-03-28
13083497,2022-04-03
13083497,2022-04-17
13083497,2022-05-02
13083497,2022-05-15
13083497,2022-05-23
13083497,2022-06-12
13083497,2022-07-31
13083497,2022-10-10
13083497,2022-11-26
13083497,2023-02-16
13083497,2023-02-28
13083497,2023-03-21
13083497,2023-04-23
13083497,2023-05-07
13083497,2023-05-28
13083497,2023-06-05
13083497,2023-08-04
13083497,2023-09-18
13083497,2023-10-08
13083497,2023-10-17
13083497,2023-10-22
13083497,2023-11-25
13083497,2023-12-17
13083497,2023-12-28
13083497,2024-01-06
13083497,2024-03-25
13083497,2024-04-14
13083497,2024-05-11
13083497,2024-05-13
13083497,2024-06-09
13083497,2024-07-21
13083497,2024-07-29
13083497,2024-08-01
13083497,2024-08-18
13083497,2024-08-26
13083497,2024-09-15
13083497,2024-09-29
13083497,2024-10-09
13083497,2024-11-09
13083497,2025-04-27
13083497,2025-05-10
13083497,2025-06-18
13083497,2025-07-21
13083497,2025-08-18
13083497,2025-09-09
13083497,2025-09-21
13083497,2025-11-03
14316232,2016-08-07
14316232,2016-08-28
14316232,2016-09-05
14316232,2016-09-15
14316232,2016-09-18
14316232,2016-09-21
14316232,2016-09-26
14316232,2016-10-30
14316232,2016-11-01
14316232,2016-11-06
14316232,2016-11-13
14316232,2016-12-02
14316232,2016-12-19
14316232,2016-12-23
14316232,2017-04-05
14316232,2017-04-12
14316232,2017-05-07
14316232,2017-05-18
14316232,2017-05-21
14316232,2017-07-04
14316232,2017-07-10
14316232,2017-07-13
14316232,2017-07-14
14316232,2017-07-26
14316232,2017-08-19
14316232,2017-10-11
14316232,2017-10-20
14316232,2017-12-16
14316232,2018-01-01
14316232,2018-06-29
14316232,2018-07-21
14316232,2018-08-31
14316232,2018-09-29
14316232,2018-12-07
14316232,2019-09-03
14316232,2019-09-26
14316232,2019-11-01
14316232,2020-03-31
14316232,2020-06-17
14316232,2020-06-29
14316232,2021-01-15
14316232,2021-05-02
14316232,2021-08-01
14316232,2021-12-31
14316232,2023-02-25
14316232,2023-04-30
14316232,2023-05-19
14316232,2024-01-07
14316232,2024-06-29
14316232,2024-07-26
14316232,2024-09-02
14316232,2025-01-24
14316232,2025-04-05
14316232,2025-05-08
14989805,2016-11-13
14989805,2016-11-25
14989805,2017-01-01
14989805,2017-01-14
14989805,2017-01-16
14989805,2017-04-09
14989805,2017-05-29
14989805,2017-06-17
14989805,2017-07-14
14989805,2017-07-31
14989805,2017-08-27
14989805,2017-10-10
14989805,2018-05-20
14989805,2018-06-17
14989805,2018-07-20
14989805,2018-10-28
14989805,2019-05-05
14989805,2019-05-20
14989805,2019-07-14
14989805,2019-08-01
14989805,2019-08-31
14989805,2020-01-23
14989805,2020-02-08
14989805,2020-07-01
14989805,2020-07-05
14989805,2020-07-13
14989805,2020-11-15
14989805,2020-11-30
14989805,2020-12-28
14989805,2020-12-30
14989805,2021-01-02
14989805,2021-01-03
14989805,2021-01-17
14989805,2021-01-28
14989805,2021-05-01
14989805,2021-05-14
14989805,2021-06-19
14989805,2021-06-24
14989805,2021-07-03
14989805,2021-07-28
14989805,2021-08-08
14989805,2021-08-29
14989805,2021-09-22
14989805,2021-10-17
14989805,2021-10-31
14989805,2021-11-04
14989805,2021-11-12
14989805,2021-11-14
14989805,2021-11-27
14989805,2021-12-04
14989805,2022-05-13
14989805,2022-05-22
14989805,2022-06-12
14989805,2022-07-11
14989805,2022-07-20
14989805,2022-08-08
14989805,2022-08-18
14989805,2022-08-21
14989805,2022-08-27
14989805,2022-09-14
14989805,2022-10-04
14989805,2022-10-12
14989805,2022-10-30
14989805,2023-04-23
14989805,2023-05-12
14989805,2023-07-03
14989805,2023-07-12
14989805,2023-07-16
14989805,2023-07-19
14989805,2023-07-23
14989805,2023-07-24
14989805,2023-07-25
14989805,2023-07-26
14989805,2023-08-01
14989805,2023-08-05
14989805,2023-08-07
14989805,2023-08-11
14989805,2023-08-22
14989805,2023-08-25
14989805,2023-08-30
14989805,2023-11-22
14989805,2023-12-31
14989805,2024-01-01
14989805,2024-01-14
14989805,2024-01-28
14989805,2024-04-03
14989805,2024-05-03
14989805,2024-05-04
14989805,2024-05-06
14989805,2024-05-13
14989805,2024-05-18
14989805,2024-05-30
14989805,2024-06-05
14989805,2024-06-09
14989805,2024-06-11
14989805,2024-06-13
14989805,2024-06-22
14989805,2024-06-30
14989805,2024-07-28
14989805,2024-07-31
14989805,2024-11-01
14989805,2024-11-10
14989805,2024-11-17
14989805,2024-11-23
14989805,2024-11-30
14989805,2024-12-21
14989805,2024-12-28
14989805,2024-12-29
14989805,2025-01-12
14989805,2025-02-27
14989805,2025-04-02
14989805,2025-04-04
14989805,2025-04-06
14989805,2025-07-04
14989805,2025-07-28
14989805,2025-08-04
14989805,2025-08-08
14989805,2025-08-09
14989805,2025-08-10
14989805,2025-08-24
14989805,2025-09-18
14989805,2025-09-21
14989805,2025-10-06
15580397,2017-05-29
15580397,2017-08-05
15580397,2018-02-20
15580397,2018-02-22
15580397,2018-02-28
15580397,2019-06-30
15580397,2019-09-27
15580397,2020-02-27
15580397,2020-03-03
15580397,2020-10-11
15580397,2021-04-30
15580397,2021-08-09
15580397,2021-08-26
15580397,2021-08-29
15580397,2021-09-13
15580397,2021-09-22
15580397,2021-09-30
15580397,2021-10-20
15580397,2021-11-07
15580397,2021-11-21
15580397,2022-01-06
15580397,2022-02-13
15580397,2022-02-24
15580397,2022-03-29
15580397,2022-04-10
15580397,2022-04-13
15580397,2022-05-22
15580397,2022-07-18
15580397,2022-08-28
15580397,2022-09-18
15580397,2022-10-09
15580397,2022-11-12
15580397,2023-05-28
15580397,2023-06-20
15580397,2023-07-04
15580397,2023-07-17
15580397,2023-07-26
15580397,2023-10-12
15580397,2024-02-16
15580397,2024-03-08
15580397,2024-06-11
15580397,2024-07-28
15580397,2024-07-31
15580397,2024-08-25
15580397,2024-10-20
15580397,2024-12-30
15580397,2025-01-20
15580397,2025-02-27
15580397,2025-06-19
15580397,2025-08-29
15580397,2025-10-01
15580397,2025-10-09
15580397,2025-10-15
15580397,2025-10-30
16531782,2020-05-28
16531782,2020-05-31
16531782,2020-06-08
16531782,2020-06-26
16531782,2020-06-28
16531782,2020-06-30
16531782,2020-07-04
16531782,2020-07-08
16531782,2020-07-09
16531782,2020-07-16
16531782,2020-07-18
16531782,2020-07-19
16531782,2020-07-24
16531782,2020-07-25
16531782,2020-08-15
16531782,2020-08-19
16531782,2020-08-22
16531782,2020-08-23
16531782,2020-08-24
16531782,2020-09-08
16531782,2020-09-11
16531782,2020-09-13
16531782,2020-09-15
16531782,2020-09-17
16531782,2020-09-18
16531782,2020-09-20
16531782,2020-09-21
16531782,2020-10-04
16531782,2020-10-05
16531782,2020-10-06
16531782,2020-10-10
16531782,2020-10-18
16531782,2020-10-19
16531782,2020-10-25
16531782,2020-11-02
16531782,2020-11-09
16531782,2020-11-22
16531782,2020-12-07
16531782,2020-12-22
16531782,2021-02-22
16531782,2021-02-28
16531782,2021-03-04
16531782,2021-03-05
16531782,2021-03-07
16531782,2021-03-13
16531782,2021-03-15
16531782,2021-03-29
16531782,2021-03-31
16531782,2021-04-02
16531782,2021-04-10
16531782,2021-04-16
16531782,2021-04-18
16531782,2021-04-24
16531782,2021-04-30
16531782,2021-05-01
16531782,2021-05-03
16531782,2021-05-07
16531782,2021-05-08
16531782,2021-05-09
16531782,2021-05-13
16531782,2021-05-18
16531782,2021-05-20
16531782,2021-05-22
16531782,2021-05-23
16531782,2021-05-24
16531782,2021-06-13
16531782,2021-06-16
16531782,2021-06-18
16531782,2021-06-21
16531782,2021-06-23
16531782,2021-06-25
16531782,2021-06-27
16531782,2021-06-28
16531782,2021-07-02
16531782,2021-07-03
16531782,2021-07-04
16531782,2021-07-10
16531782,2021-07-12
16531782,2021-07-15
16531782,2021-07-17
16531782,2021-07-18
16531782,2021-07-23
16531782,2021-07-24
16531782,2021-07-25
16531782,2021-07-29
16531782,2021-08-02
16531782,2021-08-03
16531782,2021-08-06
16531782,2021-08-07
16531782,2021-08-09
16531782,2021-08-11
16531782,2021-08-13
16531782,2021-08-15
16531782,2021-08-17
16531782,2021-08-27
16531782,2021-08-28
16531782,2021-08-29
16531782,2021-09-03
16531782,2021-09-05
16531782,2021-09-17
16531782,2021-09-25
16531782,2021-09-30
16531782,2021-10-03
16531782,2021-10-08
16531782,2021-10-13
16531782,2021-10-16
16531782,2021-10-22
16531782,2021-10-24
16531782,2021-10-26
16531782,2021-10-28
16531782,2021-11-07
16531782,2021-11-12
16531782,2021-11-21
16531782,2021-11-22
16531782,2021-11-29
16531782,2021-12-03
16531782,2021-12-04
16531782,2021-12-05
16531782,2021-12-11
16531782,2021-12-12
16531782,2021-12-21
16531782,2021-12-24
16531782,2022-01-01
16531782,2022-01-08
16531782,2022-01-09
16531782,2022-01-18
16531782,2022-02-02
16531782,2022-02-12
16531782,2022-02-13
16531782,2022-02-25
16531782,2022-02-26
16531782,2022-03-02
16531782,2022-03-03
16531782,2022-03-07
16531782,2022-03-08
16531782,2022-03-16
16531782,2022-03-18
16531782,2022-03-26
16531782,2022-03-27
16531782,2022-04-05
16531782,2022-04-09
16531782,2022-04-14
16531782,2022-04-15
16531782,2022-04-21
16531782,2022-04-23
16531782,2022-04-24
16531782,2022-04-30
16531782,2022-05-04
16531782,2022-05-05
16531782,2022-05-10
16531782,2022-05-14
16531782,2022-05-20
16531782,2022-05-22
16531782,2022-05-26
16531782,2022-05-30
16531782,2022-06-01
16531782,2022-06-04
16531782,2022-06-05
16531782,2022-06-08
16531782,2022-06-10
16531782,2022-06-11
16531782,2022-06-12
16531782,2022-06-17
16531782,2022-06-19
16531782,2022-06-20
16531782,2022-06-21
16531782,2022-06-23
16531782,2022-06-25
16531782,2022-06-26
16531782,2022-07-03
16531782,2022-07-07
16531782,2022-07-16
16531782,2022-07-21
16531782,2022-07-22
16531782,2022-07-23
16531782,2022-07-28
16531782,2022-07-31
16531782,2022-08-02
16531782,2022-08-08
16531782,2022-08-10
16531782,2022-08-11
16531782,2022-08-12
16531782,2022-08-13
16531782,2022-08-15
16531782,2022-08-20
16531782,2022-08-22
16531782,2022-08-23
16531782,2022-08-24
16531782,2022-08-28
16531782,2022-08-30
16531782,2022-08-31
16531782,2022-09-01
16531782,2022-09-02
16531782,2022-09-04
16531782,2022-09-05
16531782,2022-09-07
16531782,2022-09-11
16531782,2022-09-18
16531782,2022-09-26
16531782,2022-09-27
16531782,2022-10-01
16531782,2022-10-07
16531782,2022-10-09
16531782,2022-10-22
16531782,2022-10-23
16531782,2022-10-24
16531782,2022-10-27
16531782,2022-10-31
16531782,2022-11-04
16531782,2022-11-06
16531782,2022-11-09
16531782,2022-11-11
16531782,2022-11-13
16531782,2022-11-25
16531782,2022-12-17
16531782,2022-12-18
16531782,2022-12-23
16531782,2022-12-31
16531782,2023-01-01
16531782,2023-01-02
16531782,2023-01-09
16531782,2023-01-11
16531782,2023-01-14
16531782,2023-01-19
16531782,2023-01-21
16531782,2023-01-22
16531782,2023-01-24
16531782,2023-01-27
16531782,2023-02-02
16531782,2023-02-11
16531782,2023-02-19
16531782,2023-02-21
16531782,2023-02-27
16531782,2023-03-02
16531782,2023-03-04
16531782,2023-03-05
16531782,2023-03-10
16531782,2023-03-19
16531782,2023-03-24
16531782,2023-03-26
16531782,2023-04-02
16531782,2023-04-05
16531782,2023-04-09
16531782,2023-04-14
16531782,2023-04-17
16531782,2023-04-21
16531782,2023-04-22
16531782,2023-04-30
16531782,2023-05-03
16531782,2023-05-07
16531782,2023-05-08
16531782,2023-05-14
16531782,2023-05-17
16531782,2023-05-27
16531782,2023-05-29
16531782,2023-05-31
16531782,2023-06-03
16531782,2023-06-04
16531782,2023-06-07
16531782,2023-06-19
16531782,2023-06-23
16531782,2023-06-25
16531782,2023-06-28
16531782,2023-06-30
16531782,2023-07-01
16531782,2023-07-03
16531782,2023-07-06
16531782,2023-07-08
16531782,2023-07-14
16531782,2023-07-15
16531782,2023-07-16
16531782,2023-07-17
16531782,2023-07-20
16531782,2023-07-22
16531782,2023-07-23
16531782,2023-07-26
16531782,2023-07-27
16531782,2023-08-02
16531782,2023-08-04
16531782,2023-08-06
16531782,2023-08-07
16531782,2023-08-08
16531782,2023-08-10
16531782,2023-08-11
16531782,2023-08-13
16531782,2023-08-15
16531782,2023-08-16
16531782,2023-08-17
16531782,2023-08-19
16531782,2023-08-21
16531782,2023-08-22
16531782,2023-08-25
16531782,2023-08-26
16531782,2023-08-27
16531782,2023-08-28
16531782,2023-08-31
16531782,2023-09-01
16531782,2023-09-06
16531782,2023-09-08
16531782,2023-09-10
16531782,2023-09-12
16531782,2023-09-14
16531782,2023-09-17
16531782,2023-09-19
16531782,2023-09-24
16531782,2023-09-26
16531782,2023-10-03
16531782,2023-10-04
16531782,2023-10-07
16531782,2023-10-13
16531782,2023-10-14
16531782,2023-10-18
16531782,2023-10-21
16531782,2023-10-22
16531782,2023-10-25
16531782,2023-10-30
16531782,2023-11-12
16531782,2023-11-13
16531782,2023-11-17
16531782,2023-11-18
16531782,2023-11-19
16531782,2023-11-20
16531782,2023-11-22
16531782,2023-12-01
16531782,2023-12-15
16531782,2023-12-17
16531782,2023-12-18
16531782,2023-12-19
16531782,2023-12-21
16531782,2023-12-24
16531782,2023-12-25
16531782,2023-12-26
16531782,2024-01-02
16531782,2024-01-04
16531782,2024-01-07
16531782,2024-01-08
16531782,2024-01-09
16531782,2024-01-11
16531782,2024-01-12
16531782,2024-01-16
16531782,2024-01-22
16531782,2024-01-24
16531782,2024-01-27
16531782,2024-01-28
16531782,2024-01-31
16531782,2024-02-01
16531782,2024-02-06
16531782,2024-02-19
16531782,2024-02-23
16531782,2024-02-25
16531782,2024-02-26
16531782,2024-02-29
16531782,2024-03-06
16531782,2024-03-08
16531782,2024-03-09
16531782,2024-03-10
16531782,2024-03-11
16531782,2024-03-12
16531782,2024-03-15
16531782,2024-03-17
16531782,2024-03-19
16531782,2024-03-25
16531782,2024-03-26
16531782,2024-03-27
16531782,2024-03-30
16531782,2024-03-31
16531782,2024-04-03
16531782,2024-04-05
16531782,2024-04-07
16531782,2024-04-08
16531782,2024-04-09
16531782,2024-04-11
16531782,2024-04-17
16531782,2024-04-19
16531782,2024-04-20
16531782,2024-04-23
16531782,2024-04-26
16531782,2024-04-27
16531782,2024-04-28
16531782,2024-04-29
16531782,2024-05-01
16531782,2024-05-02
16531782,2024-05-05
16531782,2024-05-06
16531782,2024-05-18
16531782,2024-05-21
16531782,2024-05-23
16531782,2024-05-24
16531782,2024-05-25
16531782,2024-05-26
16531782,2024-05-28
16531782,2024-05-30
16531782,2024-06-02
16531782,2024-06-06
16531782,2024-06-08
16531782,2024-06-09
16531782,2024-06-10
16531782,2024-06-16
16531782,2024-06-18
16531782,2024-06-21
16531782,2024-06-22
16531782,2024-06-23
16531782,2024-06-25
16531782,2024-07-25
16531782,2024-07-27
16531782,2024-07-28
16531782,2024-07-30
16531782,2024-07-31
16531782,2024-08-01
16531782,2024-08-02
16531782,2024-08-06
16531782,2024-08-07
16531782,2024-08-08
16531782,2024-08-09
16531782,2024-08-10
16531782,2024-08-12
16531782,2024-08-14
16531782,2024-08-16
16531782,2024-08-17
16531782,2024-08-20
16531782,2024-08-21
16531782,2024-08-23
16531782,2024-08-27
16531782,2024-08-28
16531782,2024-08-29
16531782,2024-08-30
16531782,2024-08-31
16531782,2024-09-01
16531782,2024-09-03
16531782,2024-09-04
16531782,2024-09-06
16531782,2024-09-12
16531782,2024-09-13
16531782,2024-09-15
16531782,2024-09-18
16531782,2024-09-19
16531782,2024-09-22
16531782,2024-09-24
16531782,2024-09-25
16531782,2024-09-26
16531782,2024-09-28
16531782,2024-09-29
16531782,2024-10-02
16531782,2024-10-03
16531782,2024-10-06
16531782,2024-10-07
16531782,2024-10-09
16531782,2024-10-11
16531782,2024-10-13
16531782,2024-10-15
16531782,2024-10-18
16531782,2024-10-21
16531782,2024-10-26
16531782,2024-10-28
16531782,2024-10-31
16531782,2024-11-04
16531782,2024-11-06
16531782,2024-11-07
16531782,2024-11-09
16531782,2024-11-19
16531782,2024-11-22
16531782,2024-11-23
16531782,2024-11-25
16531782,2024-11-27
16531782,2024-12-01
16531782,2024-12-06
16531782,2024-12-23
16531782,2024-12-26
16531782,2024-12-27
16531782,2024-12-29
16531782,2024-12-30
16531782,2025-01-01
16531782,2025-01-05
16531782,2025-01-13
16531782,2025-01-17
16531782,2025-01-18
16531782,2025-01-19
16531782,2025-01-22
16531782,2025-01-29
16531782,2025-02-05
16531782,2025-02-09
16531782,2025-02-21
16531782,2025-03-02
16531782,2025-03-05
16531782,2025-05-18
16531782,2025-05-20
16531782,2025-05-21
16531782,2025-05-22
16531782,2025-05-25
16531782,2025-05-29
16531782,2025-06-01
16531782,2025-06-08
16531782,2025-06-10
16531782,2025-06-11
16531782,2025-06-13
16531782,2025-06-14
16531782,2025-06-21
16531782,2025-06-22
16531782,2025-06-23
16531782,2025-06-27
16531782,2025-06-28
16531782,2025-06-30
16531782,2025-07-03
16531782,2025-07-06
16531782,2025-07-11
16531782,2025-07-16
16531782,2025-07-18
16531782,2025-07-19
16531782,2025-07-20
16531782,2025-07-21
16531782,2025-07-25
16531782,2025-07-26
16531782,2025-09-01
16531782,2025-09-03
16531782,2025-09-07
16531782,2025-09-13
16531782,2025-09-14
16531782,2025-09-16
16531782,2025-09-18
16531782,2025-09-19
16531782,2025-09-21
16531782,2025-09-22
16531782,2025-09-23
16531782,2025-09-30
16531782,2025-10-03
16531782,2025-10-05
16531782,2025-10-06
16531782,2025-10-07
16531782,2025-10-10
16531782,2025-10-14
16531782,2025-10-15
16531782,2025-10-18
16531782,2025-10-20
16531782,2025-10-21
16531782,2025-10-22
16531782,2025-10-25
16531782,2025-10-28
17238066,2017-04-23
17238066,2017-04-27
17238066,2017-05-05
17238066,2017-05-17
17238066,2017-05-19
17238066,2017-05-20
17238066,2017-05-21
17238066,2017-05-28
17238066,2017-06-02
17238066,2017-06-23
17238066,2017-06-25
17238066,2017-06-26
17238066,2017-07-01
17238066,2017-07-07
17238066,2017-07-10
17238066,2017-07-18
17238066,2017-07-21
17238066,2017-07-23
17238066,2017-07-27
17238066,2017-07-29
17238066,2017-08-06
17238066,2017-08-08
17238066,2017-08-11
17238066,2017-12-19
17238066,2017-12-23
17238066,2018-11-17
17238066,2018-11-28
17238066,2018-12-01
17238066,2018-12-20
17238066,2019-05-03
17238066,2019-05-05
17238066,2019-05-22
17238066,2019-05-26
17238066,2019-08-23
17238066,2020-10-07
17238066,2021-01-07
17238066,2021-01-19
17238066,2021-01-24
17238066,2021-02-05
17238066,2021-02-13
17238066,2021-02-18
17238066,2021-02-27
17238066,2021-04-07
17238066,2021-05-17
17238066,2021-05-20
17238066,2021-05-21
17238066,2021-05-23
17238066,2021-06-10
17238066,2021-06-17
17238066,2021-06-26
17238066,2021-06-27
17238066,2021-07-10
17238066,2021-07-11
17238066,2021-07-12
17238066,2021-07-14
17238066,2021-07-17
17238066,2021-08-01
17238066,2021-08-06
17238066,2021-08-17
17238066,2021-08-27
17238066,2021-08-28
17238066,2021-09-04
17238066,2021-09-08
17238066,2021-09-19
17238066,2021-09-27
17238066,2021-10-02
17238066,2021-10-07
17238066,2021-10-08
17238066,2021-10-10
17238066,2021-10-18
17238066,2021-10-22
17238066,2021-10-24
17238066,2021-11-07
17238066,2021-12-07
17238066,2022-01-05
17238066,2022-01-07
17238066,2022-01-12
17238066,2022-01-27
17238066,2022-01-30
17238066,2022-03-02
17238066,2022-03-21
17238066,2022-03-30
17238066,2022-04-11
17238066,2022-04-15
17238066,2022-04-26
17238066,2022-04-29
17238066,2022-04-30
17238066,2022-05-01
17238066,2022-05-12
17238066,2022-05-14
17238066,2022-05-15
17238066,2022-05-16
17238066,2022-05-17
17238066,2022-05-19
17238066,2022-05-20
17238066,2022-05-24
17238066,2022-05-25
17238066,2022-05-27
17238066,2022-05-28
17238066,2022-05-29
17238066,2022-05-30
17238066,2022-05-31
17238066,2022-06-03
17238066,2022-06-07
17238066,2022-06-08
17238066,2022-06-09
17238066,2022-06-10
17238066,2022-06-11
17238066,2022-06-12
17238066,2022-06-13
17238066,2022-06-14
17238066,2022-06-15
17238066,2022-06-17
17238066,2022-06-18
17238066,2022-06-19
17238066,2022-06-24
17238066,2022-06-25
17238066,2022-06-26
17238066,2022-06-29
17238066,2022-06-30
17238066,2022-07-05
17238066,2022-07-07
17238066,2022-07-10
17238066,2022-07-11
17238066,2022-07-22
17238066,2022-07-28
17238066,2022-10-07
17238066,2022-11-01
17238066,2023-05-29
17238066,2023-09-11
17238066,2024-03-26
17238066,2024-08-01
17514620,2017-03-15
17514620,2017-03-22
17514620,2017-04-01
17514620,2017-04-05
17514620,2017-04-12
17514620,2017-04-15
17514620,2017-04-21
17514620,2017-04-30
17514620,2017-05-05
17514620,2017-05-25
17514620,2017-06-23
17514620,2017-06-29
17514620,2017-07-09
17514620,2017-07-11
17514620,2017-07-17
17514620,2017-10-16
17514620,2017-11-07
17514620,2018-01-29
17514620,2018-03-01
17514620,2018-09-28
17514620,2018-10-03
17514620,2018-10-19
17514620,2018-10-21
17514620,2018-12-06
17514620,2018-12-15
17514620,2019-01-20
17514620,2019-07-12
17514620,2019-07-26
17514620,2019-08-01
17514620,2019-08-31
17514620,2019-09-15
17514620,2019-10-15
17514620,2019-12-01
17514620,2020-01-02
17514620,2020-03-28
17514620,2020-04-09
17514620,2020-11-23
17514620,2021-04-05
17514620,2021-09-01
17514620,2022-01-05
17514620,2022-01-30
17514620,2022-03-31
17514620,2022-07-29
17514620,2022-08-28
17514620,2022-09-22
17514620,2023-01-22
17514620,2023-03-04
17514620,2023-06-11
17514620,2023-06-28
17514620,2023-07-30
17514620,2023-08-18
17514620,2023-12-22
17514620,2024-01-30
17514620,2024-04-07
17514620,2024-10-03
17514620,2024-11-02
18341426,2018-03-12
18341426,2018-05-27
18341426,2018-09-15
18341426,2018-09-19
18341426,2018-10-08
18341426,2018-10-15
18341426,2018-10-18
18341426,2018-10-24
18341426,2018-10-29
18341426,2018-11-04
18341426,2018-11-20
18341426,2018-12-26
18341426,2019-02-16
18341426,2019-02-17
18341426,2019-02-23
18341426,2019-05-02
18341426,2019-09-23
18341426,2019-10-15
18341426,2019-10-20
18341426,2019-11-22
18341426,2019-12-15
18341426,2019-12-29
18341426,2020-01-01
18341426,2020-01-05
18341426,2020-01-13
18341426,2020-02-24
18341426,2020-05-15
18341426,2020-05-31
18341426,2020-07-12
18341426,2020-08-09
18341426,2020-08-16
18341426,2020-08-23
18341426,2021-05-16
18341426,2021-05-31
18341426,2021-08-20
18341426,2021-08-27
18341426,2021-10-11
18341426,2021-10-14
18341426,2021-10-23
18341426,2021-10-29
18341426,2021-11-02
18341426,2021-11-07
18341426,2021-11-15
18341426,2021-11-21
18341426,2021-12-16
18341426,2022-01-13
18341426,2022-01-22
18341426,2022-01-24
18341426,2022-01-27
18341426,2022-01-30
18341426,2022-03-01
18341426,2022-03-06
18341426,2022-03-07
18341426,2022-03-16
18341426,2022-05-28
18341426,2022-06-14
18341426,2022-06-26
18341426,2024-08-13
19527043,2018-10-17
19527043,2018-12-05
19527043,2018-12-11
19527043,2018-12-17
19527043,2019-01-16
19527043,2019-02-05
19527043,2019-02-16
19527043,2019-03-10
19527043,2019-03-12
19527043,2019-03-15
19527043,2019-03-19
19527043,2019-03-21
19527043,2019-03-24
19527043,2019-05-04
19527043,2019-05-19
19527043,2019-05-21
19527043,2019-05-23
19527043,2019-05-24
19527043,2019-05-26
19527043,2019-05-29
19527043,2019-05-31
19527043,2019-07-28
19527043,2019-08-04
19527043,2019-08-10
19527043,2019-08-11
19527043,2019-09-01
19527043,2019-09-15
19527043,2019-09-17
19527043,2019-10-27
19527043,2019-10-28
19527043,2020-01-23
19527043,2020-01-24
19527043,2020-02-26
19527043,2020-09-17
19527043,2020-09-24
19527043,2021-06-17
19527043,2021-06-28
19527043,2021-07-03
19527043,2022-09-14
19527043,2022-09-19
19527043,2022-09-24
19527043,2022-10-01
19527043,2022-10-08
19527043,2022-10-09
19527043,2022-10-16
19527043,2022-11-13
19527043,2022-11-20
19527043,2022-12-27
19527043,2023-01-10
19527043,2023-01-15
19527043,2023-02-23
19527043,2023-03-11
19527043,2023-03-20
19527043,2023-03-26
19527043,2023-03-27
19527043,2023-04-06
19527043,2023-04-15
19527043,2023-04-30
19527043,2023-05-06
19527043,2023-05-13
19527043,2023-05-14
19527043,2023-05-21
19527043,2023-06-29
19527043,2023-07-21
19527043,2023-07-28
19527043,2023-08-10
19527043,2023-08-11
19527043,2023-08-17
19527043,2023-08-25
19527043,2023-09-03
19527043,2023-10-22
19527043,2024-06-09
19527043,2024-06-16
19527043,2024-07-05
19527043,2024-07-14
19527043,2024-08-04
19527043,2024-08-11
19527043,2024-08-15
19527043,2024-08-23
19527043,2024-08-30
19527043,2024-09-14
19527043,2024-09-17
19527043,2025-06-16
19527043,2025-06-30
19527043,2025-07-11
19527043,2025-07-30
19527043,2025-08-03
19527043,2025-08-10
19527043,2025-10-13
19822913,2025-08-04
20519885,2017-11-08
20519885,2017-12-31
20519885,2018-05-21
20519885,2018-11-26
20519885,2019-09-27
20519885,2020-02-16
20519885,2020-05-01
20519885,2020-05-09
20519885,2020-07-25
20519885,2020-08-01
20519885,2020-08-08
20519885,2020-08-24
20519885,2020-08-31
20519885,2020-09-07
20519885,2020-09-11
20519885,2020-09-14
20519885,2020-10-05
20519885,2020-10-12
20519885,2020-10-19
20519885,2020-10-30
20519885,2020-11-07
20519885,2020-11-23
20519885,2020-11-28
20519885,2020-12-08
20519885,2020-12-13
20519885,2020-12-28
20519885,2021-01-02
20519885,2021-02-06
20519885,2021-02-11
20519885,2021-02-16
20519885,2021-05-28
20519885,2021-06-29
20519885,2021-07-05
20519885,2021-07-14
20519885,2021-07-18
20519885,2021-07-26
20519885,2021-08-03
20519885,2021-08-08
20519885,2021-08-15
20519885,2021-10-19
20519885,2021-10-24
20519885,2021-11-24
20519885,2021-11-28
20519885,2021-12-13
20519885,2022-01-02
20519885,2022-02-06
20519885,2022-03-15
20519885,2022-04-01
20519885,2022-04-11
20519885,2022-04-23
20519885,2022-05-01
20519885,2022-05-13
20519885,2022-05-17
20519885,2022-05-23
20519885,2022-05-27
20519885,2022-06-01
20519885,2022-06-13
20519885,2022-07-05
20519885,2022-07-10
20519885,2022-07-19
20519885,2022-07-25
20519885,2022-08-03
20519885,2022-08-07
20519885,2022-08-15
20519885,2022-08-27
20519885,2022-09-07
20519885,2022-09-17
20519885,2022-09-26
20519885,2022-10-20
20519885,2022-11-27
20519885,2022-12-26
20519885,2023-02-20
20519885,2023-03-20
20519885,2023-03-27
20519885,2023-04-17
20519885,2023-05-15
20519885,2023-05-22
20519885,2023-05-30
20519885,2023-06-13
20519885,2023-06-17
20519885,2023-06-25
20519885,2023-07-08
20519885,2023-07-28
20519885,2023-08-05
20519885,2023-08-14
20519885,2023-10-02
20519885,2023-10-09
20519885,2023-10-16
20519885,2023-10-30
20519885,2023-11-26
20519885,2024-02-02
20519885,2024-02-20
20519885,2024-03-27
20519885,2024-04-02
20519885,2024-04-12
20519885,2024-04-24
20519885,2024-05-13
20519885,2024-06-09
20519885,2024-06-16
20519885,2024-06-23
20519885,2024-07-06
20519885,2024-09-26
20519885,2024-10-06
20519885,2024-10-13
20519885,2024-10-22
20519885,2024-11-30
20519885,2025-02-10
20519885,2025-02-17
20519885,2025-04-07
20519885,2025-04-15
20519885,2025-05-06
20519885,2025-05-12
20519885,2025-05-18
20519885,2025-05-25
20519885,2025-06-03
20519885,2025-06-09
20519885,2025-06-15
20519885,2025-06-30
20519885,2025-07-07
20519885,2025-07-21
20519885,2025-08-04
20519885,2025-08-18
20519885,2025-08-24
20519885,2025-09-24
20519885,2025-10-26
20620135,2017-10-17
20620135,2017-10-22
20620135,2017-11-05
20620135,2017-12-16
20620135,2018-01-28
20620135,2018-02-04
20620135,2018-02-11
20620135,2018-03-23
20620135,2018-04-13
20620135,2018-05-17
20620135,2018-05-26
20620135,2018-05-28
20620135,2018-06-19
20620135,2018-07-26
20620135,2018-08-15
20620135,2018-08-30
20620135,2018-10-19
20620135,2018-10-27
20620135,2018-11-23
20620135,2018-12-09
20620135,2019-01-19
20620135,2019-05-18
20620135,2019-05-28
20620135,2019-06-17
20620135,2019-06-20
20620135,2019-06-24
20620135,2019-06-30
20620135,2019-07-06
20620135,2019-07-14
20620135,2019-07-21
20620135,2019-07-28
20620135,2019-08-04
20620135,2019-08-11
20620135,2019-08-15
20620135,2019-08-18
20620135,2019-09-05
20620135,2020-01-30
20620135,2020-02-04
20620135,2020-02-05
20620135,2020-02-14
20620135,2020-04-16
20620135,2020-06-30
20620135,2020-07-29
20620135,2020-08-01
20620135,2020-08-08
20620135,2020-08-16
20620135,2020-09-20
20620135,2020-09-27
20620135,2020-10-04
20620135,2020-10-13
20620135,2020-11-04
20620135,2021-01-06
20620135,2021-01-10
20620135,2022-06-30
20620135,2022-12-31
20620135,2024-06-30
20620135,2024-07-22
20620135,2024-08-22
20620135,2024-10-12
20620135,2024-11-18
20620135,2024-11-30
20620135,2024-12-09
20620135,2024-12-15
20620135,2025-01-01
20620135,2025-01-08
20620135,2025-01-12
20620135,2025-01-14
20620135,2025-01-17
20620135,2025-02-01
20620135,2025-02-05
20620135,2025-02-07
20620135,2025-02-17
20620135,2025-04-12
20620135,2025-04-17
20620135,2025-04-21
20620135,2025-04-26
20620135,2025-05-06
20620135,2025-05-26
20620135,2025-06-01
20620135,2025-06-13
20620135,2025-06-15
20620135,2025-06-22
20620135,2025-07-21
20620135,2025-08-18
20620135,2025-08-28
20620135,2025-09-13
20620135,2025-10-03
20620135,2025-10-05
20620135,2025-10-06
20620135,2025-10-10
20620135,2025-10-12
20620135,2025-10-23
20633175,2018-03-26
20633175,2018-04-01
20633175,2018-04-08
20633175,2018-04-16
20633175,2018-04-27
20633175,2018-05-07
20633175,2018-08-05
20633175,2018-08-12
20633175,2018-08-21
20633175,2018-09-12
20633175,2018-09-16
20633175,2018-09-19
20633175,2018-09-23
20633175,2018-09-30
20633175,2018-10-04
20633175,2018-10-18
20633175,2018-10-21
20633175,2018-10-30
20633175,2018-11-04
20633175,2018-11-09
20633175,2018-11-18
20633175,2018-11-25
20633175,2018-12-06
20633175,2018-12-10
20633175,2019-01-18
20633175,2019-01-24
20633175,2019-01-27
20633175,2019-01-30
20633175,2019-02-03
20633175,2019-02-10
20633175,2019-02-16
20633175,2019-02-24
20633175,2019-03-03
20633175,2019-03-10
20633175,2019-05-31
20633175,2019-06-04
20633175,2019-06-12
20633175,2019-06-16
20633175,2019-06-19
20633175,2019-06-23
20633175,2019-06-30
20633175,2019-07-06
20633175,2019-07-15
20633175,2019-07-21
20633175,2019-07-28
20633175,2019-08-01
20633175,2019-08-24
20633175,2019-09-06
20633175,2019-09-09
20633175,2019-09-11
20633175,2019-09-15
20633175,2019-09-19
20633175,2019-09-22
20633175,2019-09-25
20633175,2019-10-04
20633175,2019-10-09
20633175,2019-10-13
20633175,2019-10-23
20633175,2019-10-27
20633175,2019-11-03
20633175,2019-11-11
20633175,2019-11-20
20633175,2019-11-24
20633175,2019-11-30
20633175,2019-12-13
20633175,2020-01-08
20633175,2020-02-04
20633175,2020-02-09
20633175,2020-02-16
20633175,2020-02-27
20633175,2020-03-08
20633175,2020-06-30
20633175,2020-11-17
20633175,2020-11-29
20633175,2020-12-11
20633175,2020-12-26
20633175,2021-01-02
20633175,2021-01-11
20633175,2021-01-17
20633175,2021-05-09
20633175,2021-05-16
20633175,2021-06-20
20633175,2021-06-27
20633175,2021-07-07
20633175,2021-07-11
20633175,2021-07-16
20633175,2021-07-22
20633175,2021-07-26
20633175,2021-07-31
20633175,2021-08-08
20633175,2021-08-15
20633175,2021-08-30
20633175,2021-09-06
20633175,2021-09-12
20633175,2021-12-11
20633175,2021-12-16
20633175,2021-12-19
20633175,2022-01-26
20633175,2022-01-30
20633175,2022-02-15
20633175,2022-02-19
20633175,2022-02-24
20633175,2022-03-04
20633175,2022-05-25
20633175,2022-05-30
20633175,2022-06-04
20633175,2022-06-18
20633175,2022-07-02
20633175,2022-07-09
20633175,2022-07-12
20633175,2022-07-16
20633175,2022-07-28
20633175,2022-08-15
20633175,2022-08-19
20633175,2022-08-28
20633175,2022-09-05
20633175,2022-09-08
20633175,2022-09-11
20633175,2022-09-16
20633175,2022-09-25
20633175,2022-09-28
20633175,2022-10-02
20633175,2022-10-10
20633175,2022-10-14
20633175,2022-10-18
20633175,2022-10-24
20633175,2022-10-30
20633175,2022-11-04
20633175,2023-03-11
20633175,2023-05-28
20633175,2024-05-12
20633175,2025-10-20
20671966,2017-09-11
20671966,2017-09-22
20671966,2017-09-24
20671966,2017-09-29
20671966,2017-10-06
20671966,2017-10-10
20671966,2017-10-21
20671966,2017-11-22
20671966,2017-12-23
20671966,2018-01-03
20671966,2018-02-16
20671966,2018-02-25
20671966,2018-03-01
20671966,2018-05-20
20671966,2018-05-26
20671966,2018-05-30
20671966,2019-05-11
20671966,2019-05-19
20671966,2019-11-23
20671966,2019-11-27
20671966,2019-11-30
20671966,2019-12-21
20671966,2020-01-25
20671966,2020-02-08
20671966,2020-02-16
20671966,2020-11-02
20671966,2020-11-06
20671966,2020-11-15
20671966,2020-12-19
20671966,2020-12-30
20671966,2021-02-06
20671966,2021-02-14
20671966,2021-05-29
20671966,2022-05-08
20671966,2022-05-15
20671966,2022-05-22
20671966,2022-05-25
20671966,2022-05-31
20671966,2023-06-01
20671966,2024-05-15
20671966,2024-05-21
20671966,2024-09-25
20671966,2024-09-28
20671966,2024-10-28
20671966,2024-12-19
20671966,2025-01-19
20671966,2025-03-14
20671966,2025-05-19
21052414,2018-06-30
21052414,2018-07-24
21052414,2018-08-23
21052414,2018-08-30
21052414,2018-09-14
21052414,2018-09-26
21052414,2018-10-08
21052414,2018-10-19
21052414,2018-10-28
21052414,2019-02-04
21052414,2019-03-01
21052414,2019-05-18
21052414,2019-05-24
21052414,2019-06-01
21052414,2019-07-26
21052414,2019-08-24
21052414,2019-12-18
21052414,2020-01-05
21052414,2020-08-01
21052414,2020-09-15
21052414,2020-09-25
21052414,2020-10-15
21052414,2020-10-31
21052414,2020-11-25
21052414,2021-01-26
21052414,2021-08-15
21052414,2021-08-22
21052414,2021-09-23
21052414,2021-12-19
21052414,2022-01-05
21052414,2022-01-30
21052414,2022-02-10
21052414,2022-08-13
21052414,2022-08-28
21052414,2022-09-09
21052414,2023-06-05
21052414,2023-07-31
21052414,2023-10-06
21052414,2023-11-09
21052414,2023-12-08
21052414,2024-07-04
21052414,2024-07-26
21052414,2024-12-18
21052414,2025-01-31
21052414,2025-03-13
21052414,2025-05-19
21052414,2025-08-31
21392315,2017-11-20
21392315,2017-12-13
21392315,2017-12-18
21392315,2018-01-01
21392315,2018-01-09
21392315,2018-01-15
21392315,2018-01-18
21392315,2018-01-21
21392315,2018-02-18
21392315,2018-02-25
21392315,2018-03-04
21392315,2018-04-08
21392315,2018-04-15
21392315,2018-05-20
21392315,2018-05-26
21392315,2018-06-03
21392315,2018-07-08
21392315,2018-07-29
21392315,2018-08-19
21392315,2018-08-30
21392315,2018-09-21
21392315,2018-09-26
21392315,2018-10-03
21392315,2018-10-14
21392315,2018-10-19
21392315,2018-10-21
21392315,2018-10-28
21392315,2018-10-31
21392315,2018-11-30
21392315,2018-12-07
21392315,2019-02-08
21392315,2019-02-10
21392315,2019-03-03
21392315,2019-03-10
21392315,2019-09-27
21392315,2019-09-30
21392315,2019-10-03
21392315,2019-10-10
21392315,2019-10-15
21392315,2019-10-17
21392315,2019-10-22
21392315,2019-10-29
21392315,2019-11-07
21392315,2019-11-09
21392315,2019-11-24
21392315,2019-11-27
21392315,2019-12-09
21392315,2019-12-16
21392315,2019-12-28
21392315,2019-12-31
21392315,2020-01-02
21392315,2020-01-25
21392315,2020-02-08
21392315,2020-02-16
21392315,2020-02-21
21392315,2020-03-08
21392315,2020-03-15
21392315,2020-05-08
21392315,2020-05-26
21392315,2020-06-13
21392315,2020-06-15
21392315,2020-07-05
21392315,2020-07-26
21392315,2020-07-31
21392315,2020-08-03
21392315,2020-08-17
21392315,2020-08-29
21392315,2020-09-07
21392315,2020-09-10
21392315,2020-12-19
21392315,2020-12-22
21392315,2021-01-10
21392315,2021-01-30
21392315,2021-02-15
21392315,2021-02-20
21392315,2021-02-27
21392315,2021-03-01
21392315,2021-04-19
21392315,2021-08-02
21392315,2021-10-24
21392315,2022-01-22
21392315,2022-02-06
21392315,2022-02-21
21392315,2022-02-24
21392315,2022-03-06
21392315,2022-03-13
21392315,2022-03-18
21392315,2022-03-25
21392315,2022-04-10
21392315,2022-04-12
21392315,2022-04-20
21392315,2022-05-31
21392315,2022-09-03
21392315,2022-09-06
21392315,2022-09-12
21392315,2022-09-15
21392315,2022-10-29
21392315,2023-04-22
21392315,2023-05-09
21392315,2023-05-20
21392315,2023-08-31
21392315,2023-09-10
21392315,2023-10-13
21392315,2023-10-18
21392315,2023-11-12
21392315,2023-12-01
21392315,2023-12-16
21392315,2023-12-22
21392315,2023-12-26
21392315,2024-01-01
21392315,2024-02-19
21392315,2024-02-29
21392315,2024-03-10
21392315,2024-07-01
21392315,2024-07-07
21392315,2024-07-13
21392315,2024-07-27
21392315,2024-07-31
21392315,2024-08-23
21392315,2024-08-26
21392315,2024-09-28
21392315,2024-10-05
21392315,2024-10-11
21392315,2024-10-21
21392315,2024-10-28
21392315,2024-11-18
21392315,2025-04-14
21392315,2025-05-10
21392315,2025-05-17
21392315,2025-05-27
21392315,2025-06-02
21392315,2025-06-07
21392315,2025-08-30
21392315,2025-09-06
21392315,2025-09-17
21392315,2025-09-28
21392315,2025-10-19
21449583,2017-12-25
21449583,2018-01-01
21449583,2018-02-25
21449583,2018-02-28
21449583,2018-05-20
21449583,2018-06-06
21449583,2018-07-09
21449583,2018-07-27
21449583,2025-08-05
21752534,2017-11-27
21752534,2017-12-23
21752534,2017-12-30
21752534,2018-01-02
21752534,2018-02-03
21752534,2018-02-09
21752534,2018-02-11
21752534,2018-02-21
21752534,2018-02-25
21752534,2018-02-28
21752534,2018-03-04
21752534,2018-03-17
21752534,2018-03-24
21752534,2018-03-28
21752534,2018-03-31
21752534,2018-04-05
21752534,2018-04-08
21752534,2018-04-16
21752534,2018-05-09
21752534,2018-05-11
21752534,2018-05-14
21752534,2018-05-30
21752534,2018-06-12
21752534,2018-06-17
21752534,2018-06-19
21752534,2018-07-02
21752534,2018-07-06
21752534,2018-07-11
21752534,2018-07-15
21752534,2018-07-26
21752534,2018-07-31
21752534,2018-08-04
21752534,2018-08-08
21752534,2018-08-14
21752534,2018-08-22
21752534,2018-08-26
21752534,2018-09-08
21752534,2018-09-27
21752534,2018-10-05
21752534,2018-10-13
21752534,2018-10-18
21752534,2018-10-21
21752534,2018-11-19
21752534,2018-11-26
21752534,2018-12-15
21752534,2019-01-01
21752534,2019-01-05
21752534,2019-01-18
21752534,2019-02-24
21752534,2019-03-03
21752534,2019-03-17
21752534,2019-03-20
21752534,2019-03-25
21752534,2019-03-31
21752534,2019-05-06
21752534,2019-05-08
21752534,2019-05-15
21752534,2019-05-16
21752534,2019-05-27
21752534,2019-06-01
21752534,2019-06-05
21752534,2019-06-09
21752534,2019-06-10
21752534,2019-06-16
21752534,2019-06-21
21752534,2019-06-26
21752534,2019-07-04
21752534,2019-07-05
21752534,2019-07-07
21752534,2019-07-12
21752534,2019-07-14
21752534,2019-07-19
21752534,2019-07-21
21752534,2019-07-26
21752534,2019-07-31
21752534,2019-08-01
21752534,2019-08-03
21752534,2019-08-07
21752534,2019-08-10
21752534,2019-08-13
21752534,2019-08-15
21752534,2019-08-19
21752534,2019-08-20
21752534,2019-08-25
21752534,2020-04-05
21752534,2020-04-09
21752534,2020-04-18
21752534,2020-04-27
21752534,2020-05-08
21752534,2020-05-17
21752534,2020-05-28
21752534,2020-06-01
21752534,2020-06-07
21752534,2020-06-14
21752534,2020-06-20
21752534,2020-06-25
21752534,2020-06-29
21752534,2020-07-05
21752534,2020-07-13
21752534,2020-07-16
21752534,2020-07-19
21752534,2020-07-21
21752534,2020-07-25
21752534,2020-07-31
21752534,2020-08-02
21752534,2020-10-31
21752534,2020-11-08
21752534,2020-11-16
21752534,2020-11-21
21752534,2020-12-13
21752534,2021-01-03
21752534,2021-01-25
21752534,2021-02-01
21752534,2021-02-28
21752534,2021-03-21
21752534,2021-04-02
21752534,2021-04-12
21752534,2021-04-26
21752534,2021-05-06
21752534,2021-05-09
21752534,2021-05-18
21752534,2021-05-27
21752534,2021-09-30
21752534,2021-10-11
21752534,2021-11-14
21752534,2022-01-01
21752534,2022-01-15
21752534,2022-03-11
21752534,2022-04-10
21752534,2022-05-01
21752534,2022-06-04
21752534,2022-06-14
21752534,2022-06-19
21752534,2022-07-01
21752534,2022-07-10
21752534,2022-07-28
21752534,2022-08-27
21752534,2022-09-02
21752534,2022-09-05
21752534,2022-09-30
21752534,2022-11-15
21752534,2023-02-02
21752534,2023-02-19
21752534,2023-03-11
21752534,2023-03-17
21752534,2023-03-20
21752534,2023-04-05
21752534,2023-04-14
21752534,2023-07-30
21752534,2023-08-04
21752534,2023-08-12
21752534,2023-08-27
21752534,2023-09-04
21752534,2024-01-20
21752534,2024-02-06
21752534,2024-02-19
21752534,2024-03-08
21752534,2024-03-23
21752534,2024-03-25
21752534,2024-03-29
21752534,2024-04-08
21752534,2024-04-11
21752534,2024-04-21
21752534,2024-05-04
21752534,2024-05-13
21752534,2024-05-22
21752534,2024-06-07
21752534,2024-06-10
21752534,2024-06-18
21752534,2024-07-06
21752534,2024-08-07
21752534,2024-08-15
21752534,2024-12-15
21752534,2024-12-23
21752534,2025-01-26
21752534,2025-03-02
21752534,2025-03-09
21752534,2025-03-15
21752534,2025-03-31
21752534,2025-04-10
21752534,2025-05-25
21752534,2025-06-25
21752534,2025-07-31
21752534,2025-10-07
21769213,2017-12-28
21769213,2018-01-03
21769213,2018-02-28
21769213,2018-03-09
21769213,2018-06-28
21769213,2018-07-26
21769213,2018-08-31
21769213,2019-01-27
21769213,2019-07-24
21769213,2019-12-04
21769213,2020-03-14
21769213,2020-09-27
21769213,2020-10-15
21769213,2020-11-07
21769213,2021-02-01
21769213,2021-11-25
21769213,2022-08-06
21769213,2022-10-22
21769213,2023-04-29
21769213,2023-06-01
21769213,2023-11-17
21769213,2024-01-05
21769213,2024-01-27
21769213,2024-03-01
21769213,2024-05-15
21769213,2024-08-10
21769213,2024-08-30
21769213,2024-09-29
21769213,2024-11-15
21769213,2024-12-17
21769213,2025-01-24
21769213,2025-02-28
21769213,2025-07-05
21769213,2025-08-30
21769439,2017-12-16
21769439,2018-01-03
21769439,2018-02-10
21769439,2018-05-27
21769439,2018-08-25
21769439,2019-03-01
21769439,2019-05-01
21769439,2019-08-16
21769439,2019-09-10
21769439,2019-12-02
21769439,2020-03-13
21769439,2020-08-09
21769439,2020-08-21
21769439,2020-09-24
21769439,2021-05-29
21769439,2021-06-15
21769439,2022-10-22
21769439,2022-11-08
21769439,2023-04-16
21769439,2023-04-29
21769439,2023-09-02
21769439,2024-02-11
21769439,2024-08-31
21769439,2024-10-20
21769439,2024-12-12
21769439,2025-01-24
21769439,2025-10-27
22398196,2018-01-13
22398196,2018-03-28
22398196,2018-04-15
22398196,2018-04-30
22398196,2018-05-05
22398196,2018-05-10
22398196,2018-05-18
22398196,2018-08-12
22398196,2018-08-15
22398196,2018-10-12
22398196,2018-10-18
22398196,2018-10-20
22398196,2018-10-22
22398196,2018-10-28
22398196,2018-11-07
22398196,2019-01-01
22398196,2019-01-09
22398196,2019-01-13
22398196,2019-03-01
22398196,2019-03-03
22398196,2019-03-05
22398196,2019-03-16
22398196,2019-03-31
22398196,2019-04-04
22398196,2019-04-21
22398196,2019-04-28
22398196,2019-05-06
22398196,2019-05-12
22398196,2019-05-23
22398196,2019-05-27
22398196,2019-06-02
22398196,2019-06-16
22398196,2019-07-01
22398196,2019-07-04
22398196,2019-07-13
22398196,2019-07-20
22398196,2019-08-03
22398196,2019-08-06
22398196,2019-08-12
22398196,2019-08-16
22398196,2019-08-18
22398196,2019-08-22
22398196,2019-08-25
22398196,2019-08-27
22398196,2019-12-11
22398196,2019-12-14
22398196,2019-12-20
22398196,2020-02-23
22398196,2020-02-27
22398196,2020-03-13
22398196,2020-03-20
22398196,2020-03-27
22398196,2020-05-01
22398196,2020-06-12
22398196,2021-01-22
22398196,2021-03-13
22398196,2021-06-20
22398196,2021-08-21
22398196,2021-08-26
22398196,2021-08-28
22398196,2021-09-26
22398196,2021-10-04
22398196,2021-11-24
22398196,2021-11-29
22398196,2021-12-07
22398196,2021-12-15
22398196,2022-01-03
22398196,2022-01-27
22398196,2022-03-15
22398196,2022-03-19
22398196,2022-05-08
22398196,2022-05-20
22398196,2022-05-22
22398196,2022-07-04
22398196,2022-07-08
22398196,2022-07-12
22398196,2022-07-15
22398196,2022-07-28
22398196,2022-08-12
22398196,2022-08-15
22398196,2022-08-28
22398196,2022-09-04
22398196,2022-09-11
22398196,2023-01-02
22398196,2023-01-25
22398196,2023-02-08
22398196,2023-02-23
22398196,2023-03-25
22398196,2023-04-12
22398196,2023-04-21
22398196,2023-04-24
22398196,2023-05-01
22398196,2023-06-02
22398196,2023-06-05
22398196,2023-06-25
22398196,2023-07-02
22398196,2023-07-31
22398196,2023-08-28
22398196,2023-09-17
22398196,2023-11-05
22398196,2023-11-08
22398196,2023-11-18
22398196,2023-12-16
22398196,2023-12-23
22398196,2024-01-11
22398196,2024-05-14
22398196,2024-06-10
22398196,2024-07-06
22398196,2024-08-04
22398196,2024-08-12
22398196,2024-08-21
22398196,2024-08-25
22398196,2024-09-01
22398196,2024-09-29
22398196,2024-10-15
22398196,2024-10-28
22398196,2024-11-30
22398196,2024-12-21
22398196,2025-02-26
22398196,2025-03-31
22398196,2025-04-11
22398196,2025-06-09
22398196,2025-07-02
22398196,2025-07-18
22398196,2025-08-01
22398196,2025-08-05
22398196,2025-08-25
22398196,2025-09-02
22398196,2025-09-09
22398196,2025-09-28
24606880,2018-10-13
24606880,2018-10-21
24606880,2018-11-28
24606880,2018-12-20
24606880,2018-12-25
24606880,2019-01-12
24606880,2019-01-20
24606880,2019-03-01
24606880,2019-07-29
24606880,2019-08-01
24606880,2019-08-25
24606880,2019-09-02
24606880,2019-09-06
24606880,2019-09-11
24606880,2019-09-23
24606880,2019-10-12
24606880,2019-10-18
24606880,2020-06-06
24606880,2020-06-20
24606880,2020-06-26
24606880,2020-08-10
24606880,2020-08-14
24606880,2020-09-12
24606880,2020-12-20
24606880,2021-07-03
24606880,2021-07-09
24606880,2021-07-13
24606880,2021-08-31
24606880,2021-10-09
24606880,2021-10-30
24606880,2021-11-07
24606880,2021-12-03
24606880,2022-09-12
24606880,2022-09-25
24606880,2022-10-01
24606880,2022-10-04
24606880,2023-04-13
24606880,2023-04-17
24606880,2023-09-25
24606880,2024-03-08
24606880,2024-05-01
24606880,2024-07-26
24606880,2024-07-29
24606880,2024-07-31
24606880,2024-08-08
24606880,2024-10-28
24606880,2025-02-16
24606880,2025-02-27
24606880,2025-04-25
24606880,2025-05-03
24606880,2025-07-31
24606880,2025-08-03
24606880,2025-08-16
24606880,2025-09-20
24606880,2025-10-12
25549565,2018-06-09
25549565,2018-06-12
25549565,2018-06-14
25549565,2018-06-15
25549565,2018-06-23
25549565,2018-06-24
25549565,2018-06-26
25549565,2018-06-30
25549565,2018-07-02
25549565,2018-07-03
25549565,2018-07-05
25549565,2018-07-06
25549565,2018-07-07
25549565,2018-07-09
25549565,2018-07-10
25549565,2018-07-11
25549565,2018-07-12
25549565,2018-07-13
25549565,2018-07-14
25549565,2018-07-15
25549565,2018-07-16
25549565,2018-07-17
25549565,2018-07-18
25549565,2018-07-19
25549565,2018-07-20
25549565,2018-07-22
25549565,2018-07-25
25549565,2018-07-26
25549565,2018-07-29
25549565,2018-07-31
25549565,2018-08-03
25549565,2018-08-04
25549565,2018-08-06
25549565,2018-08-07
25549565,2018-08-08
25549565,2018-08-10
25549565,2018-08-11
25549565,2018-08-12
25549565,2018-08-15
25549565,2018-08-16
25549565,2018-08-20
25549565,2018-08-22
25549565,2018-08-23
25549565,2018-08-24
25549565,2018-08-26
25549565,2018-08-28
25549565,2018-08-29
25549565,2018-08-30
25549565,2018-09-01
25549565,2018-09-02
25549565,2018-09-05
25549565,2018-09-06
25549565,2018-09-07
25549565,2018-09-08
25549565,2018-09-09
25549565,2018-09-11
25549565,2018-09-19
25549565,2018-09-20
25549565,2018-09-22
25549565,2018-09-25
25549565,2018-09-27
25549565,2018-09-28
25549565,2018-09-30
25549565,2018-10-01
25549565,2018-10-02
25549565,2018-10-03
25549565,2018-10-04
25549565,2018-10-05
25549565,2018-10-06
25549565,2018-10-08
25549565,2018-10-09
25549565,2018-10-10
25549565,2018-10-11
25549565,2018-10-16
25549565,2018-10-17
25549565,2018-10-25
25549565,2018-10-27
25549565,2018-10-28
25549565,2018-10-31
25549565,2018-11-01
25549565,2018-11-02
25549565,2018-11-03
25549565,2018-11-04
25549565,2018-11-06
25549565,2018-11-07
25549565,2018-11-08
25549565,2018-11-09
25549565,2018-11-12
25549565,2018-11-13
25549565,2018-11-15
25549565,2018-11-16
25549565,2018-11-19
25549565,2018-11-20
25549565,2018-11-25
25549565,2018-11-26
25549565,2018-11-28
25549565,2018-11-29
25549565,2018-11-30
25549565,2018-12-02
25549565,2018-12-06
25549565,2018-12-07
25549565,2018-12-08
25549565,2018-12-10
25549565,2018-12-11
25549565,2018-12-12
25549565,2018-12-15
25549565,2018-12-17
25549565,2018-12-19
25549565,2018-12-22
25549565,2018-12-23
25549565,2018-12-30
25549565,2018-12-31
25549565,2019-01-01
25549565,2019-01-02
25549565,2019-01-03
25549565,2019-01-04
25549565,2019-01-05
25549565,2019-01-06
25549565,2019-01-07
25549565,2019-01-09
25549565,2019-01-10
25549565,2019-01-11
25549565,2019-01-15
25549565,2019-01-17
25549565,2019-01-19
25549565,2019-01-25
25549565,2019-01-26
25549565,2019-01-27
25549565,2019-02-01
25549565,2019-02-02
25549565,2019-02-05
25549565,2019-02-06
25549565,2019-02-07
25549565,2019-02-09
25549565,2019-02-10
25549565,2019-02-11
25549565,2019-02-15
25549565,2019-02-17
25549565,2019-02-18
25549565,2019-02-19
25549565,2019-02-22
25549565,2019-02-23
25549565,2019-02-28
25549565,2019-03-01
25549565,2019-03-02
25549565,2019-03-04
25549565,2019-03-05
25549565,2019-03-07
25549565,2019-03-08
25549565,2019-03-10
25549565,2019-03-11
25549565,2019-03-12
25549565,2019-03-14
25549565,2019-03-15
25549565,2019-03-16
25549565,2019-03-17
25549565,2019-03-18
25549565,2019-03-19
25549565,2019-03-21
25549565,2019-03-23
25549565,2019-03-26
25549565,2019-03-30
25549565,2019-03-31
25549565,2019-04-02
25549565,2019-04-04
25549565,2019-04-06
25549565,2019-04-07
25549565,2019-04-08
25549565,2019-04-10
25549565,2019-04-12
25549565,2019-04-13
25549565,2019-04-14
25549565,2019-04-15
25549565,2019-04-16
25549565,2019-04-18
25549565,2019-04-19
25549565,2019-04-20
25549565,2019-04-21
25549565,2019-05-02
25549565,2019-05-04
25549565,2019-05-05
25549565,2019-05-06
25549565,2019-05-07
25549565,2019-05-09
25549565,2019-05-10
25549565,2019-05-11
25549565,2019-05-12
25549565,2019-05-13
25549565,2019-05-14
25549565,2019-05-15
25549565,2019-05-17
25549565,2019-05-19
25549565,2019-05-22
25549565,2019-05-24
25549565,2019-05-25
25549565,2019-05-27
25549565,2019-05-28
25549565,2019-05-29
25549565,2019-05-30
25549565,2019-05-31
25549565,2019-06-02
25549565,2019-06-04
25549565,2019-06-05
25549565,2019-06-06
25549565,2019-06-08
25549565,2019-06-10
25549565,2019-06-11
25549565,2019-06-14
25549565,2019-06-16
25549565,2019-06-18
25549565,2019-06-20
25549565,2019-06-21
25549565,2019-06-24
25549565,2019-06-26
25549565,2019-06-27
25549565,2019-06-28
25549565,2019-06-29
25549565,2019-06-30
25549565,2019-07-04
25549565,2019-07-05
25549565,2019-07-06
25549565,2019-07-07
25549565,2019-07-09
25549565,2019-07-10
25549565,2019-07-11
25549565,2019-07-13
25549565,2019-07-16
25549565,2019-07-17
25549565,2019-07-18
25549565,2019-07-19
25549565,2019-07-22
25549565,2019-07-23
25549565,2019-07-24
25549565,2019-07-26
25549565,2019-07-27
25549565,2019-07-29
25549565,2019-08-02
25549565,2019-08-04
25549565,2019-08-05
25549565,2019-08-08
25549565,2019-08-09
25549565,2019-08-11
25549565,2019-08-12
25549565,2019-08-18
25549565,2019-08-19
25549565,2019-08-20
25549565,2019-08-21
25549565,2019-08-23
25549565,2019-08-24
25549565,2019-08-25
25549565,2019-08-26
25549565,2019-08-28
25549565,2019-08-29
25549565,2019-08-30
25549565,2019-09-01
25549565,2019-09-04
25549565,2019-09-05
25549565,2019-09-06
25549565,2019-09-07
25549565,2019-09-08
25549565,2019-09-10
25549565,2019-09-11
25549565,2019-09-13
25549565,2019-09-14
25549565,2019-09-15
25549565,2019-09-17
25549565,2019-09-18
25549565,2019-09-20
25549565,2019-09-22
25549565,2019-09-24
25549565,2019-09-25
25549565,2019-09-27
25549565,2019-10-02
25549565,2019-10-03
25549565,2019-10-04
25549565,2019-10-06
25549565,2019-10-07
25549565,2019-10-09
25549565,2019-10-10
25549565,2019-10-12
25549565,2019-10-17
25549565,2019-10-18
25549565,2019-10-20
25549565,2019-10-21
25549565,2019-10-23
25549565,2019-10-24
25549565,2019-10-25
25549565,2019-10-28
25549565,2019-10-30
25549565,2019-10-31
25549565,2019-11-04
25549565,2019-11-05
25549565,2019-11-06
25549565,2019-11-07
25549565,2019-11-08
25549565,2019-11-14
25549565,2019-11-15
25549565,2019-11-17
25549565,2019-11-18
25549565,2019-11-20
25549565,2019-11-22
25549565,2019-11-24
25549565,2019-11-27
25549565,2019-11-30
25549565,2019-12-01
25549565,2019-12-02
25549565,2019-12-05
25549565,2019-12-07
25549565,2019-12-08
25549565,2019-12-10
25549565,2019-12-15
25549565,2019-12-16
25549565,2019-12-17
25549565,2019-12-18
25549565,2019-12-19
25549565,2019-12-20
25549565,2019-12-21
25549565,2019-12-26
25549565,2019-12-29
25549565,2019-12-31
25549565,2020-01-01
25549565,2020-01-05
25549565,2020-01-06
25549565,2020-01-07
25549565,2020-01-10
25549565,2020-01-16
25549565,2020-01-18
25549565,2020-01-19
25549565,2020-01-27
25549565,2020-01-30
25549565,2020-01-31
25549565,2020-02-02
25549565,2020-02-03
25549565,2020-02-05
25549565,2020-02-06
25549565,2020-02-07
25549565,2020-02-08
25549565,2020-02-09
25549565,2020-02-13
25549565,2020-02-16
25549565,2020-02-20
25549565,2020-02-23
25549565,2020-02-24
25549565,2020-02-27
25549565,2020-02-28
25549565,2020-03-02
25549565,2020-03-04
25549565,2020-03-06
25549565,2020-03-09
25549565,2020-03-10
25549565,2020-03-11
25549565,2020-03-13
25549565,2020-03-15
25549565,2020-03-16
25549565,2020-06-21
25549565,2020-06-28
25549565,2020-07-06
25549565,2020-07-18
25549565,2020-07-30
25549565,2020-08-07
25549565,2020-08-11
25549565,2020-08-16
25549565,2020-08-19
25549565,2020-08-23
25549565,2020-08-31
25549565,2020-09-13
25549565,2020-10-20
25549565,2020-11-07
25549565,2020-11-12
25549565,2020-11-28
25549565,2020-12-06
25549565,2021-01-07
25549565,2021-01-17
25549565,2021-01-24
25549565,2021-02-05
25549565,2021-02-10
25549565,2021-02-14
25549565,2021-02-19
25549565,2021-02-24
25549565,2021-03-01
25549565,2021-03-21
25549565,2021-03-29
25549565,2021-04-25
25549565,2021-04-29
25549565,2021-05-10
25549565,2021-06-06
25549565,2021-06-11
25549565,2021-06-13
25549565,2021-06-15
25549565,2021-06-18
25549565,2021-06-20
25549565,2021-06-21
25549565,2021-06-22
25549565,2021-06-28
25549565,2021-06-30
25549565,2021-07-01
25549565,2021-07-02
25549565,2021-07-03
25549565,2021-07-08
25549565,2021-07-09
25549565,2021-07-11
25549565,2021-07-12
25549565,2021-07-13
25549565,2021-07-20
25549565,2021-07-22
25549565,2021-07-23
25549565,2021-07-24
25549565,2021-07-26
25549565,2021-07-28
25549565,2021-07-30
25549565,2021-08-02
25549565,2021-08-03
25549565,2021-08-07
25549565,2021-08-16
25549565,2021-08-18
25549565,2021-08-19
25549565,2021-08-20
25549565,2021-08-21
25549565,2021-08-23
25549565,2021-08-25
25549565,2021-08-26
25549565,2021-08-27
25549565,2021-08-29
25549565,2021-09-02
25549565,2021-09-03
25549565,2021-09-06
25549565,2021-09-08
25549565,2021-09-09
25549565,2021-09-16
25549565,2021-09-17
25549565,2021-09-18
25549565,2021-09-21
25549565,2021-09-22
25549565,2021-09-25
25549565,2021-09-26
25549565,2021-09-27
25549565,2021-09-29
25549565,2021-10-01
25549565,2021-10-04
25549565,2021-10-06
25549565,2021-10-09
25549565,2021-10-12
25549565,2021-10-13
25549565,2021-10-14
25549565,2021-10-16
25549565,2021-10-20
25549565,2021-10-21
25549565,2021-10-22
25549565,2021-10-23
25549565,2021-10-24
25549565,2021-10-27
25549565,2021-10-31
25549565,2021-11-04
25549565,2021-11-05
25549565,2021-11-07
25549565,2021-11-11
25549565,2021-11-14
25549565,2021-11-17
25549565,2021-11-19
25549565,2021-11-20
25549565,2021-11-21
25549565,2021-11-22
25549565,2021-11-24
25549565,2021-11-27
25549565,2021-11-28
25549565,2021-12-01
25549565,2021-12-02
25549565,2021-12-05
25549565,2021-12-11
25549565,2021-12-12
25549565,2021-12-13
25549565,2021-12-18
25549565,2021-12-19
25549565,2021-12-28
25549565,2021-12-30
25549565,2021-12-31
25549565,2022-01-03
25549565,2022-01-07
25549565,2022-01-09
25549565,2022-01-11
25549565,2022-01-13
25549565,2022-01-14
25549565,2022-01-15
25549565,2022-01-16
25549565,2022-01-18
25549565,2022-01-20
25549565,2022-01-24
25549565,2022-01-26
25549565,2022-01-28
25549565,2022-01-31
25549565,2022-02-01
25549565,2022-02-02
25549565,2022-02-06
25549565,2022-02-11
25549565,2022-02-12
25549565,2022-02-13
25549565,2022-02-18
25549565,2022-02-20
25549565,2022-02-21
25549565,2022-02-26
25549565,2022-02-27
25549565,2022-03-05
25549565,2022-03-06
25549565,2022-03-07
25549565,2022-03-08
25549565,2022-03-09
25549565,2022-03-12
25549565,2022-03-13
25549565,2022-03-15
25549565,2022-03-16
25549565,2022-03-18
25549565,2022-03-20
25549565,2022-03-21
25549565,2022-03-24
25549565,2022-03-26
25549565,2022-03-27
25549565,2022-03-30
25549565,2022-04-04
25549565,2022-04-05
25549565,2022-04-08
25549565,2022-04-10
25549565,2022-04-15
25549565,2022-04-16
25549565,2022-04-17
25549565,2022-04-18
25549565,2022-04-19
25549565,2022-04-22
25549565,2022-04-24
25549565,2022-04-25
25549565,2022-04-30
25549565,2022-05-01
25549565,2022-05-02
25549565,2022-05-03
25549565,2022-05-04
25549565,2022-05-08
25549565,2022-05-09
25549565,2022-05-10
25549565,2022-05-16
25549565,2022-05-17
25549565,2022-05-18
25549565,2022-05-22
25549565,2022-05-24
25549565,2022-05-28
25549565,2022-05-29
25549565,2022-05-31
25549565,2022-06-01
25549565,2022-06-06
25549565,2022-06-07
25549565,2022-06-08
25549565,2022-06-09
25549565,2022-06-12
25549565,2022-06-13
25549565,2022-06-14
25549565,2022-06-15
25549565,2022-06-24
25549565,2022-06-25
25549565,2022-07-04
25549565,2022-07-10
25549565,2022-07-12
25549565,2022-07-15
25549565,2022-07-16
25549565,2022-07-17
25549565,2022-07-20
25549565,2022-07-21
25549565,2022-07-30
25549565,2022-08-06
25549565,2022-08-07
25549565,2022-08-08
25549565,2022-08-09
25549565,2022-08-16
25549565,2022-08-18
25549565,2022-08-22
25549565,2022-08-23
25549565,2022-08-27
25549565,2022-09-05
25549565,2022-09-11
25549565,2022-09-16
25549565,2022-09-18
25549565,2022-09-24
25549565,2022-09-27
25549565,2022-09-30
25549565,2022-10-01
25549565,2022-10-02
25549565,2022-10-03
25549565,2022-10-05
25549565,2022-10-06
25549565,2022-10-08
25549565,2022-10-09
25549565,2022-10-11
25549565,2022-10-13
25549565,2022-10-14
25549565,2022-10-16
25549565,2022-10-17
25549565,2022-10-19
25549565,2022-10-22
25549565,2022-10-23
25549565,2022-10-29
25549565,2022-11-05
25549565,2022-11-11
25549565,2022-11-13
25549565,2022-11-16
25549565,2022-11-17
25549565,2022-11-18
25549565,2022-11-22
25549565,2022-11-23
25549565,2022-11-24
25549565,2022-11-30
25549565,2022-12-10
25549565,2022-12-13
25549565,2022-12-14
25549565,2022-12-15
25549565,2022-12-16
25549565,2022-12-17
25549565,2022-12-20
25549565,2022-12-22
25549565,2022-12-23
25549565,2022-12-24
25549565,2022-12-26
25549565,2022-12-27
25549565,2022-12-31
25549565,2023-01-03
25549565,2023-01-07
25549565,2023-01-08
25549565,2023-01-10
25549565,2023-01-12
25549565,2023-01-14
25549565,2023-01-16
25549565,2023-01-17
25549565,2023-01-18
25549565,2023-01-20
25549565,2023-01-29
25549565,2023-01-30
25549565,2023-02-02
25549565,2023-02-03
25549565,2023-02-04
25549565,2023-02-05
25549565,2023-02-06
25549565,2023-02-09
25549565,2023-02-15
25549565,2023-02-17
25549565,2023-02-20
25549565,2023-02-26
25549565,2023-02-28
25549565,2023-03-07
25549565,2023-03-10
25549565,2023-03-16
25549565,2023-03-19
25549565,2023-03-20
25549565,2023-03-21
25549565,2023-03-25
25549565,2023-03-26
25549565,2023-03-29
25549565,2023-03-30
25549565,2023-04-02
25549565,2023-04-03
25549565,2023-04-06
25549565,2023-04-07
25549565,2023-04-12
25549565,2023-04-14
25549565,2023-04-16
25549565,2023-04-17
25549565,2023-04-19
25549565,2023-04-21
25549565,2023-04-22
25549565,2023-04-26
25549565,2023-04-27
25549565,2023-04-30
25549565,2023-05-01
25549565,2023-05-02
25549565,2023-05-04
25549565,2023-05-08
25549565,2023-05-10
25549565,2023-05-11
25549565,2023-05-14
25549565,2023-05-23
25549565,2023-05-25
25549565,2023-05-26
25549565,2023-05-28
25549565,2023-06-02
25549565,2023-06-08
25549565,2023-06-11
25549565,2023-06-13
25549565,2023-06-16
25549565,2023-06-17
25549565,2023-06-23
25549565,2023-06-25
25549565,2023-06-27
25549565,2023-06-28
25549565,2023-06-30
25549565,2023-07-02
25549565,2023-07-07
25549565,2023-07-08
25549565,2023-07-19
25549565,2023-07-20
25549565,2023-07-21
25549565,2023-07-23
25549565,2023-07-27
25549565,2023-08-01
25549565,2023-08-04
25549565,2023-08-07
25549565,2023-08-08
25549565,2023-08-09
25549565,2023-08-10
25549565,2023-08-14
25549565,2023-08-31
25549565,2023-09-02
25549565,2023-09-04
25549565,2023-09-05
25549565,2023-09-10
25549565,2023-09-13
25549565,2023-09-15
25549565,2023-09-17
25549565,2023-09-19
25549565,2023-09-20
25549565,2023-09-22
25549565,2023-09-23
25549565,2023-09-24
25549565,2023-09-25
25549565,2023-09-27
25549565,2023-09-30
25549565,2023-10-05
25549565,2023-10-11
25549565,2023-10-12
25549565,2023-10-15
25549565,2023-10-17
25549565,2023-10-19
25549565,2023-10-24
25549565,2023-10-25
25549565,2023-10-26
25549565,2023-10-27
25549565,2023-10-28
25549565,2023-10-29
25549565,2023-10-30
25549565,2023-10-31
25549565,2023-11-10
25549565,2023-11-13
25549565,2023-11-15
25549565,2023-11-16
25549565,2023-11-17
25549565,2023-11-19
25549565,2023-11-22
25549565,2023-11-26
25549565,2023-11-27
25549565,2023-11-28
25549565,2023-11-30
25549565,2023-12-01
25549565,2023-12-02
25549565,2023-12-03
25549565,2023-12-04
25549565,2023-12-07
25549565,2023-12-10
25549565,2023-12-11
25549565,2023-12-15
25549565,2023-12-19
25549565,2023-12-20
25549565,2023-12-21
25549565,2023-12-28
25549565,2024-01-01
25549565,2024-01-02
25549565,2024-01-05
25549565,2024-01-06
25549565,2024-01-10
25549565,2024-01-12
25549565,2024-01-13
25549565,2024-01-15
25549565,2024-01-17
25549565,2024-01-18
25549565,2024-01-20
25549565,2024-01-24
25549565,2024-01-27
25549565,2024-02-02
25549565,2024-02-04
25549565,2024-02-08
25549565,2024-02-10
25549565,2024-02-11
25549565,2024-02-12
25549565,2024-02-18
25549565,2024-02-22
25549565,2024-02-26
25549565,2024-03-02
25549565,2024-03-09
25549565,2024-03-11
25549565,2024-03-17
25549565,2024-03-18
25549565,2024-03-24
25549565,2024-03-25
25549565,2024-04-01
25549565,2024-04-05
25549565,2024-04-08
25549565,2024-04-11
25549565,2024-04-14
25549565,2024-04-16
25549565,2024-04-18
25549565,2024-04-21
25549565,2024-04-23
25549565,2024-04-25
25549565,2024-04-26
25549565,2024-04-30
25549565,2024-05-02
25549565,2024-05-03
25549565,2024-05-04
25549565,2024-05-05
25549565,2024-05-09
25549565,2024-05-13
25549565,2024-05-19
25549565,2024-05-23
25549565,2024-05-24
25549565,2024-05-26
25549565,2024-05-27
25549565,2024-05-28
25549565,2024-05-30
25549565,2024-05-31
25549565,2024-06-02
25549565,2024-06-03
25549565,2024-06-04
25549565,2024-06-06
25549565,2024-06-07
25549565,2024-06-10
25549565,2024-06-11
25549565,2024-06-14
25549565,2024-06-15
25549565,2024-06-16
25549565,2024-06-20
25549565,2024-06-23
25549565,2024-06-24
25549565,2024-06-26
25549565,2024-06-27
25549565,2024-06-28
25549565,2024-07-04
25549565,2024-07-05
25549565,2024-07-06
25549565,2024-07-07
25549565,2024-07-08
25549565,2024-07-10
25549565,2024-07-11
25549565,2024-07-12
25549565,2024-07-13
25549565,2024-07-14
25549565,2024-07-15
25549565,2024-07-16
25549565,2024-07-18
25549565,2024-07-20
25549565,2024-07-24
25549565,2024-07-25
25549565,2024-07-26
25549565,2024-07-27
25549565,2024-07-31
25549565,2024-08-01
25549565,2024-08-02
25549565,2024-08-05
25549565,2024-08-11
25549565,2024-08-17
25549565,2024-08-22
25549565,2024-08-31
25549565,2024-09-03
25549565,2024-09-06
25549565,2024-09-07
25549565,2024-09-09
25549565,2024-09-10
25549565,2024-09-13
25549565,2024-09-17
25549565,2024-09-20
25549565,2024-09-24
25549565,2024-09-25
25549565,2024-09-26
25549565,2024-10-04
25549565,2024-10-09
25549565,2024-10-10
25549565,2024-10-11
25549565,2024-10-17
25549565,2024-10-28
25549565,2024-11-02
25549565,2024-11-03
25549565,2024-11-07
25549565,2024-11-14
25549565,2024-11-16
25549565,2024-11-21
25549565,2024-11-23
25549565,2024-11-26
25549565,2024-11-30
25549565,2024-12-03
25549565,2024-12-06
25549565,2024-12-10
25549565,2024-12-14
25549565,2024-12-16
25549565,2024-12-19
25549565,2024-12-20
25549565,2024-12-21
25549565,2024-12-27
25549565,2024-12-31
25549565,2025-01-01
25549565,2025-01-08
25549565,2025-01-13
25549565,2025-01-19
25549565,2025-01-25
25549565,2025-02-01
25549565,2025-02-06
25549565,2025-02-08
25549565,2025-02-15
25549565,2025-02-17
25549565,2025-02-18
25549565,2025-02-26
25549565,2025-03-02
25549565,2025-03-05
25549565,2025-03-08
25549565,2025-03-09
25549565,2025-03-16
25549565,2025-03-20
25549565,2025-03-23
25549565,2025-03-29
25549565,2025-03-31
25549565,2025-04-09
25549565,2025-04-12
25549565,2025-04-16
25549565,2025-04-20
25549565,2025-04-24
25549565,2025-04-28
25549565,2025-05-01
25549565,2025-05-04
25549565,2025-05-06
25549565,2025-05-08
25549565,2025-05-09
25549565,2025-05-11
25549565,2025-05-15
25549565,2025-05-16
25549565,2025-05-23
25549565,2025-05-24
25549565,2025-05-28
25549565,2025-05-31
25549565,2025-06-01
25549565,2025-06-04
25549565,2025-06-06
25549565,2025-06-08
25549565,2025-06-10
25549565,2025-06-11
25549565,2025-06-16
25549565,2025-06-20
25549565,2025-06-21
25549565,2025-06-24
25549565,2025-06-26
25549565,2025-07-01
25549565,2025-07-03
25549565,2025-07-04
25549565,2025-07-07
25549565,2025-07-09
25549565,2025-07-10
25549565,2025-07-13
25549565,2025-07-19
25549565,2025-07-21
25549565,2025-07-22
25549565,2025-07-24
25549565,2025-07-28
25549565,2025-08-06
25549565,2025-08-08
25549565,2025-08-10
25549565,2025-08-12
25549565,2025-08-18
25549565,2025-08-20
25549565,2025-08-24
25549565,2025-08-27
25549565,2025-09-12
25549565,2025-09-17
25549565,2025-09-28
25549565,2025-10-19
26139592,2018-08-05
26139592,2018-08-20
26139592,2018-08-28
26139592,2018-09-03
26139592,2018-10-07
26139592,2018-10-16
26139592,2018-10-18
26139592,2018-10-31
26139592,2018-11-18
26139592,2018-11-25
26139592,2018-12-02
26139592,2018-12-06
26139592,2018-12-13
26139592,2018-12-27
26139592,2018-12-30
26139592,2019-01-01
26139592,2019-01-17
26139592,2019-02-05
26139592,2019-02-12
26139592,2019-02-16
26139592,2019-02-24
26139592,2019-02-27
26139592,2019-03-10
26139592,2019-03-14
26139592,2019-03-15
26139592,2019-03-18
26139592,2019-03-22
26139592,2019-04-10
26139592,2019-04-21
26139592,2019-04-28
26139592,2019-05-05
26139592,2019-06-01
26139592,2019-06-02
26139592,2019-06-06
26139592,2019-06-26
26139592,2019-07-04
26139592,2019-07-13
26139592,2019-07-23
26139592,2019-07-28
26139592,2019-08-01
26139592,2019-08-27
26139592,2019-09-01
26139592,2019-09-15
26139592,2019-09-22
26139592,2019-09-29
26139592,2019-10-13
26139592,2019-10-18
26139592,2019-10-24
26139592,2019-10-26
26139592,2019-10-27
26139592,2019-11-10
26139592,2019-12-14
26139592,2020-01-09
26139592,2020-01-23
26139592,2020-02-15
26139592,2020-02-26
26139592,2020-03-01
26139592,2020-06-14
26139592,2020-06-21
26139592,2020-06-24
26139592,2020-07-27
26139592,2020-08-16
26139592,2020-08-18
26139592,2020-09-06
26139592,2020-09-20
26139592,2020-10-03
26139592,2020-10-05
26139592,2020-10-11
26139592,2020-10-18
26139592,2020-11-15
26139592,2021-01-06
26139592,2021-02-09
26139592,2021-02-16
26139592,2021-03-28
26139592,2021-05-09
26139592,2021-05-24
26139592,2021-07-25
26139592,2021-09-05
26139592,2021-09-19
26139592,2021-09-26
26139592,2021-09-29
26139592,2021-10-14
26139592,2021-10-17
26139592,2021-11-01
26139592,2021-11-07
26139592,2021-11-14
26139592,2021-11-21
26139592,2021-12-05
26139592,2021-12-19
26139592,2022-02-06
26139592,2022-07-10
26139592,2022-07-14
26139592,2022-07-18
26139592,2022-07-29
26139592,2022-09-09
26139592,2022-09-16
26139592,2022-12-20
26139592,2023-07-27
26139592,2023-08-27
26139592,2023-09-18
26139592,2023-10-01
26139592,2023-10-08
26139592,2023-10-15
26139592,2023-10-22
26139592,2023-11-05
26139592,2023-11-13
26139592,2024-01-08
26139592,2024-02-01
26139592,2024-03-10
26139592,2024-03-21
26139592,2024-03-25
26139592,2024-04-02
26139592,2024-07-26
26139592,2024-07-29
26139592,2024-08-05
26139592,2024-08-11
26139592,2024-08-30
26139592,2024-09-02
26139592,2024-09-11
26139592,2024-09-16
26139592,2024-09-18
26139592,2024-09-29
26139592,2024-10-12
26139592,2024-10-14
26139592,2024-10-28
26139592,2024-10-30
26139592,2024-11-18
26139592,2024-12-07
26139592,2025-01-31
26139592,2025-02-04
26139592,2025-02-13
26139592,2025-02-27
26139592,2025-03-02
26139592,2025-03-09
26139592,2025-03-12
26139592,2025-03-20
26139592,2025-03-22
26139592,2025-05-04
26139592,2025-05-08
26139592,2025-05-26
26139592,2025-06-01
26139592,2025-06-07
26139592,2025-06-23
26139592,2025-06-29
26139592,2025-07-12
26139592,2025-07-14
26139592,2025-07-18
26139592,2025-07-30
26139592,2025-08-12
26139592,2025-08-16
26139592,2025-08-20
26139592,2025-09-01
26139592,2025-09-19
26139592,2025-09-22
26139592,2025-10-11
26139592,2025-10-25
27670660,2019-02-25
27670660,2019-04-21
27670660,2019-05-01
27670660,2019-05-10
27670660,2019-05-20
27670660,2023-03-13
27670660,2023-03-18
27670660,2023-03-27
27670660,2023-05-05
27670660,2023-05-25
27670660,2023-05-29
27670660,2023-06-10
27670660,2023-06-30
27670660,2023-07-03
27670660,2023-07-12
27670660,2023-07-16
27670660,2023-07-27
27670660,2023-07-30
27670660,2023-08-19
27670660,2023-09-03
27670660,2023-09-10
27670660,2024-03-27
27670660,2024-04-02
27670660,2024-07-01
27670660,2024-10-05
27670660,2024-10-15
27670660,2025-07-20
27670660,2025-07-30
27670660,2025-08-04
27670660,2025-08-19
27670660,2025-10-24
27670660,2025-10-27
27692601,2018-10-18
27692601,2018-10-21
27692601,2019-02-13
27692601,2019-05-19
27692601,2019-07-21
27692601,2019-08-02
27692601,2020-07-14
27692601,2020-09-06
27692601,2020-10-07
27692601,2020-11-15
27692601,2021-07-17
27692601,2021-08-28
27692601,2021-09-03
27692601,2022-10-08
27692601,2025-07-21
27692601,2025-08-03
28341274,2018-09-25
28341274,2018-10-06
28341274,2018-10-17
28341274,2018-10-21
28341274,2019-02-27
28341274,2019-03-03
28341274,2019-03-10
28341274,2019-03-12
28341274,2019-07-25
28341274,2019-07-29
28341274,2019-08-01
28341274,2019-08-03
28341274,2019-08-11
28341274,2019-08-13
28341274,2019-08-20
28341274,2019-10-12
28341274,2019-11-15
28341274,2019-12-12
28341274,2020-01-23
28341274,2020-02-15
28341274,2020-02-16
28341274,2021-07-18
28341274,2021-07-22
28341274,2021-07-27
28341274,2021-07-30
28341274,2021-08-06
28341274,2021-08-14
28341274,2021-09-03
28341274,2021-10-18
28341274,2021-10-26
28341274,2021-12-17
28341274,2022-02-23
28341274,2022-03-27
28341274,2022-08-15
28341274,2022-08-23
28341274,2022-09-25
28341274,2022-10-02
28341274,2023-01-13
28341274,2023-01-22
28341274,2023-02-02
28341274,2023-02-20
28341274,2023-02-23
28341274,2023-06-07
28341274,2023-06-11
28341274,2023-06-19
28341274,2023-06-29
28341274,2023-07-01
28341274,2023-07-08
28341274,2023-07-24
28341274,2023-07-27
28341274,2023-07-30
28341274,2023-07-31
28341274,2023-08-19
28341274,2023-09-02
28341274,2023-09-07
28341274,2023-09-18
28341274,2023-09-21
28341274,2023-11-10
28341274,2023-12-16
28341274,2024-01-30
28341274,2024-02-17
28341274,2024-02-28
28341274,2024-05-13
28341274,2024-05-31
28341274,2024-06-13
28341274,2024-06-23
28341274,2024-07-06
28341274,2024-07-16
28341274,2024-07-27
28341274,2024-07-31
28341274,2024-08-24
28341274,2024-08-27
28341274,2024-09-03
28341274,2024-09-08
28341274,2024-09-10
28341274,2024-09-14
28341274,2024-09-17
28341274,2024-09-26
28341274,2024-09-28
28341274,2024-10-01
28341274,2024-10-08
28341274,2024-10-13
28341274,2024-10-14
28341274,2024-10-20
28341274,2024-10-26
28341274,2024-10-27
28341274,2024-10-28
28341274,2024-11-05
28341274,2024-11-08
28341274,2025-02-05
28341274,2025-03-12
28341274,2025-03-13
28341274,2025-06-15
28341274,2025-07-02
28341274,2025-07-17
28341274,2025-07-21
28341274,2025-07-30
28341274,2025-08-04
28341274,2025-08-24
28341274,2025-09-01
28341274,2025-09-13
28341274,2025-10-05
28341274,2025-10-12
28341274,2025-10-19
28400263,2018-11-18
28400263,2018-11-29
28400263,2018-12-03
28400263,2018-12-05
28400263,2018-12-06
28400263,2018-12-09
28400263,2018-12-10
28400263,2018-12-13
28400263,2018-12-15
28400263,2018-12-18
28400263,2018-12-19
28400263,2018-12-23
28400263,2019-01-04
28400263,2019-01-06
28400263,2019-01-07
28400263,2019-01-09
28400263,2019-01-10
28400263,2019-01-26
28400263,2019-01-28
28400263,2019-01-29
28400263,2019-01-30
28400263,2019-02-03
28400263,2019-02-04
28400263,2019-02-05
28400263,2019-02-07
28400263,2019-02-11
28400263,2019-02-18
28400263,2019-02-19
28400263,2019-02-20
28400263,2019-03-08
28400263,2019-03-09
28400263,2019-03-10
28400263,2019-03-14
28400263,2019-03-19
28400263,2019-03-20
28400263,2019-03-21
28400263,2019-03-25
28400263,2019-03-28
28400263,2019-04-02
28400263,2019-04-08
28400263,2019-04-10
28400263,2019-04-15
28400263,2019-04-16
28400263,2019-04-20
28400263,2019-04-21
28400263,2019-04-25
28400263,2019-04-28
28400263,2019-04-29
28400263,2019-05-01
28400263,2019-05-02
28400263,2019-05-03
28400263,2019-05-09
28400263,2019-05-16
28400263,2019-05-18
28400263,2019-05-20
28400263,2019-05-24
28400263,2019-05-25
28400263,2019-05-26
28400263,2019-05-30
28400263,2019-05-31
28400263,2019-06-02
28400263,2019-06-04
28400263,2019-06-05
28400263,2019-06-13
28400263,2019-06-17
28400263,2019-06-19
28400263,2019-06-23
28400263,2019-06-25
28400263,2019-06-26
28400263,2019-06-29
28400263,2019-06-30
28400263,2019-07-07
28400263,2019-07-08
28400263,2019-07-10
28400263,2019-07-11
28400263,2019-07-14
28400263,2019-07-16
28400263,2019-07-17
28400263,2019-07-19
28400263,2019-07-20
28400263,2019-07-21
28400263,2019-07-23
28400263,2019-07-25
28400263,2019-07-26
28400263,2019-07-29
28400263,2019-08-04
28400263,2019-08-05
28400263,2019-08-09
28400263,2019-08-11
28400263,2019-08-15
28400263,2019-08-19
28400263,2019-08-20
28400263,2019-08-25
28400263,2019-08-26
28400263,2019-08-28
28400263,2019-09-01
28400263,2019-09-02
28400263,2019-09-03
28400263,2019-09-06
28400263,2019-09-09
28400263,2019-09-11
28400263,2019-09-16
28400263,2019-09-24
28400263,2019-09-26
28400263,2019-09-30
28400263,2019-10-04
28400263,2019-10-06
28400263,2019-10-13
28400263,2019-10-16
28400263,2019-10-20
28400263,2019-10-21
28400263,2019-10-27
28400263,2019-11-07
28400263,2019-11-11
28400263,2019-11-17
28400263,2019-11-19
28400263,2019-11-20
28400263,2019-12-11
28400263,2019-12-12
28400263,2019-12-17
28400263,2019-12-18
28400263,2019-12-20
28400263,2019-12-31
28400263,2020-01-01
28400263,2020-01-08
28400263,2020-01-09
28400263,2020-01-12
28400263,2020-01-14
28400263,2020-01-17
28400263,2020-01-22
28400263,2020-01-23
28400263,2020-01-26
28400263,2020-02-03
28400263,2020-02-04
28400263,2020-02-10
28400263,2020-04-05
28400263,2020-07-06
28400263,2020-08-31
28400263,2020-09-16
28400263,2020-11-20
28400263,2021-06-30
28400263,2021-09-24
28400263,2021-09-27
28400263,2021-10-29
28400263,2021-10-31
28400263,2021-11-03
28400263,2021-11-07
28400263,2021-11-08
28400263,2021-11-14
28400263,2021-11-21
28400263,2021-12-26
28400263,2022-01-17
28400263,2022-01-18
28400263,2022-01-20
28400263,2022-01-23
28400263,2022-01-31
28400263,2022-02-09
28400263,2022-03-03
28400263,2022-03-06
28400263,2022-03-08
28400263,2022-03-09
28400263,2022-03-11
28400263,2022-03-20
28400263,2022-03-23
28400263,2022-03-25
28400263,2022-03-26
28400263,2022-03-30
28400263,2022-04-02
28400263,2022-04-03
28400263,2022-04-06
28400263,2022-04-10
28400263,2022-04-15
28400263,2022-05-05
28400263,2022-05-13
28400263,2022-05-16
28400263,2022-05-19
28400263,2022-05-21
28400263,2022-05-24
28400263,2022-05-29
28400263,2022-06-01
28400263,2022-06-02
28400263,2022-06-06
28400263,2022-06-10
28400263,2022-06-23
28400263,2022-06-28
28400263,2022-06-29
28400263,2022-07-02
28400263,2022-07-08
28400263,2022-07-11
28400263,2022-07-12
28400263,2022-07-20
28400263,2022-07-21
28400263,2022-07-22
28400263,2022-07-28
28400263,2022-08-10
28400263,2022-08-17
28400263,2022-08-18
28400263,2022-08-19
28400263,2022-08-26
28400263,2022-09-01
28400263,2022-09-15
28400263,2022-09-24
28400263,2022-10-11
28400263,2022-10-14
28400263,2022-10-17
28400263,2022-10-19
28400263,2022-11-11
28400263,2022-12-01
28400263,2022-12-14
28400263,2023-01-12
28400263,2023-02-01
28400263,2023-02-23
28400263,2023-03-13
28400263,2023-03-21
28400263,2023-03-29
28400263,2023-03-31
28400263,2023-04-03
28400263,2023-04-06
28400263,2023-04-15
28400263,2023-04-17
28400263,2023-05-12
28400263,2023-05-17
28400263,2023-05-27
28400263,2023-06-08
28400263,2023-06-13
28400263,2023-06-23
28400263,2023-07-18
28400263,2023-07-20
28400263,2023-07-29
28400263,2023-08-02
28400263,2023-08-15
28400263,2023-08-31
28400263,2023-10-02
28400263,2023-10-04
28400263,2023-10-09
28400263,2023-10-25
28400263,2023-11-13
28400263,2023-12-03
28400263,2023-12-14
28400263,2024-02-01
28400263,2024-02-06
28400263,2024-02-08
28400263,2024-02-28
28400263,2024-03-16
28400263,2024-04-08
28400263,2024-05-04
28400263,2024-05-23
28400263,2024-05-31
28400263,2024-06-08
28400263,2024-06-13
28400263,2024-06-23
28400263,2024-06-30
28400263,2024-07-03
28400263,2024-07-05
28400263,2024-07-15
28400263,2024-07-17
28400263,2024-07-24
28400263,2024-07-26
28400263,2024-07-31
28400263,2024-09-08
28400263,2024-09-20
28400263,2024-09-24
28400263,2024-09-26
28400263,2024-11-02
28400263,2024-11-22
28400263,2024-12-06
28400263,2024-12-11
28400263,2025-02-26
28400263,2025-04-11
28400263,2025-04-27
28400263,2025-05-11
28400263,2025-06-28
28722270,2018-11-25
28722270,2018-11-26
28722270,2018-11-27
28722270,2018-12-07
28722270,2018-12-10
28722270,2018-12-11
28722270,2018-12-13
28722270,2018-12-15
28722270,2018-12-17
28722270,2018-12-21
28722270,2018-12-22
28722270,2018-12-24
28722270,2018-12-27
28722270,2018-12-28
28722270,2018-12-29
28722270,2018-12-30
28722270,2019-01-01
28722270,2019-01-04
28722270,2019-01-07
28722270,2019-01-08
28722270,2019-01-09
28722270,2019-01-10
28722270,2019-01-11
28722270,2019-01-12
28722270,2019-01-14
28722270,2019-01-15
28722270,2019-01-16
28722270,2019-01-17
28722270,2019-01-18
28722270,2019-01-21
28722270,2019-01-22
28722270,2019-01-24
28722270,2019-01-27
28722270,2019-01-28
28722270,2019-01-29
28722270,2019-02-01
28722270,2019-02-06
28722270,2019-02-11
28722270,2019-02-12
28722270,2019-02-14
28722270,2019-02-15
28722270,2019-02-16
28722270,2019-02-18
28722270,2019-02-20
28722270,2019-02-22
28722270,2019-02-23
28722270,2019-02-24
28722270,2019-02-25
28722270,2019-02-27
28722270,2019-02-28
28722270,2019-03-01
28722270,2019-03-03
28722270,2019-03-05
28722270,2019-03-06
28722270,2019-03-08
28722270,2019-03-09
28722270,2019-03-10
28722270,2019-03-11
28722270,2019-03-12
28722270,2019-03-15
28722270,2019-03-16
28722270,2019-03-17
28722270,2019-03-18
28722270,2019-03-20
28722270,2019-03-21
28722270,2019-03-23
28722270,2019-03-24
28722270,2019-03-27
28722270,2019-03-28
28722270,2019-03-29
28722270,2019-03-31
28722270,2019-04-02
28722270,2019-04-03
28722270,2019-04-04
28722270,2019-04-07
28722270,2019-04-09
28722270,2019-04-10
28722270,2019-04-12
28722270,2019-04-15
28722270,2019-04-17
28722270,2019-04-18
28722270,2019-04-20
28722270,2019-04-21
28722270,2019-04-23
28722270,2019-04-26
28722270,2019-04-28
28722270,2019-04-29
28722270,2019-04-30
28722270,2019-05-01
28722270,2019-05-02
28722270,2019-05-05
28722270,2019-05-07
28722270,2019-05-08
28722270,2019-05-09
28722270,2019-05-10
28722270,2019-05-11
28722270,2019-05-12
28722270,2019-05-13
28722270,2019-05-14
28722270,2019-05-17
28722270,2019-05-18
28722270,2019-05-19
28722270,2019-05-21
28722270,2019-05-22
28722270,2019-05-23
28722270,2019-05-25
28722270,2019-05-27
28722270,2019-05-30
28722270,2019-06-03
28722270,2019-06-05
28722270,2019-06-07
28722270,2019-06-09
28722270,2019-06-10
28722270,2019-06-12
28722270,2019-06-13
28722270,2019-06-16
28722270,2019-06-21
28722270,2019-06-23
28722270,2019-06-24
28722270,2019-06-25
28722270,2019-06-27
28722270,2019-06-29
28722270,2019-07-01
28722270,2019-07-03
28722270,2019-07-04
28722270,2019-07-05
28722270,2019-07-06
28722270,2019-07-07
28722270,2019-07-10
28722270,2019-07-11
28722270,2019-07-13
28722270,2019-07-16
28722270,2019-07-18
28722270,2019-07-20
28722270,2019-07-22
28722270,2019-07-23
28722270,2019-07-24
28722270,2019-07-25
28722270,2019-07-26
28722270,2019-07-27
28722270,2019-08-01
28722270,2019-08-08
28722270,2019-08-11
28722270,2019-08-16
28722270,2019-08-18
28722270,2019-08-20
28722270,2019-08-21
28722270,2019-08-22
28722270,2019-08-23
28722270,2019-08-24
28722270,2019-08-26
28722270,2019-08-28
28722270,2019-08-29
28722270,2019-08-30
28722270,2019-09-01
28722270,2019-09-02
28722270,2019-09-03
28722270,2019-09-05
28722270,2019-09-07
28722270,2019-09-08
28722270,2019-09-09
28722270,2019-09-10
28722270,2019-09-12
28722270,2019-09-18
28722270,2019-09-19
28722270,2019-09-22
28722270,2019-09-25
28722270,2019-09-27
28722270,2019-09-28
28722270,2019-10-02
28722270,2019-10-03
28722270,2019-10-04
28722270,2019-10-05
28722270,2019-10-07
28722270,2019-10-08
28722270,2019-10-10
28722270,2019-10-12
28722270,2019-10-13
28722270,2019-10-14
28722270,2019-10-15
28722270,2019-10-16
28722270,2019-10-17
28722270,2019-10-18
28722270,2019-10-24
28722270,2019-10-28
28722270,2019-10-30
28722270,2019-10-31
28722270,2019-11-03
28722270,2019-11-06
28722270,2019-11-07
28722270,2019-11-13
28722270,2019-11-15
28722270,2019-11-17
28722270,2019-11-20
28722270,2019-11-21
28722270,2019-11-28
28722270,2019-12-04
28722270,2019-12-06
28722270,2019-12-07
28722270,2019-12-09
28722270,2019-12-10
28722270,2019-12-11
28722270,2019-12-13
28722270,2019-12-15
28722270,2019-12-16
28722270,2019-12-20
28722270,2019-12-22
28722270,2019-12-23
28722270,2019-12-26
28722270,2019-12-30
28722270,2019-12-31
28722270,2020-01-01
28722270,2020-01-02
28722270,2020-01-03
28722270,2020-01-07
28722270,2020-01-10
28722270,2020-01-15
28722270,2020-01-19
28722270,2020-01-22
28722270,2020-01-24
28722270,2020-02-02
28722270,2020-02-04
28722270,2020-02-05
28722270,2020-02-06
28722270,2020-02-09
28722270,2020-02-10
28722270,2020-02-11
28722270,2020-02-12
28722270,2020-02-14
28722270,2020-02-15
28722270,2020-02-16
28722270,2020-02-17
28722270,2020-02-21
28722270,2020-02-26
28722270,2020-03-03
28722270,2020-03-06
28722270,2020-03-07
28722270,2020-03-08
28722270,2020-03-11
28722270,2020-03-15
28722270,2020-03-16
28722270,2020-03-28
28722270,2020-04-30
28722270,2020-05-08
28722270,2020-05-10
28722270,2020-05-11
28722270,2020-05-18
28722270,2020-05-25
28722270,2020-05-28
28722270,2020-06-05
28722270,2020-06-12
28722270,2020-06-14
28722270,2020-06-20
28722270,2020-06-22
28722270,2020-06-23
28722270,2020-06-24
28722270,2020-06-25
28722270,2020-06-28
28722270,2020-06-30
28722270,2020-07-04
28722270,2020-07-09
28722270,2020-07-10
28722270,2020-07-12
28722270,2020-07-19
28722270,2020-07-23
28722270,2020-07-25
28722270,2020-07-27
28722270,2020-07-29
28722270,2020-08-02
28722270,2020-08-03
28722270,2020-08-04
28722270,2020-08-07
28722270,2020-08-12
28722270,2020-08-17
28722270,2020-08-20
28722270,2020-08-21
28722270,2020-08-23
28722270,2020-08-24
28722270,2020-08-26
28722270,2020-08-27
28722270,2020-08-29
28722270,2020-09-02
28722270,2020-09-06
28722270,2020-09-07
28722270,2020-09-09
28722270,2020-09-10
28722270,2020-09-15
28722270,2020-09-16
28722270,2020-09-17
28722270,2020-09-20
28722270,2020-09-22
28722270,2020-09-23
28722270,2020-09-24
28722270,2020-09-28
28722270,2020-10-01
28722270,2020-10-03
28722270,2020-10-04
28722270,2020-10-05
28722270,2020-10-08
28722270,2020-10-09
28722270,2020-10-11
28722270,2020-10-12
28722270,2020-10-13
28722270,2020-10-19
28722270,2020-10-22
28722270,2020-10-24
28722270,2020-10-25
28722270,2020-10-30
28722270,2020-11-15
28722270,2020-11-22
28722270,2020-11-28
28722270,2020-11-29
28722270,2020-12-05
28722270,2020-12-06
28722270,2020-12-07
28722270,2020-12-11
28722270,2020-12-12
28722270,2020-12-13
28722270,2020-12-15
28722270,2020-12-24
28722270,2020-12-27
28722270,2020-12-30
28722270,2021-01-02
28722270,2021-01-03
28722270,2021-01-05
28722270,2021-01-10
28722270,2021-01-14
28722270,2021-01-16
28722270,2021-01-23
28722270,2021-01-24
28722270,2021-01-25
28722270,2021-01-26
28722270,2021-01-28
28722270,2021-01-30
28722270,2021-01-31
28722270,2021-02-02
28722270,2021-02-08
28722270,2021-02-11
28722270,2021-02-13
28722270,2021-02-14
28722270,2021-02-15
28722270,2021-02-17
28722270,2021-02-18
28722270,2021-02-21
28722270,2021-02-22
28722270,2021-02-23
28722270,2021-02-24
28722270,2021-02-25
28722270,2021-02-27
28722270,2021-02-28
28722270,2021-03-03
28722270,2021-03-04
28722270,2021-03-05
28722270,2021-03-13
28722270,2021-03-16
28722270,2021-03-20
28722270,2021-03-21
28722270,2021-03-25
28722270,2021-03-27
28722270,2021-03-29
28722270,2021-03-31
28722270,2021-04-01
28722270,2021-04-02
28722270,2021-04-04
28722270,2021-04-08
28722270,2021-04-13
28722270,2021-04-16
28722270,2021-04-18
28722270,2021-04-19
28722270,2021-04-25
28722270,2021-05-02
28722270,2021-05-03
28722270,2021-05-04
28722270,2021-05-06
28722270,2021-05-08
28722270,2021-05-13
28722270,2021-05-14
28722270,2021-05-15
28722270,2021-05-20
28722270,2021-05-21
28722270,2021-05-22
28722270,2021-05-23
28722270,2021-05-24
28722270,2021-05-26
28722270,2021-05-28
28722270,2021-05-29
28722270,2021-06-01
28722270,2021-06-03
28722270,2021-06-07
28722270,2021-06-09
28722270,2021-06-10
28722270,2021-06-13
28722270,2021-06-17
28722270,2021-06-19
28722270,2021-06-21
28722270,2021-06-22
28722270,2021-06-23
28722270,2021-06-24
28722270,2021-06-26
28722270,2021-06-27
28722270,2021-06-28
28722270,2021-06-30
28722270,2021-07-02
28722270,2021-07-04
28722270,2021-07-05
28722270,2021-07-09
28722270,2021-07-11
28722270,2021-07-12
28722270,2021-07-13
28722270,2021-07-15
28722270,2021-07-17
28722270,2021-07-20
28722270,2021-07-21
28722270,2021-07-23
28722270,2021-07-25
28722270,2021-07-26
28722270,2021-07-29
28722270,2021-07-30
28722270,2021-08-03
28722270,2021-08-07
28722270,2021-08-09
28722270,2021-08-12
28722270,2021-08-13
28722270,2021-08-14
28722270,2021-08-15
28722270,2021-08-17
28722270,2021-08-21
28722270,2021-08-30
28722270,2021-08-31
28722270,2021-09-01
28722270,2021-09-09
28722270,2021-09-11
28722270,2021-09-13
28722270,2021-09-14
28722270,2021-09-17
28722270,2021-09-18
28722270,2021-09-19
28722270,2021-09-20
28722270,2021-09-21
28722270,2021-09-27
28722270,2021-10-01
28722270,2021-10-03
28722270,2021-10-09
28722270,2021-10-15
28722270,2021-10-19
28722270,2021-10-21
28722270,2021-10-24
28722270,2021-10-30
28722270,2021-10-31
28722270,2021-11-04
28722270,2021-11-08
28722270,2021-11-10
28722270,2021-11-11
28722270,2021-11-12
28722270,2021-11-14
28722270,2021-11-16
28722270,2021-11-26
28722270,2021-11-28
28722270,2021-12-05
28722270,2021-12-07
28722270,2021-12-09
28722270,2021-12-12
28722270,2021-12-14
28722270,2021-12-17
28722270,2021-12-18
28722270,2021-12-27
28722270,2021-12-29
28722270,2022-01-01
28722270,2022-01-04
28722270,2022-01-15
28722270,2022-01-17
28722270,2022-01-20
28722270,2022-01-21
28722270,2022-01-22
28722270,2022-01-26
28722270,2022-01-28
28722270,2022-01-30
28722270,2022-02-07
28722270,2022-02-12
28722270,2022-02-16
28722270,2022-02-17
28722270,2022-02-18
28722270,2022-02-20
28722270,2022-02-27
28722270,2022-02-28
28722270,2022-03-02
28722270,2022-03-05
28722270,2022-03-06
28722270,2022-03-08
28722270,2022-03-14
28722270,2022-03-20
28722270,2022-03-21
28722270,2022-03-22
28722270,2022-03-24
28722270,2022-03-26
28722270,2022-03-30
28722270,2022-04-03
28722270,2022-04-04
28722270,2022-04-06
28722270,2022-04-12
28722270,2022-04-14
28722270,2022-04-15
28722270,2022-04-16
28722270,2022-04-18
28722270,2022-04-21
28722270,2022-04-22
28722270,2022-04-25
28722270,2022-04-26
28722270,2022-04-28
28722270,2022-05-04
28722270,2022-05-06
28722270,2022-05-08
28722270,2022-05-11
28722270,2022-05-13
28722270,2022-05-15
28722270,2022-05-16
28722270,2022-05-17
28722270,2022-05-23
28722270,2022-05-24
28722270,2022-05-25
28722270,2022-05-31
28722270,2022-06-01
28722270,2022-06-03
28722270,2022-06-04
28722270,2022-06-08
28722270,2022-06-10
28722270,2022-06-18
28722270,2022-06-29
28722270,2022-07-01
28722270,2022-07-04
28722270,2022-07-05
28722270,2022-07-06
28722270,2022-07-10
28722270,2022-07-16
28722270,2022-07-17
28722270,2022-07-19
28722270,2022-07-21
28722270,2022-07-23
28722270,2022-07-24
28722270,2022-07-31
28722270,2022-08-03
28722270,2022-08-04
28722270,2022-08-08
28722270,2022-08-10
28722270,2022-08-15
28722270,2022-08-17
28722270,2022-08-21
28722270,2022-08-25
28722270,2022-08-27
28722270,2022-08-28
28722270,2022-08-29
28722270,2022-09-03
28722270,2022-09-05
28722270,2022-09-08
28722270,2022-09-11
28722270,2022-09-17
28722270,2022-09-18
28722270,2022-09-19
28722270,2022-10-02
28722270,2022-10-05
28722270,2022-10-11
28722270,2022-10-15
28722270,2022-10-16
28722270,2022-11-13
28722270,2022-11-26
28722270,2022-11-28
28722270,2022-12-03
28722270,2022-12-16
28722270,2022-12-23
28722270,2022-12-30
28722270,2023-01-09
28722270,2023-01-16
28722270,2023-02-02
28722270,2023-02-23
28722270,2023-03-06
28722270,2023-03-12
28722270,2023-03-26
28722270,2023-04-23
28722270,2023-04-27
28722270,2023-04-30
28722270,2023-05-05
28722270,2023-05-07
28722270,2023-05-22
28722270,2023-05-30
28722270,2023-06-04
28722270,2023-06-11
28722270,2023-06-19
28722270,2023-06-21
28722270,2023-06-26
28722270,2023-07-03
28722270,2023-07-16
28722270,2023-07-17
28722270,2023-07-23
28722270,2023-07-26
28722270,2023-07-30
28722270,2023-08-09
28722270,2023-08-12
28722270,2023-08-14
28722270,2023-08-18
28722270,2023-08-20
28722270,2023-08-22
28722270,2023-10-15
28722270,2023-10-26
28722270,2023-11-30
28722270,2023-12-03
28722270,2023-12-24
28722270,2023-12-27
28722270,2024-01-02
28722270,2024-01-08
28722270,2024-01-25
28722270,2024-02-09
28722270,2024-02-12
28722270,2024-02-14
28722270,2024-02-25
28722270,2024-02-29
28722270,2024-03-03
28722270,2024-03-06
28722270,2024-03-08
28722270,2024-03-13
28722270,2024-03-20
28722270,2024-03-23
28722270,2024-03-24
28722270,2024-03-25
28722270,2024-04-02
28722270,2024-04-09
28722270,2024-04-13
28722270,2024-04-14
28722270,2024-04-23
28722270,2024-04-28
28722270,2024-05-05
28722270,2024-05-08
28722270,2024-05-10
28722270,2024-05-14
28722270,2024-05-16
28722270,2024-05-30
28722270,2024-06-08
28722270,2024-06-09
28722270,2024-06-13
28722270,2024-06-27
28722270,2024-07-07
28722270,2024-07-10
28722270,2024-07-14
28722270,2024-07-21
28722270,2024-08-04
28722270,2024-08-11
28722270,2024-08-17
28722270,2024-08-24
28722270,2024-08-25
28722270,2024-09-03
28722270,2024-09-07
28722270,2024-09-10
28722270,2024-09-28
28722270,2024-09-29
28722270,2024-10-01
28722270,2024-10-03
28722270,2024-10-06
28722270,2024-10-11
28722270,2024-10-15
28722270,2024-10-16
28722270,2024-10-20
28722270,2024-11-07
28722270,2024-11-15
28722270,2024-11-17
28722270,2024-12-12
28722270,2024-12-21
28722270,2024-12-22
28722270,2024-12-29
28722270,2025-01-01
28722270,2025-01-12
28722270,2025-01-19
28722270,2025-01-30
28722270,2025-02-02
28722270,2025-02-07
28722270,2025-02-13
28722270,2025-02-16
28722270,2025-03-04
28722270,2025-03-07
28722270,2025-03-12
28722270,2025-03-15
28722270,2025-03-22
28722270,2025-03-23
28722270,2025-03-30
28722270,2025-04-06
28722270,2025-04-09
28722270,2025-04-11
28722270,2025-04-14
28722270,2025-04-18
28722270,2025-04-20
28722270,2025-05-01
28722270,2025-05-03
28722270,2025-05-26
28722270,2025-06-13
28722270,2025-06-21
28722270,2025-06-28
28722270,2025-06-29
28722270,2025-07-05
28722270,2025-07-07
28722270,2025-07-11
28722270,2025-07-14
28722270,2025-07-22
28722270,2025-07-27
28722270,2025-07-28
28722270,2025-08-04
28722270,2025-08-10
28722270,2025-08-15
28722270,2025-08-17
28722270,2025-08-19
28722270,2025-08-25
28722270,2025-08-28
28722270,2025-08-30
28722270,2025-09-03
28722270,2025-09-05
28722270,2025-09-06
28722270,2025-09-07
28722270,2025-09-15
28722270,2025-09-17
28722270,2025-09-20
28722270,2025-09-21
28722270,2025-09-30
28722270,2025-10-05
28722270,2025-10-10
28722270,2025-10-15
28722270,2025-10-17
28722270,2025-10-19
28722270,2025-10-23
28722270,2025-10-27
28722270,2025-10-29
28868857,2018-12-14
28868857,2018-12-27
28868857,2018-12-28
28868857,2018-12-30
28868857,2019-01-01
28868857,2019-01-09
28868857,2019-01-10
28868857,2019-01-12
28868857,2019-01-13
28868857,2019-01-14
28868857,2019-01-15
28868857,2019-01-17
28868857,2019-01-18
28868857,2019-01-19
28868857,2019-01-21
28868857,2019-01-23
28868857,2019-01-27
28868857,2019-01-30
28868857,2019-02-02
28868857,2019-02-03
28868857,2019-02-05
28868857,2019-02-08
28868857,2019-02-11
28868857,2019-02-12
28868857,2019-02-13
28868857,2019-02-14
28868857,2019-02-15
28868857,2019-02-17
28868857,2019-02-21
28868857,2019-02-22
28868857,2019-02-23
28868857,2019-02-25
28868857,2019-02-27
28868857,2019-02-28
28868857,2019-03-02
28868857,2019-03-03
28868857,2019-03-05
28868857,2019-03-07
28868857,2019-03-09
28868857,2019-03-10
28868857,2019-03-12
28868857,2019-03-13
28868857,2019-03-15
28868857,2019-03-18
28868857,2019-03-19
28868857,2019-03-20
28868857,2019-03-23
28868857,2019-03-24
28868857,2019-03-29
28868857,2019-03-30
28868857,2019-03-31
28868857,2019-04-04
28868857,2019-04-05
28868857,2019-04-09
28868857,2019-04-14
28868857,2019-04-16
28868857,2019-04-19
28868857,2019-04-27
28868857,2019-05-01
28868857,2019-05-07
28868857,2019-05-08
28868857,2019-05-09
28868857,2019-05-12
28868857,2019-05-15
28868857,2019-05-17
28868857,2019-05-19
28868857,2019-05-22
28868857,2019-05-23
28868857,2019-05-24
28868857,2019-05-25
28868857,2019-05-27
28868857,2019-05-29
28868857,2019-05-30
28868857,2019-05-31
28868857,2019-06-07
28868857,2019-06-15
28868857,2019-06-16
28868857,2019-06-17
28868857,2019-06-20
28868857,2019-06-22
28868857,2019-06-23
28868857,2019-06-24
28868857,2019-06-26
28868857,2019-07-01
28868857,2019-07-02
28868857,2019-07-03
28868857,2019-07-06
28868857,2019-07-07
28868857,2019-07-10
28868857,2019-07-12
28868857,2019-07-13
28868857,2019-07-14
28868857,2019-07-16
28868857,2019-07-17
28868857,2019-07-18
28868857,2019-07-19
28868857,2019-07-20
28868857,2019-07-24
28868857,2019-07-25
28868857,2019-07-26
28868857,2019-07-27
28868857,2019-07-28
28868857,2019-07-31
28868857,2019-08-01
28868857,2019-08-03
28868857,2019-08-05
28868857,2019-08-11
28868857,2019-08-14
28868857,2019-08-15
28868857,2019-08-16
28868857,2019-08-19
28868857,2019-08-20
28868857,2019-08-21
28868857,2019-08-23
28868857,2019-08-25
28868857,2019-08-27
28868857,2019-08-29
28868857,2019-09-08
28868857,2019-09-09
28868857,2019-09-10
28868857,2019-09-11
28868857,2019-09-12
28868857,2019-09-15
28868857,2019-09-19
28868857,2019-09-20
28868857,2019-09-21
28868857,2019-09-22
28868857,2019-09-24
28868857,2019-09-26
28868857,2019-09-27
28868857,2019-09-29
28868857,2019-09-30
28868857,2019-10-01
28868857,2019-10-03
28868857,2019-10-04
28868857,2019-10-05
28868857,2019-10-06
28868857,2019-10-07
28868857,2019-10-08
28868857,2019-10-09
28868857,2019-10-10
28868857,2019-10-11
28868857,2019-10-12
28868857,2019-10-15
28868857,2019-10-16
28868857,2019-10-17
28868857,2019-10-18
28868857,2019-10-19
28868857,2019-10-20
28868857,2019-10-23
28868857,2019-10-26
28868857,2019-10-27
28868857,2019-10-28
28868857,2019-10-31
28868857,2019-11-03
28868857,2019-11-06
28868857,2019-11-07
28868857,2019-11-08
28868857,2019-11-10
28868857,2019-11-17
28868857,2019-11-18
28868857,2019-11-19
28868857,2019-11-20
28868857,2019-11-21
28868857,2019-11-22
28868857,2019-11-26
28868857,2019-12-01
28868857,2019-12-06
28868857,2019-12-12
28868857,2019-12-14
28868857,2019-12-15
28868857,2019-12-16
28868857,2019-12-20
28868857,2019-12-21
28868857,2019-12-28
28868857,2019-12-31
28868857,2020-01-01
28868857,2020-01-08
28868857,2020-01-09
28868857,2020-01-12
28868857,2020-01-14
28868857,2020-01-18
28868857,2020-01-19
28868857,2020-01-21
28868857,2020-01-25
28868857,2020-01-26
28868857,2020-02-02
28868857,2020-02-06
28868857,2020-02-07
28868857,2020-02-09
28868857,2020-02-13
28868857,2020-02-14
28868857,2020-02-15
28868857,2020-02-16
28868857,2020-02-22
28868857,2020-02-27
28868857,2020-03-03
28868857,2020-03-04
28868857,2020-03-07
28868857,2020-03-08
28868857,2020-03-15
28868857,2020-03-19
28868857,2020-03-21
28868857,2020-03-26
28868857,2020-04-15
28868857,2020-04-17
28868857,2020-04-23
28868857,2020-05-01
28868857,2020-05-11
28868857,2020-05-15
28868857,2020-05-21
28868857,2020-06-01
28868857,2020-06-03
28868857,2020-07-02
28868857,2020-07-04
28868857,2020-07-07
28868857,2020-07-12
28868857,2020-07-15
28868857,2020-07-16
28868857,2020-08-05
28868857,2020-08-07
28868857,2020-08-09
28868857,2020-08-10
28868857,2020-08-21
28868857,2020-08-24
28868857,2020-08-25
28868857,2020-09-02
28868857,2020-09-03
28868857,2020-09-07
28868857,2020-09-08
28868857,2020-09-09
28868857,2020-09-11
28868857,2020-09-15
28868857,2020-09-16
28868857,2020-09-18
28868857,2020-09-20
28868857,2020-10-04
28868857,2020-10-09
28868857,2020-10-11
28868857,2020-10-12
28868857,2020-10-17
28868857,2020-10-18
28868857,2020-10-23
28868857,2020-10-24
28868857,2020-10-25
28868857,2020-11-04
28868857,2020-11-09
28868857,2020-11-12
28868857,2020-11-15
28868857,2020-11-19
28868857,2020-11-23
28868857,2020-11-29
28868857,2020-12-14
28868857,2021-01-31
28868857,2021-02-01
28868857,2021-02-15
28868857,2021-02-21
28868857,2021-02-28
28868857,2021-03-10
28868857,2021-03-17
28868857,2021-03-20
28868857,2021-03-27
28868857,2021-03-29
28868857,2021-03-30
28868857,2021-04-03
28868857,2021-04-07
28868857,2021-04-11
28868857,2021-04-15
28868857,2021-04-17
28868857,2021-04-18
28868857,2021-04-25
28868857,2021-04-27
28868857,2021-05-02
28868857,2021-05-10
28868857,2021-05-12
28868857,2021-05-20
28868857,2021-05-29
28868857,2021-05-30
28868857,2021-06-04
28868857,2021-06-07
28868857,2021-06-13
28868857,2021-06-18
28868857,2021-06-19
28868857,2021-06-21
28868857,2021-06-28
28868857,2021-07-01
28868857,2021-07-05
28868857,2021-07-10
28868857,2021-07-14
28868857,2021-07-16
28868857,2021-07-18
28868857,2021-07-20
28868857,2021-07-21
28868857,2021-07-25
28868857,2021-07-26
28868857,2021-07-28
28868857,2021-08-01
28868857,2021-08-02
28868857,2021-08-04
28868857,2021-08-05
28868857,2021-08-07
28868857,2021-08-10
28868857,2021-08-15
28868857,2021-08-18
28868857,2021-08-19
28868857,2021-08-22
28868857,2021-08-27
28868857,2021-08-29
28868857,2021-09-05
28868857,2021-09-06
28868857,2021-09-07
28868857,2021-09-09
28868857,2021-09-15
28868857,2021-09-16
28868857,2021-09-18
28868857,2021-09-19
28868857,2021-09-27
28868857,2021-09-29
28868857,2021-09-30
28868857,2021-10-01
28868857,2021-10-03
28868857,2021-10-08
28868857,2021-10-11
28868857,2021-10-14
28868857,2021-10-17
28868857,2021-10-19
28868857,2021-10-22
28868857,2021-10-23
28868857,2021-10-25
28868857,2021-10-26
28868857,2021-10-28
28868857,2021-10-29
28868857,2021-11-04
28868857,2021-11-07
28868857,2021-11-12
28868857,2021-11-13
28868857,2021-11-14
28868857,2021-11-23
28868857,2021-11-28
28868857,2021-11-30
28868857,2021-12-06
28868857,2021-12-08
28868857,2021-12-09
28868857,2021-12-10
28868857,2021-12-12
28868857,2021-12-18
28868857,2021-12-19
28868857,2021-12-24
28868857,2021-12-25
28868857,2022-01-07
28868857,2022-01-13
28868857,2022-01-16
28868857,2022-01-22
28868857,2022-01-23
28868857,2022-01-27
28868857,2022-02-07
28868857,2022-02-10
28868857,2022-02-11
28868857,2022-02-13
28868857,2022-02-18
28868857,2022-02-20
28868857,2022-02-21
28868857,2022-03-10
28868857,2022-04-01
28868857,2022-04-02
28868857,2022-04-03
28868857,2022-04-06
28868857,2022-04-07
28868857,2022-04-08
28868857,2022-04-10
28868857,2022-04-14
28868857,2022-04-15
28868857,2022-04-18
28868857,2022-04-24
28868857,2022-04-29
28868857,2022-05-01
28868857,2022-05-05
28868857,2022-05-09
28868857,2022-05-13
28868857,2022-05-14
28868857,2022-05-18
28868857,2022-05-19
28868857,2022-05-20
28868857,2022-05-23
28868857,2022-05-27
28868857,2022-05-30
28868857,2022-06-01
28868857,2022-06-03
28868857,2022-06-06
28868857,2022-06-08
28868857,2022-06-10
28868857,2022-06-12
28868857,2022-06-13
28868857,2022-06-14
28868857,2022-06-16
28868857,2022-06-20
28868857,2022-06-23
28868857,2022-06-24
28868857,2022-06-27
28868857,2022-06-28
28868857,2022-06-30
28868857,2022-07-01
28868857,2022-07-03
28868857,2022-07-05
28868857,2022-07-10
28868857,2022-07-13
28868857,2022-07-14
28868857,2022-07-18
28868857,2022-07-21
28868857,2022-07-22
28868857,2022-07-24
28868857,2022-07-25
28868857,2022-07-29
28868857,2022-08-01
28868857,2022-08-03
28868857,2022-08-06
28868857,2022-08-08
28868857,2022-08-09
28868857,2022-08-17
28868857,2022-08-19
28868857,2022-08-20
28868857,2022-08-21
28868857,2022-08-25
28868857,2022-08-26
28868857,2022-08-31
28868857,2022-09-04
28868857,2022-09-05
28868857,2022-09-10
28868857,2022-09-11
28868857,2022-09-13
28868857,2022-09-18
28868857,2022-09-24
28868857,2022-09-25
28868857,2022-09-26
28868857,2022-10-01
28868857,2022-10-02
28868857,2022-10-03
28868857,2022-10-06
28868857,2022-10-08
28868857,2022-10-11
28868857,2022-10-12
28868857,2022-10-14
28868857,2022-10-15
28868857,2022-10-17
28868857,2022-10-17
28868857,2022-10-21
28868857,2022-10-23
28868857,2022-10-24
28868857,2022-10-26
28868857,2022-11-08
28868857,2022-11-10
28868857,2022-11-19
28868857,2022-11-21
28868857,2022-11-24
28868857,2022-11-27
28868857,2022-12-16
28868857,2022-12-30
28868857,2023-01-16
28868857,2023-02-03
28868857,2023-02-09
28868857,2023-02-12
28868857,2023-02-18
28868857,2023-02-26
28868857,2023-02-28
28868857,2023-03-01
28868857,2023-03-12
28868857,2023-03-15
28868857,2023-03-19
28868857,2023-04-01
28868857,2023-04-11
28868857,2023-04-15
28868857,2023-05-07
28868857,2023-05-08
28868857,2023-05-12
28868857,2023-05-14
28868857,2023-05-18
28868857,2023-05-27
28868857,2023-06-04
28868857,2023-06-08
28868857,2023-06-09
28868857,2023-06-11
28868857,2023-06-18
28868857,2023-06-21
28868857,2023-06-23
28868857,2023-06-24
28868857,2023-06-29
28868857,2023-07-05
28868857,2023-07-28
28868857,2023-07-30
28868857,2023-08-02
28868857,2023-08-05
28868857,2023-08-07
28868857,2023-08-09
28868857,2023-08-10
28868857,2023-08-12
28868857,2023-08-15
28868857,2023-08-18
28868857,2023-08-25
28868857,2023-08-26
28868857,2023-08-31
28868857,2023-09-09
28868857,2023-09-09
28868857,2023-09-11
28868857,2023-09-16
28868857,2023-09-20
28868857,2023-09-21
28868857,2023-09-22
28868857,2023-09-28
28868857,2023-09-29
28868857,2023-09-30
28868857,2023-10-02
28868857,2023-10-06
28868857,2023-10-07
28868857,2023-10-08
28868857,2023-10-14
28868857,2023-10-29
28868857,2023-11-08
28868857,2023-11-18
28868857,2023-11-22
28868857,2023-11-24
28868857,2023-11-27
28868857,2023-12-01
28868857,2023-12-03
28868857,2023-12-11
28868857,2023-12-14
28868857,2023-12-22
28868857,2023-12-25
28868857,2023-12-27
28868857,2023-12-30
28868857,2024-01-06
28868857,2024-01-09
28868857,2024-01-14
28868857,2024-02-03
28868857,2024-02-06
28868857,2024-02-11
28868857,2024-02-14
28868857,2024-02-25
28868857,2024-02-26
28868857,2024-02-29
28868857,2024-03-02
28868857,2024-03-04
28868857,2024-03-08
28868857,2024-03-13
28868857,2024-03-14
28868857,2024-03-25
28868857,2024-04-03
28868857,2024-04-05
28868857,2024-04-07
28868857,2024-04-08
28868857,2024-04-09
28868857,2024-04-13
28868857,2024-04-15
28868857,2024-04-16
28868857,2024-04-21
28868857,2024-04-22
28868857,2024-05-08
28868857,2024-05-10
28868857,2024-05-15
28868857,2024-05-16
28868857,2024-06-07
28868857,2024-06-08
28868857,2024-06-15
28868857,2024-06-16
28868857,2024-06-27
28868857,2024-06-30
28868857,2024-07-03
28868857,2024-07-07
28868857,2024-07-08
28868857,2024-08-04
28868857,2024-08-09
28868857,2024-08-12
28868857,2024-08-18
28868857,2024-08-22
28868857,2024-08-27
28868857,2024-09-03
28868857,2024-09-08
28868857,2024-09-27
28868857,2024-10-12
28868857,2024-10-18
28868857,2024-10-25
28868857,2024-10-28
28868857,2024-10-29
28868857,2024-11-02
28868857,2024-11-07
28868857,2024-11-18
28868857,2024-11-21
28868857,2024-11-24
28868857,2024-11-27
28868857,2024-12-01
28868857,2024-12-04
28868857,2024-12-08
28868857,2024-12-20
28868857,2024-12-21
28868857,2024-12-26
28868857,2024-12-31
28868857,2025-01-01
28868857,2025-01-23
28868857,2025-01-26
28868857,2025-01-31
28868857,2025-02-04
28868857,2025-02-14
28868857,2025-02-19
28868857,2025-02-23
28868857,2025-03-06
28868857,2025-03-09
28868857,2025-03-12
28868857,2025-03-14
28868857,2025-03-16
28868857,2025-03-21
28868857,2025-03-30
28868857,2025-03-31
28868857,2025-04-02
28868857,2025-04-07
28868857,2025-04-11
28868857,2025-04-13
28868857,2025-04-24
28868857,2025-04-26
28868857,2025-05-04
28868857,2025-05-07
28868857,2025-05-08
28868857,2025-05-12
28868857,2025-05-14
28868857,2025-05-21
28868857,2025-05-23
28868857,2025-05-25
28868857,2025-05-26
28868857,2025-05-29
28868857,2025-06-01
28868857,2025-06-10
28868857,2025-06-12
28868857,2025-06-14
28868857,2025-06-16
28868857,2025-06-21
28868857,2025-07-01
28868857,2025-07-10
28868857,2025-07-12
28868857,2025-07-14
28868857,2025-07-15
28868857,2025-07-22
28868857,2025-07-28
28868857,2025-08-04
28868857,2025-08-10
28868857,2025-08-14
28868857,2025-08-19
28868857,2025-08-24
28868857,2025-08-30
28868857,2025-09-01
28868857,2025-09-02
28868857,2025-09-07
28868857,2025-09-10
28868857,2025-09-19
28868857,2025-09-25
28868857,2025-09-26
28868857,2025-09-28
28868857,2025-10-04
28868857,2025-10-10
28868857,2025-10-13
28868857,2025-10-15
28868857,2025-10-17
28868857,2025-10-19
28868857,2025-10-24
28929840,2018-10-18
28929840,2019-07-31
28929840,2022-05-15
28929840,2022-07-27
28929840,2022-10-02
28929840,2023-05-27
28929840,2024-06-09
28929840,2025-10-12
29605579,2018-11-07
29605579,2018-11-08
29605579,2018-11-10
29605579,2018-11-12
29605579,2018-11-16
29605579,2018-11-17
29605579,2018-11-18
29605579,2018-11-25
29605579,2018-11-28
29605579,2018-11-29
29605579,2018-12-06
29605579,2018-12-14
29605579,2018-12-24
29605579,2018-12-27
29605579,2018-12-29
29605579,2018-12-30
29605579,2019-01-01
29605579,2019-01-13
29605579,2019-01-16
29605579,2019-02-28
29605579,2019-03-03
29605579,2019-03-10
29605579,2019-03-12
29605579,2019-03-16
29605579,2019-03-17
29605579,2019-03-19
29605579,2019-03-21
29605579,2019-03-30
29605579,2019-04-13
29605579,2019-04-14
29605579,2019-04-18
29605579,2019-04-20
29605579,2019-05-04
29605579,2019-05-09
29605579,2019-05-11
29605579,2019-05-19
29605579,2019-05-26
29605579,2019-05-27
29605579,2019-06-30
29605579,2019-07-07
29605579,2019-07-08
29605579,2019-07-12
29605579,2019-07-18
29605579,2019-07-19
29605579,2019-07-28
29605579,2019-08-16
29605579,2019-08-17
29605579,2019-08-30
29605579,2019-09-01
29605579,2019-09-08
29605579,2020-04-11
29605579,2020-04-20
29605579,2020-07-01
29605579,2020-07-31
29605579,2020-09-13
29605579,2020-10-24
29605579,2020-11-23
29605579,2020-12-02
29605579,2021-01-24
29605579,2021-02-28
29605579,2021-03-19
29605579,2021-04-05
29605579,2021-05-14
29605579,2021-05-16
29605579,2021-05-21
29605579,2021-06-19
29605579,2021-06-20
29605579,2021-07-01
29605579,2021-09-05
29605579,2021-09-25
29605579,2021-10-02
29605579,2022-05-22
29605579,2022-05-27
29605579,2022-07-20
29605579,2022-08-06
29605579,2022-08-21
29605579,2022-09-09
29605579,2022-09-16
29605579,2022-09-25
29605579,2022-10-09
29605579,2023-04-29
29605579,2023-05-14
29605579,2023-06-24
29605579,2023-07-09
29605579,2023-07-20
29605579,2023-07-27
29605579,2023-08-27
29605579,2023-09-04
29605579,2024-03-30
29605579,2024-04-01
29605579,2024-07-28
29605579,2024-09-02
29605579,2024-10-14
29605579,2024-10-19
29605579,2024-10-21
29605579,2024-10-30
29605579,2024-11-07
29605579,2025-02-16
29605579,2025-02-24
29605579,2025-02-27
29605579,2025-03-01
29605579,2025-03-02
29605579,2025-04-05
29605579,2025-04-21
29605579,2025-05-04
29605579,2025-05-10
29605579,2025-05-11
29605579,2025-06-29
29605579,2025-07-21
29605579,2025-08-19
29605579,2025-08-30
29605579,2025-08-31
29605579,2025-09-02
29605579,2025-09-05
29605579,2025-09-07
29605579,2025-09-16
29605579,2025-09-17
29605579,2025-09-26
29605579,2025-09-28
29605579,2025-09-29
30189794,2019-02-02
30189794,2019-08-30
30189794,2019-09-06
30189794,2019-10-13
30189794,2019-10-18
30189794,2019-10-20
30189794,2019-10-25
30189794,2019-11-09
30189794,2019-11-20
30189794,2019-12-21
30189794,2020-01-04
30189794,2020-01-09
30189794,2020-01-11
30189794,2020-01-15
30189794,2020-04-20
30189794,2020-05-10
30189794,2020-05-31
30189794,2020-06-11
30189794,2020-06-28
30189794,2020-08-15
30189794,2020-09-26
30189794,2020-10-24
30189794,2020-11-01
30189794,2020-12-11
30189794,2020-12-23
30189794,2020-12-26
30189794,2021-02-21
30189794,2021-10-13
30189794,2021-10-16
30189794,2021-10-22
30189794,2021-12-23
30189794,2021-12-26
30189794,2022-04-24
30189794,2022-05-01
30189794,2022-06-05
30189794,2022-06-11
30189794,2022-06-17
30189794,2022-07-03
30189794,2022-07-15
30189794,2022-07-17
30189794,2022-07-22
30189794,2022-07-25
30189794,2022-08-06
30189794,2022-08-12
30189794,2022-08-19
30189794,2022-08-21
30189794,2022-08-26
30189794,2022-09-22
30189794,2022-09-25
30189794,2022-11-01
30189794,2023-02-06
30189794,2023-02-22
30189794,2023-04-12
30189794,2023-04-16
30189794,2023-05-13
30189794,2023-06-12
30189794,2023-06-23
30189794,2023-07-15
30189794,2023-07-27
30189794,2023-07-30
30189794,2023-08-04
30189794,2023-09-08
30189794,2023-10-15
30189794,2023-12-30
30189794,2024-04-26
30189794,2024-05-05
30189794,2024-05-12
30189794,2024-05-19
30189794,2025-06-28
30189794,2025-08-01
30189794,2025-08-31
30189794,2025-09-26
30189794,2025-10-01
32279028,2019-02-22
32279028,2019-02-24
32279028,2019-02-27
32279028,2019-02-28
32279028,2019-03-02
32279028,2019-03-03
32279028,2019-03-07
32279028,2019-03-10
32279028,2019-03-24
32279028,2019-03-31
32279028,2019-04-03
32279028,2019-04-07
32279028,2019-04-10
32279028,2019-04-12
32279028,2019-04-14
32279028,2019-04-16
32279028,2019-04-18
32279028,2019-04-23
32279028,2019-04-25
32279028,2019-04-27
32279028,2019-04-28
32279028,2019-05-01
32279028,2019-05-05
32279028,2019-05-08
32279028,2019-05-09
32279028,2019-05-10
32279028,2019-05-12
32279028,2019-05-15
32279028,2019-05-16
32279028,2019-05-23
32279028,2019-05-25
32279028,2019-05-26
32279028,2019-05-30
32279028,2019-05-31
32279028,2019-06-02
32279028,2019-06-06
32279028,2019-06-09
32279028,2019-06-16
32279028,2019-06-20
32279028,2019-06-23
32279028,2019-06-26
32279028,2019-06-27
32279028,2019-06-29
32279028,2019-06-30
32279028,2019-07-02
32279028,2019-07-03
32279028,2019-07-04
32279028,2019-07-07
32279028,2019-07-14
32279028,2019-07-19
32279028,2019-07-21
32279028,2019-07-28
32279028,2019-07-31
32279028,2019-08-01
32279028,2019-08-03
32279028,2019-08-05
32279028,2019-08-08
32279028,2019-08-09
32279028,2019-08-21
32279028,2019-08-24
32279028,2019-08-25
32279028,2019-08-27
32279028,2019-08-29
32279028,2019-08-30
32279028,2019-09-06
32279028,2019-09-09
32279028,2019-09-12
32279028,2019-09-15
32279028,2019-09-20
32279028,2019-09-21
32279028,2019-09-22
32279028,2019-09-24
32279028,2019-09-25
32279028,2019-09-28
32279028,2019-12-14
32279028,2021-07-04
32279028,2021-07-08
32279028,2021-08-04
32279028,2021-08-05
32279028,2021-08-18
32279028,2021-08-22
32279028,2021-08-25
32279028,2021-09-01
32279028,2021-10-04
32279028,2021-11-01
32279028,2021-11-10
32279028,2021-11-17
32279028,2021-11-18
32279028,2021-11-20
32279028,2021-11-23
32279028,2021-12-02
32279028,2021-12-05
32279028,2021-12-09
32279028,2021-12-16
32279028,2022-01-28
32279028,2022-02-09
32279028,2022-02-15
32279028,2022-02-28
32279028,2022-03-08
32279028,2022-03-09
32279028,2022-03-10
32279028,2022-03-12
32279028,2022-03-15
32279028,2022-03-16
32279028,2022-03-19
32279028,2022-03-21
32279028,2022-03-22
32279028,2022-03-27
32279028,2022-04-03
32279028,2022-04-07
32279028,2022-04-16
32279028,2022-04-25
32279028,2022-04-28
32279028,2022-04-30
32279028,2022-05-04
32279028,2022-05-07
32279028,2022-05-10
32279028,2022-05-18
32279028,2022-05-19
32279028,2022-05-21
32279028,2022-05-23
32279028,2022-06-12
32279028,2022-06-13
32279028,2022-06-18
32279028,2022-06-20
32279028,2022-06-23
32279028,2022-06-26
32279028,2022-06-29
32279028,2022-06-30
32279028,2022-07-05
32279028,2022-07-17
32279028,2022-07-28
32279028,2022-07-31
32279028,2022-08-04
32279028,2022-08-26
32279028,2022-08-27
32279028,2022-08-31
32279028,2022-09-05
32279028,2022-09-21
32279028,2022-09-23
32279028,2022-10-04
32279028,2022-10-08
32279028,2022-10-19
32279028,2022-10-23
32279028,2022-10-26
32279028,2022-10-30
32279028,2022-11-09
32279028,2022-11-13
32279028,2022-11-19
32279028,2022-11-20
32279028,2022-11-23
32279028,2022-12-04
32279028,2022-12-08
32279028,2023-01-22
32279028,2023-03-09
32279028,2023-03-17
32279028,2023-03-20
32279028,2023-03-30
32279028,2023-04-06
32279028,2023-04-15
32279028,2023-04-26
32279028,2023-04-29
32279028,2023-05-11
32279028,2023-05-13
32279028,2023-05-14
32279028,2023-05-28
32279028,2023-05-31
32279028,2023-06-05
32279028,2023-06-11
32279028,2023-06-16
32279028,2023-06-18
32279028,2023-06-26
32279028,2023-06-28
32279028,2023-07-01
32279028,2023-07-02
32279028,2023-07-16
32279028,2023-07-24
32279028,2023-07-26
32279028,2023-07-28
32279028,2023-08-24
32279028,2023-08-27
32279028,2023-08-31
32279028,2023-09-10
32279028,2023-09-14
32279028,2023-10-01
32279028,2023-10-20
32279028,2023-10-23
32279028,2023-10-30
32279028,2023-11-02
32279028,2023-11-05
32279028,2023-11-14
32279028,2023-11-19
32279028,2023-12-03
32279028,2024-01-25
32279028,2024-02-08
32279028,2024-02-29
32279028,2024-03-28
32279028,2024-04-07
32279028,2024-04-08
32279028,2024-06-01
32279028,2024-06-02
32279028,2024-06-09
32279028,2024-07-11
32279028,2024-07-18
32279028,2024-08-31
32279028,2024-09-08
32279028,2024-10-17
32279028,2025-01-23
32279028,2025-02-15
32279028,2025-02-25
32279028,2025-03-04
32279028,2025-03-05
32279028,2025-05-18
32279028,2025-07-17
32279028,2025-07-23
32279028,2025-09-06
32279028,2025-09-07
32279028,2025-09-14
32279028,2025-09-28
32450400,2024-10-28
32993402,2019-03-21
32993402,2019-03-24
32993402,2019-03-29
32993402,2019-03-31
32993402,2019-04-13
32993402,2019-04-14
32993402,2019-04-18
32993402,2019-04-22
32993402,2019-04-26
32993402,2019-04-28
32993402,2019-04-29
32993402,2019-05-01
32993402,2019-05-04
32993402,2019-05-07
32993402,2019-05-10
32993402,2019-05-11
32993402,2019-05-12
32993402,2019-05-17
32993402,2019-05-18
32993402,2019-05-20
32993402,2019-05-21
32993402,2019-05-23
32993402,2019-05-25
32993402,2019-05-26
32993402,2019-05-27
32993402,2019-05-28
32993402,2019-05-31
32993402,2019-06-02
32993402,2019-06-04
32993402,2019-06-09
32993402,2019-06-13
32993402,2019-06-14
32993402,2019-06-16
32993402,2019-06-20
32993402,2019-06-21
32993402,2019-06-27
32993402,2019-06-28
32993402,2019-06-30
32993402,2019-07-01
32993402,2019-07-02
32993402,2019-07-04
32993402,2019-07-07
32993402,2019-07-10
32993402,2019-07-14
32993402,2019-07-15
32993402,2019-07-18
32993402,2019-07-20
32993402,2019-07-22
32993402,2019-07-23
32993402,2019-07-25
32993402,2019-07-28
32993402,2019-07-29
32993402,2019-08-01
32993402,2019-08-06
32993402,2019-08-07
32993402,2019-08-09
32993402,2019-08-10
32993402,2019-08-12
32993402,2019-08-13
32993402,2019-08-14
32993402,2019-08-18
32993402,2019-08-20
32993402,2019-08-23
32993402,2019-08-24
32993402,2019-08-25
32993402,2019-08-27
32993402,2019-08-29
32993402,2019-08-31
32993402,2019-09-01
32993402,2019-09-06
32993402,2019-09-08
32993402,2019-09-12
32993402,2019-09-15
32993402,2019-09-20
32993402,2019-09-22
32993402,2019-09-25
32993402,2019-09-26
32993402,2019-09-27
32993402,2019-09-30
32993402,2019-10-02
32993402,2019-10-03
32993402,2019-10-04
32993402,2019-10-06
32993402,2019-10-07
32993402,2019-10-09
32993402,2019-10-13
32993402,2019-10-14
32993402,2019-10-15
32993402,2019-10-17
32993402,2019-10-21
32993402,2019-10-24
32993402,2019-10-27
32993402,2019-11-08
32993402,2019-11-11
32993402,2019-11-17
32993402,2019-11-20
32993402,2019-11-21
32993402,2019-11-24
32993402,2019-11-29
32993402,2019-12-07
32993402,2019-12-08
32993402,2019-12-12
32993402,2019-12-16
32993402,2019-12-20
32993402,2019-12-21
32993402,2019-12-22
32993402,2019-12-24
32993402,2019-12-26
32993402,2019-12-29
32993402,2020-01-02
32993402,2020-01-03
32993402,2020-01-25
32993402,2020-02-09
32993402,2020-02-15
32993402,2020-02-17
32993402,2020-02-23
32993402,2020-03-01
32993402,2020-03-04
32993402,2020-03-06
32993402,2020-03-07
32993402,2020-03-08
32993402,2020-03-11
32993402,2020-03-15
32993402,2020-03-16
32993402,2020-03-30
32993402,2020-04-06
32993402,2020-04-09
32993402,2020-04-15
32993402,2020-04-17
32993402,2020-04-30
32993402,2020-05-09
32993402,2020-06-11
32993402,2020-06-13
32993402,2020-06-14
32993402,2020-06-23
32993402,2020-06-25
32993402,2020-06-28
32993402,2020-07-02
32993402,2020-07-03
32993402,2020-07-05
32993402,2020-07-12
32993402,2020-07-16
32993402,2020-07-24
32993402,2020-07-27
32993402,2020-07-31
32993402,2020-08-01
32993402,2020-08-03
32993402,2020-08-11
32993402,2020-08-13
32993402,2020-08-15
32993402,2020-08-18
32993402,2020-08-21
32993402,2020-08-23
32993402,2020-08-24
32993402,2020-08-30
32993402,2020-09-01
32993402,2020-09-04
32993402,2020-09-07
32993402,2020-09-11
32993402,2020-09-13
32993402,2020-09-21
32993402,2020-09-27
32993402,2020-10-03
32993402,2020-10-07
32993402,2020-10-08
32993402,2020-10-11
32993402,2020-10-12
32993402,2020-10-15
32993402,2020-10-16
32993402,2020-10-18
32993402,2020-10-19
32993402,2020-10-25
32993402,2020-10-30
32993402,2020-11-01
32993402,2020-11-13
32993402,2020-11-16
32993402,2020-11-20
32993402,2020-11-24
32993402,2020-11-25
32993402,2020-11-26
32993402,2020-11-27
32993402,2020-11-29
32993402,2020-12-13
32993402,2020-12-20
32993402,2020-12-26
32993402,2020-12-27
32993402,2020-12-28
32993402,2020-12-29
32993402,2020-12-31
32993402,2021-01-03
32993402,2021-01-15
32993402,2021-01-18
32993402,2021-01-25
32993402,2021-01-31
32993402,2021-02-02
32993402,2021-02-12
32993402,2021-02-15
32993402,2021-02-27
32993402,2021-02-28
32993402,2021-03-07
32993402,2021-03-10
32993402,2021-03-18
32993402,2021-03-20
32993402,2021-03-24
32993402,2021-03-27
32993402,2021-03-31
32993402,2021-05-02
32993402,2021-05-11
32993402,2021-05-17
32993402,2021-05-19
32993402,2021-05-23
32993402,2021-05-27
32993402,2021-05-30
32993402,2021-06-02
32993402,2021-06-03
32993402,2021-06-07
32993402,2021-06-10
32993402,2021-06-12
32993402,2021-06-18
32993402,2021-06-20
32993402,2021-06-21
32993402,2021-06-25
32993402,2021-06-27
32993402,2021-07-04
32993402,2021-07-08
32993402,2021-07-10
32993402,2021-07-12
32993402,2021-07-20
32993402,2021-07-24
32993402,2021-07-25
32993402,2021-07-26
32993402,2021-08-01
32993402,2021-08-06
32993402,2021-08-08
32993402,2021-08-10
32993402,2021-08-12
32993402,2021-08-17
32993402,2021-08-18
32993402,2021-08-21
32993402,2021-08-23
32993402,2021-08-26
32993402,2021-08-28
32993402,2021-08-29
32993402,2021-09-06
32993402,2021-09-09
32993402,2021-09-10
32993402,2021-09-12
32993402,2021-09-18
32993402,2021-09-20
32993402,2021-09-29
32993402,2021-10-05
32993402,2021-10-09
32993402,2021-10-10
32993402,2021-11-13
32993402,2021-11-21
32993402,2021-11-24
32993402,2021-12-05
32993402,2021-12-06
32993402,2021-12-09
32993402,2021-12-12
32993402,2021-12-15
32993402,2021-12-18
32993402,2021-12-19
32993402,2021-12-26
32993402,2021-12-27
32993402,2021-12-29
32993402,2022-01-14
32993402,2022-01-16
32993402,2022-01-21
32993402,2022-02-03
32993402,2022-02-05
32993402,2022-02-06
32993402,2022-02-11
32993402,2022-02-13
32993402,2022-02-14
32993402,2022-02-17
32993402,2022-02-18
32993402,2022-02-19
32993402,2022-02-24
32993402,2022-02-26
32993402,2022-03-03
32993402,2022-03-06
32993402,2022-03-09
32993402,2022-03-13
32993402,2022-03-15
32993402,2022-03-16
32993402,2022-03-17
32993402,2022-03-18
32993402,2022-03-20
32993402,2022-03-23
32993402,2022-03-27
32993402,2022-04-02
32993402,2022-04-03
32993402,2022-04-08
32993402,2022-04-10
32993402,2022-04-11
32993402,2022-04-15
32993402,2022-04-18
32993402,2022-04-21
32993402,2022-04-24
32993402,2022-04-27
32993402,2022-05-01
32993402,2022-05-11
32993402,2022-05-14
32993402,2022-05-15
32993402,2022-05-19
32993402,2022-05-21
32993402,2022-05-24
32993402,2022-05-28
32993402,2022-05-30
32993402,2022-05-31
32993402,2022-06-03
32993402,2022-06-04
32993402,2022-06-05
32993402,2022-06-07
32993402,2022-06-08
32993402,2022-06-09
32993402,2022-06-10
32993402,2022-06-13
32993402,2022-06-18
32993402,2022-06-19
32993402,2022-06-26
32993402,2022-06-30
32993402,2022-07-08
32993402,2022-07-09
32993402,2022-07-13
32993402,2022-07-15
32993402,2022-07-17
32993402,2022-07-28
32993402,2022-07-31
32993402,2022-08-01
32993402,2022-08-05
32993402,2022-08-06
32993402,2022-08-12
32993402,2022-08-14
32993402,2022-08-19
32993402,2022-08-21
32993402,2022-08-23
32993402,2022-08-28
32993402,2022-09-02
32993402,2022-09-04
32993402,2022-09-14
32993402,2022-09-15
32993402,2022-09-21
32993402,2022-09-24
32993402,2022-09-26
32993402,2022-09-30
32993402,2022-10-04
32993402,2022-10-06
32993402,2022-10-12
32993402,2022-10-16
32993402,2022-10-23
32993402,2022-10-28
32993402,2022-10-31
32993402,2022-11-04
32993402,2022-11-05
32993402,2022-11-06
32993402,2022-11-12
32993402,2022-11-16
32993402,2022-11-24
32993402,2022-11-25
32993402,2022-12-02
32993402,2022-12-07
32993402,2022-12-11
32993402,2023-01-15
32993402,2023-01-20
32993402,2023-02-10
32993402,2023-02-11
32993402,2023-03-09
32993402,2023-03-12
32993402,2023-03-20
32993402,2023-03-31
32993402,2023-04-16
32993402,2023-04-21
32993402,2023-04-28
32993402,2023-05-22
32993402,2023-06-03
32993402,2023-06-11
32993402,2023-06-20
32993402,2023-06-29
32993402,2023-07-03
32993402,2023-07-09
32993402,2023-07-15
32993402,2023-07-21
32993402,2023-07-25
32993402,2023-07-28
32993402,2023-08-02
32993402,2023-08-05
32993402,2023-08-06
32993402,2023-08-08
32993402,2023-08-10
32993402,2023-08-20
32993402,2023-08-26
32993402,2023-09-13
32993402,2023-10-01
32993402,2023-10-20
32993402,2023-11-10
32993402,2023-11-12
32993402,2023-11-17
32993402,2023-11-19
32993402,2023-12-11
32993402,2023-12-15
32993402,2023-12-26
32993402,2024-04-14
32993402,2024-05-03
32993402,2024-06-04
32993402,2024-06-21
32993402,2024-06-23
32993402,2024-07-02
32993402,2024-07-14
32993402,2024-07-28
32993402,2024-08-01
32993402,2024-08-07
32993402,2024-08-09
32993402,2024-08-10
32993402,2024-08-13
32993402,2024-08-17
32993402,2024-08-22
32993402,2024-08-25
32993402,2024-09-08
32993402,2024-09-15
32993402,2024-09-22
32993402,2024-10-03
32993402,2024-10-04
32993402,2024-10-10
32993402,2024-10-13
32993402,2024-11-01
32993402,2024-11-03
32993402,2024-11-24
32993402,2024-11-29
32993402,2024-12-01
32993402,2024-12-26
32993402,2024-12-27
32993402,2024-12-28
32993402,2025-01-23
32993402,2025-01-26
32993402,2025-01-29
32993402,2025-02-23
32993402,2025-03-02
32993402,2025-04-01
32993402,2025-04-11
32993402,2025-04-13
32993402,2025-04-24
32993402,2025-05-10
32993402,2025-05-14
32993402,2025-05-18
32993402,2025-05-25
32993402,2025-06-01
32993402,2025-06-08
32993402,2025-06-11
32993402,2025-06-14
32993402,2025-06-15
32993402,2025-07-06
32993402,2025-07-07
32993402,2025-07-28
32993402,2025-08-12
32993402,2025-08-30
32993402,2025-10-07
32993402,2025-10-11
32993402,2025-10-19
32993402,2025-11-01
33558235,2019-04-20
33558235,2019-04-28
33558235,2019-05-03
33558235,2019-05-04
33558235,2019-05-07
33558235,2019-05-12
33558235,2019-05-18
33558235,2019-05-20
33558235,2019-05-26
33558235,2019-05-31
33558235,2019-06-07
33558235,2019-06-08
33558235,2019-06-09
33558235,2019-06-14
33558235,2019-06-16
33558235,2019-06-17
33558235,2019-06-19
33558235,2019-06-21
33558235,2019-07-24
33558235,2019-07-25
33558235,2019-07-26
33558235,2019-07-27
33558235,2019-07-29
33558235,2019-07-31
33558235,2019-08-01
33558235,2019-08-02
33558235,2019-08-04
33558235,2019-08-08
33558235,2019-08-09
33558235,2019-08-11
33558235,2019-08-12
33558235,2019-08-14
33558235,2019-08-16
33558235,2019-08-17
33558235,2019-08-19
33558235,2019-08-21
33558235,2019-08-26
33558235,2019-08-29
33558235,2019-09-08
33558235,2019-09-12
33558235,2019-09-15
33558235,2019-09-20
33558235,2019-09-21
33558235,2019-09-22
33558235,2019-09-29
33558235,2019-10-05
33558235,2019-10-07
33558235,2019-10-08
33558235,2019-10-10
33558235,2019-10-11
33558235,2019-10-13
33558235,2019-10-14
33558235,2019-10-16
33558235,2019-10-18
33558235,2019-10-27
33558235,2019-10-30
33558235,2019-11-02
33558235,2019-11-03
33558235,2019-11-09
33558235,2019-11-10
33558235,2019-11-14
33558235,2019-11-15
33558235,2019-11-17
33558235,2019-11-18
33558235,2019-11-21
33558235,2019-11-30
33558235,2019-12-01
33558235,2019-12-02
33558235,2019-12-04
33558235,2019-12-05
33558235,2019-12-07
33558235,2019-12-08
33558235,2019-12-12
33558235,2019-12-16
33558235,2019-12-30
33558235,2019-12-31
33558235,2020-01-02
33558235,2020-01-04
33558235,2020-01-06
33558235,2020-01-09
33558235,2020-01-12
33558235,2020-01-15
33558235,2020-01-17
33558235,2020-01-19
33558235,2020-01-20
33558235,2020-01-24
33558235,2020-01-26
33558235,2020-02-04
33558235,2020-02-07
33558235,2020-02-09
33558235,2020-02-11
33558235,2020-02-16
33558235,2020-02-17
33558235,2020-02-18
33558235,2020-02-21
33558235,2020-02-27
33558235,2020-03-02
33558235,2020-03-03
33558235,2020-03-05
33558235,2020-03-08
33558235,2020-03-09
33558235,2020-03-12
33558235,2020-03-14
33558235,2020-03-24
33558235,2020-03-28
33558235,2020-03-30
33558235,2020-04-13
33558235,2020-04-16
33558235,2020-04-24
33558235,2020-04-25
33558235,2020-05-06
33558235,2020-05-10
33558235,2020-05-13
33558235,2020-05-18
33558235,2020-05-20
33558235,2020-05-31
33558235,2020-06-04
33558235,2020-06-07
33558235,2020-06-10
33558235,2020-06-12
33558235,2020-06-16
33558235,2020-06-19
33558235,2020-06-22
33558235,2020-06-26
33558235,2020-07-02
33558235,2020-07-03
33558235,2020-07-04
33558235,2020-07-08
33558235,2020-07-10
33558235,2020-07-12
33558235,2020-07-14
33558235,2020-07-17
33558235,2020-07-19
33558235,2020-07-22
33558235,2020-07-26
33558235,2020-07-27
33558235,2020-07-30
33558235,2020-08-03
33558235,2020-08-17
33558235,2020-08-21
33558235,2020-08-23
33558235,2020-08-25
33558235,2020-08-27
33558235,2020-09-07
33558235,2020-09-11
33558235,2020-09-21
33558235,2020-09-24
33558235,2020-09-27
33558235,2020-09-28
33558235,2020-10-02
33558235,2020-10-04
33558235,2020-10-14
33558235,2020-10-16
33558235,2020-10-22
33558235,2020-10-30
33558235,2020-11-01
33558235,2020-11-08
33558235,2020-11-14
33558235,2020-11-22
33558235,2020-11-28
33558235,2020-11-29
33558235,2020-12-05
33558235,2020-12-15
33558235,2020-12-21
33558235,2020-12-30
33558235,2020-12-31
33558235,2021-01-01
33558235,2021-01-03
33558235,2021-01-06
33558235,2021-01-11
33558235,2021-01-15
33558235,2021-01-23
33558235,2021-01-25
33558235,2021-02-12
33558235,2021-02-14
33558235,2021-02-17
33558235,2021-02-19
33558235,2021-02-24
33558235,2021-02-26
33558235,2021-02-28
33558235,2021-03-02
33558235,2021-03-18
33558235,2021-03-28
33558235,2021-04-02
33558235,2021-04-04
33558235,2021-04-11
33558235,2021-04-16
33558235,2021-04-18
33558235,2021-04-19
33558235,2021-04-21
33558235,2021-05-08
33558235,2021-05-09
33558235,2021-05-10
33558235,2021-05-18
33558235,2021-05-23
33558235,2021-05-24
33558235,2021-05-28
33558235,2021-05-29
33558235,2021-06-03
33558235,2021-06-06
33558235,2021-06-14
33558235,2021-06-17
33558235,2021-06-19
33558235,2021-07-02
33558235,2021-07-05
33558235,2021-07-08
33558235,2021-07-09
33558235,2021-07-16
33558235,2021-07-17
33558235,2021-07-18
33558235,2021-07-19
33558235,2021-07-21
33558235,2021-07-22
33558235,2021-07-26
33558235,2021-07-28
33558235,2021-08-01
33558235,2021-08-04
33558235,2021-08-06
33558235,2021-08-07
33558235,2021-08-09
33558235,2021-08-10
33558235,2021-08-14
33558235,2021-08-18
33558235,2021-08-30
33558235,2021-08-30
33558235,2021-09-04
33558235,2021-09-07
33558235,2021-09-08
33558235,2021-09-10
33558235,2021-09-12
33558235,2021-09-13
33558235,2021-09-15
33558235,2021-09-21
33558235,2021-09-22
33558235,2021-09-24
33558235,2021-09-26
33558235,2021-09-27
33558235,2021-10-10
33558235,2021-10-13
33558235,2021-10-23
33558235,2021-10-24
33558235,2021-10-27
33558235,2021-10-30
33558235,2021-11-05
33558235,2021-11-06
33558235,2021-11-07
33558235,2021-11-12
33558235,2021-11-13
33558235,2021-11-14
33558235,2021-11-18
33558235,2021-11-20
33558235,2021-11-21
33558235,2021-11-28
33558235,2021-12-03
33558235,2021-12-05
33558235,2021-12-21
33558235,2022-01-02
33558235,2022-01-13
33558235,2022-01-14
33558235,2022-01-17
33558235,2022-01-21
33558235,2022-01-23
33558235,2022-01-28
33558235,2022-01-29
33558235,2022-01-30
33558235,2022-02-06
33558235,2022-02-13
33558235,2022-02-16
33558235,2022-02-17
33558235,2022-02-18
33558235,2022-02-20
33558235,2022-02-24
33558235,2022-02-27
33558235,2022-03-06
33558235,2022-03-12
33558235,2022-03-13
33558235,2022-03-15
33558235,2022-03-19
33558235,2022-03-20
33558235,2022-03-21
33558235,2022-03-27
33558235,2022-03-29
33558235,2022-04-03
33558235,2022-04-06
33558235,2022-04-10
33558235,2022-04-12
33558235,2022-04-16
33558235,2022-04-17
33558235,2022-04-19
33558235,2022-04-23
33558235,2022-04-30
33558235,2022-05-01
33558235,2022-05-02
33558235,2022-05-08
33558235,2022-05-11
33558235,2022-05-20
33558235,2022-05-21
33558235,2022-05-27
33558235,2022-05-28
33558235,2022-05-29
33558235,2022-05-30
33558235,2022-06-01
33558235,2022-06-05
33558235,2022-06-10
33558235,2022-06-12
33558235,2022-06-20
33558235,2022-06-27
33558235,2022-07-05
33558235,2022-07-06
33558235,2022-07-07
33558235,2022-07-09
33558235,2022-07-10
33558235,2022-07-15
33558235,2022-07-16
33558235,2022-07-17
33558235,2022-07-27
33558235,2022-07-28
33558235,2022-07-30
33558235,2022-08-07
33558235,2022-08-08
33558235,2022-08-09
33558235,2022-08-13
33558235,2022-08-14
33558235,2022-08-29
33558235,2022-08-31
33558235,2022-09-29
33558235,2022-10-01
33558235,2022-10-05
33558235,2022-10-06
33558235,2022-10-08
33558235,2022-10-11
33558235,2022-10-16
33558235,2022-10-21
33558235,2022-10-30
33558235,2022-11-04
33558235,2022-11-06
33558235,2022-11-11
33558235,2022-11-13
33558235,2022-11-15
33558235,2022-11-19
33558235,2022-12-08
33558235,2022-12-10
33558235,2022-12-11
33558235,2022-12-28
33558235,2023-01-06
33558235,2023-01-13
33558235,2023-01-16
33558235,2023-01-20
33558235,2023-02-01
33558235,2023-02-05
33558235,2023-02-20
33558235,2023-02-22
33558235,2023-02-23
33558235,2023-02-26
33558235,2023-03-10
33558235,2023-03-12
33558235,2023-03-29
33558235,2023-04-02
33558235,2023-04-16
33558235,2023-04-24
33558235,2023-05-07
33558235,2023-05-20
33558235,2023-05-24
33558235,2023-05-27
33558235,2023-06-05
33558235,2023-06-13
33558235,2023-06-19
33558235,2023-06-25
33558235,2023-07-03
33558235,2023-07-07
33558235,2023-07-09
33558235,2023-07-15
33558235,2023-07-17
33558235,2023-07-18
33558235,2023-07-21
33558235,2023-07-28
33558235,2023-08-02
33558235,2023-08-06
33558235,2023-08-10
33558235,2023-08-13
33558235,2023-08-17
33558235,2023-08-20
33558235,2023-08-21
33558235,2023-08-23
33558235,2023-08-27
33558235,2023-09-04
33558235,2023-09-13
33558235,2023-09-16
33558235,2023-09-26
33558235,2023-10-02
33558235,2023-10-09
33558235,2023-10-26
33558235,2023-11-19
33558235,2023-11-26
33558235,2023-12-01
33558235,2024-03-17
33558235,2024-03-23
33558235,2024-03-24
33558235,2024-04-02
33558235,2024-04-05
33558235,2024-04-07
33558235,2024-04-10
33558235,2024-04-13
33558235,2024-04-14
33558235,2024-04-16
33558235,2024-04-22
33558235,2024-05-04
33558235,2024-05-05
33558235,2024-05-09
33558235,2024-05-11
33558235,2024-05-17
33558235,2024-06-09
33558235,2024-06-13
33558235,2024-07-09
33558235,2024-07-22
33558235,2024-07-26
33558235,2024-08-04
33558235,2024-08-10
33558235,2024-08-11
33558235,2024-08-28
33558235,2024-09-06
33558235,2024-09-08
33558235,2024-10-04
33558235,2024-10-06
33558235,2024-10-11
33558235,2024-10-12
33558235,2024-10-13
33558235,2024-10-20
33558235,2024-11-10
33558235,2024-11-17
33558235,2024-12-02
33558235,2024-12-15
33558235,2025-01-01
33558235,2025-01-02
33558235,2025-01-03
33558235,2025-01-11
33558235,2025-01-15
33558235,2025-01-24
33558235,2025-02-02
33558235,2025-02-13
33558235,2025-02-14
33558235,2025-02-26
33558235,2025-02-27
33558235,2025-03-04
33558235,2025-03-08
33558235,2025-03-09
33558235,2025-03-15
33558235,2025-03-30
33558235,2025-04-12
33558235,2025-04-13
33558235,2025-04-28
33558235,2025-05-01
33558235,2025-05-04
33558235,2025-05-15
33558235,2025-05-17
33558235,2025-05-20
33558235,2025-05-25
33558235,2025-05-27
33558235,2025-06-01
33558235,2025-06-05
33558235,2025-06-09
33558235,2025-06-11
33558235,2025-06-15
33558235,2025-06-20
33558235,2025-06-22
33558235,2025-06-25
33558235,2025-07-06
33558235,2025-07-13
33558235,2025-07-17
33558235,2025-07-20
33558235,2025-07-27
33558235,2025-08-06
33558235,2025-08-09
33558235,2025-08-10
33558235,2025-08-17
33558235,2025-08-20
33558235,2025-08-29
33558235,2025-08-31
33558235,2025-09-07
33558235,2025-09-16
33558235,2025-09-21
33558235,2025-09-28
33558235,2025-10-06
33558235,2025-10-10
33558235,2025-10-12
33558235,2025-10-19
33558235,2025-10-27
33558235,2025-11-02
34330970,2019-06-08
34330970,2019-06-10
34330970,2019-06-14
34330970,2019-06-19
34330970,2019-07-03
34330970,2019-07-04
34330970,2019-07-05
34330970,2019-07-07
34330970,2019-07-08
34330970,2019-07-14
34330970,2019-07-16
34330970,2019-07-18
34330970,2019-07-20
34330970,2019-07-23
34330970,2019-07-24
34330970,2019-07-25
34330970,2019-07-26
34330970,2019-07-27
34330970,2019-08-01
34330970,2019-08-05
34330970,2019-08-06
34330970,2019-08-07
34330970,2019-08-09
34330970,2019-08-10
34330970,2019-08-12
34330970,2019-08-13
34330970,2019-08-16
34330970,2019-08-18
34330970,2019-08-20
34330970,2019-08-22
34330970,2019-08-24
34330970,2019-08-25
34330970,2019-08-27
34330970,2019-09-01
34330970,2019-09-02
34330970,2019-09-05
34330970,2019-09-08
34330970,2019-09-15
34330970,2019-09-20
34330970,2019-09-21
34330970,2019-09-22
34330970,2019-09-26
34330970,2019-10-03
34330970,2019-10-06
34330970,2019-10-10
34330970,2019-10-14
34330970,2019-10-21
34330970,2019-10-26
34330970,2019-11-06
34330970,2019-11-08
34330970,2019-11-11
34330970,2019-11-13
34330970,2019-11-15
34330970,2019-11-19
34330970,2019-11-25
34330970,2019-12-01
34330970,2019-12-08
34330970,2020-01-01
34330970,2020-01-03
34330970,2020-01-08
34330970,2020-01-16
34330970,2020-01-24
34330970,2020-02-02
34330970,2020-02-05
34330970,2020-02-08
34330970,2020-02-13
34330970,2020-02-22
34330970,2020-02-24
34330970,2020-03-06
34330970,2020-03-08
34330970,2020-03-12
34330970,2020-03-15
34330970,2020-03-19
34330970,2020-07-02
34330970,2020-07-05
34330970,2020-07-11
34330970,2020-07-16
34330970,2020-07-21
34330970,2020-08-10
34330970,2020-08-14
34330970,2020-08-17
34330970,2020-08-21
34330970,2020-08-28
34330970,2020-09-04
34330970,2020-09-16
34330970,2020-09-21
34330970,2020-09-24
34330970,2020-09-27
34330970,2020-10-02
34330970,2020-10-11
34330970,2020-10-14
34330970,2020-10-17
34330970,2020-10-30
34330970,2020-11-01
34330970,2020-11-09
34330970,2020-11-11
34330970,2020-11-15
34330970,2020-11-20
34330970,2020-11-29
34330970,2020-12-03
34330970,2020-12-05
34330970,2020-12-20
34330970,2020-12-30
34330970,2021-01-03
34330970,2021-01-10
34330970,2021-01-13
34330970,2021-01-21
34330970,2021-01-24
34330970,2021-02-07
34330970,2021-02-09
34330970,2021-02-16
34330970,2021-02-21
34330970,2021-02-24
34330970,2021-02-28
34330970,2021-03-04
34330970,2021-03-14
34330970,2021-03-18
34330970,2021-03-20
34330970,2021-03-28
34330970,2021-04-01
34330970,2021-04-08
34330970,2021-04-10
34330970,2021-04-16
34330970,2021-04-18
34330970,2021-04-25
34330970,2021-04-27
34330970,2021-04-29
34330970,2021-05-02
34330970,2021-05-09
34330970,2021-05-19
34330970,2021-05-24
34330970,2021-05-28
34330970,2021-06-06
34330970,2021-06-11
34330970,2021-06-13
34330970,2021-06-23
34330970,2021-06-27
34330970,2021-07-02
34330970,2021-07-05
34330970,2021-07-18
34330970,2021-08-01
34330970,2021-08-08
34330970,2021-08-15
34330970,2021-08-22
34330970,2021-08-29
34330970,2021-09-02
34330970,2021-09-05
34330970,2021-10-12
34330970,2021-11-15
34330970,2021-11-26
34330970,2021-12-08
34330970,2021-12-30
34330970,2022-01-02
34330970,2022-01-23
34330970,2022-01-30
34330970,2022-02-07
34330970,2022-02-15
34330970,2022-02-18
34330970,2022-02-21
34330970,2022-02-23
34330970,2022-03-13
34330970,2022-03-30
34330970,2022-04-03
34330970,2022-04-09
34330970,2022-04-18
34330970,2022-04-23
34330970,2022-05-01
34330970,2022-05-11
34330970,2022-05-19
34330970,2022-06-02
34330970,2022-06-14
34330970,2022-07-24
34330970,2022-07-31
34330970,2022-08-04
34330970,2022-08-28
34330970,2022-09-28
34330970,2022-10-02
34330970,2022-10-13
34330970,2022-10-30
34330970,2022-11-06
34330970,2022-11-14
34330970,2022-11-27
34330970,2022-12-04
34330970,2022-12-27
34330970,2022-12-29
34330970,2023-01-02
34330970,2023-01-15
34330970,2023-01-22
34330970,2023-02-05
34330970,2023-02-12
34330970,2023-02-13
34330970,2023-02-22
34330970,2023-02-23
34330970,2023-03-04
34330970,2023-03-16
34330970,2023-04-08
34330970,2023-04-09
34330970,2023-04-22
34330970,2023-04-29
34330970,2023-05-15
34330970,2023-05-19
34330970,2023-05-24
34330970,2023-05-28
34330970,2023-06-18
34330970,2023-07-12
34330970,2023-07-14
34330970,2023-07-16
34330970,2023-07-23
34330970,2023-07-27
34330970,2023-07-28
34330970,2023-07-30
34330970,2023-08-01
34330970,2023-08-02
34330970,2023-08-12
34330970,2023-08-18
34330970,2023-08-25
34330970,2023-08-27
34330970,2023-09-03
34330970,2023-09-09
34330970,2023-09-10
34330970,2023-09-16
34330970,2023-09-17
34330970,2023-09-22
34330970,2023-09-24
34330970,2023-10-07
34330970,2023-10-15
34330970,2023-10-23
34330970,2023-11-05
34330970,2023-11-08
34330970,2023-11-11
34330970,2023-11-12
34330970,2023-11-13
34330970,2023-11-17
34330970,2023-11-26
34330970,2023-12-03
34330970,2023-12-10
34330970,2023-12-13
34330970,2023-12-16
34330970,2023-12-22
34330970,2023-12-26
34330970,2024-01-03
34330970,2024-01-06
34330970,2024-01-13
34330970,2024-01-14
34330970,2024-01-21
34330970,2024-01-28
34330970,2024-02-07
34330970,2024-02-08
34330970,2024-02-19
34330970,2024-02-25
34330970,2024-02-28
34330970,2024-03-05
34330970,2024-03-06
34330970,2024-03-07
34330970,2024-03-10
34330970,2024-03-12
34330970,2024-03-17
34330970,2024-03-18
34330970,2024-03-23
34330970,2024-03-24
34330970,2024-04-02
34330970,2024-04-07
34330970,2024-04-10
34330970,2024-04-14
34330970,2024-04-16
34330970,2024-04-21
34330970,2024-05-01
34330970,2024-05-05
34330970,2024-05-18
34330970,2024-05-19
34330970,2024-05-20
34330970,2024-05-26
34330970,2024-06-01
34330970,2024-06-10
34330970,2024-06-14
34330970,2024-06-17
34330970,2024-06-28
34330970,2024-07-07
34330970,2024-07-20
34330970,2024-08-03
34330970,2024-08-04
34330970,2024-08-09
34330970,2024-08-11
34330970,2024-08-23
34330970,2024-08-26
34330970,2024-08-30
34330970,2024-09-02
34330970,2024-09-15
34330970,2024-09-17
34330970,2024-09-21
34330970,2024-09-25
34330970,2024-10-01
34330970,2024-10-11
34330970,2024-10-13
34330970,2024-10-22
34330970,2024-10-28
34330970,2024-11-18
34330970,2024-11-23
34330970,2024-11-24
34330970,2024-12-08
34330970,2024-12-14
34330970,2024-12-17
34330970,2024-12-23
34330970,2024-12-26
34330970,2025-01-03
34330970,2025-01-23
34330970,2025-01-25
34330970,2025-02-04
34330970,2025-02-15
34330970,2025-02-17
34330970,2025-03-09
34330970,2025-03-16
34330970,2025-03-30
34330970,2025-04-06
34330970,2025-05-03
34330970,2025-05-08
34330970,2025-05-17
34330970,2025-05-25
34330970,2025-05-31
34330970,2025-06-25
34330970,2025-06-29
34330970,2025-07-12
34330970,2025-07-26
34330970,2025-09-06
34330970,2025-09-21
34330970,2025-09-28
34330970,2025-10-05
35793179,2019-07-11
35793179,2019-07-12
35793179,2019-07-15
35793179,2019-07-17
35793179,2019-07-18
35793179,2019-07-19
35793179,2019-07-22
35793179,2019-07-25
35793179,2019-07-31
35793179,2019-08-30
35793179,2019-09-06
35793179,2019-09-15
35793179,2019-09-28
35793179,2019-10-17
35793179,2019-10-21
35793179,2019-10-22
35793179,2019-10-24
35793179,2019-10-28
35793179,2019-11-04
35793179,2019-11-05
35793179,2019-11-12
35793179,2019-11-15
35793179,2019-11-19
35793179,2019-11-21
35793179,2019-11-28
35793179,2019-12-02
35793179,2019-12-10
35793179,2020-01-02
35793179,2020-01-07
35793179,2020-01-08
35793179,2020-01-11
35793179,2020-01-15
35793179,2020-01-20
35793179,2020-02-01
35793179,2020-02-05
35793179,2020-02-15
35793179,2020-04-19
35793179,2020-07-17
35793179,2020-07-23
35793179,2020-08-05
35793179,2020-09-08
35793179,2020-10-25
35793179,2020-11-06
35793179,2021-07-05
35793179,2021-07-29
35793179,2021-08-29
35793179,2021-09-01
35793179,2021-12-18
35793179,2021-12-20
35793179,2022-01-07
35793179,2022-01-08
35793179,2022-01-28
35793179,2022-01-30
35793179,2022-02-07
35793179,2022-02-08
35793179,2022-02-10
35793179,2022-02-12
35793179,2022-02-20
35793179,2022-02-25
35793179,2022-02-26
35793179,2022-03-02
35793179,2022-03-04
35793179,2022-03-06
35793179,2022-03-17
35793179,2022-03-20
35793179,2022-03-31
35793179,2022-04-03
35793179,2022-04-15
35793179,2022-04-22
35793179,2022-04-24
35793179,2022-05-13
35793179,2022-05-21
35793179,2022-06-01
35793179,2022-06-07
35793179,2022-06-20
35793179,2022-06-24
35793179,2022-06-28
35793179,2022-07-07
35793179,2022-07-08
35793179,2022-07-16
35793179,2022-08-28
35793179,2022-08-31
35793179,2022-09-01
35793179,2022-09-10
35793179,2022-09-16
35793179,2022-09-19
35793179,2022-09-23
35793179,2022-09-27
35793179,2022-09-30
35793179,2022-10-07
35793179,2022-12-02
35793179,2022-12-05
35793179,2022-12-16
35793179,2023-01-09
35793179,2023-01-10
35793179,2023-01-11
35793179,2023-01-12
35793179,2023-01-19
35793179,2023-01-20
35793179,2023-01-27
35793179,2023-02-13
35793179,2023-02-17
35793179,2023-02-22
35793179,2023-03-06
35793179,2023-03-09
35793179,2023-03-18
35793179,2023-04-01
35793179,2023-04-07
35793179,2023-04-17
35793179,2023-05-05
35793179,2023-05-10
35793179,2023-05-15
35793179,2023-05-17
35793179,2023-05-19
35793179,2023-05-23
35793179,2023-05-25
35793179,2023-05-26
35793179,2023-05-31
35793179,2023-06-05
35793179,2023-06-06
35793179,2023-06-12
35793179,2023-06-13
35793179,2023-06-14
35793179,2023-07-17
35793179,2023-07-24
35793179,2023-07-26
35793179,2023-07-28
35793179,2023-07-31
35793179,2023-08-02
35793179,2023-08-03
35793179,2023-08-16
35793179,2023-08-17
35793179,2023-08-18
35793179,2023-08-24
35793179,2023-08-25
35793179,2023-08-29
35793179,2023-09-22
35793179,2023-09-26
35793179,2023-09-27
35793179,2023-10-04
35793179,2023-10-06
35793179,2023-10-09
35793179,2023-10-12
35793179,2023-10-17
35793179,2023-11-20
35793179,2023-11-22
35793179,2023-12-06
35793179,2023-12-09
35793179,2023-12-12
35793179,2024-02-15
35793179,2024-02-18
35793179,2024-03-08
35793179,2024-04-12
35793179,2024-05-09
35793179,2024-05-11
35793179,2024-05-27
35793179,2024-06-07
35793179,2024-06-09
35793179,2024-06-12
35793179,2024-06-16
35793179,2024-06-21
35793179,2024-06-24
35793179,2024-07-03
35793179,2024-07-11
35793179,2024-07-12
35793179,2024-07-16
35793179,2024-07-17
35793179,2024-07-19
35793179,2024-07-24
35793179,2024-07-29
35793179,2024-08-01
35793179,2024-08-08
35793179,2024-08-14
35793179,2024-08-20
35793179,2024-09-01
35793179,2024-09-08
35793179,2024-09-12
35793179,2024-09-18
35793179,2024-10-14
35793179,2024-11-05
35793179,2024-11-09
35793179,2024-12-04
35793179,2024-12-06
35793179,2024-12-12
35793179,2024-12-22
35793179,2025-01-09
35793179,2025-01-10
35793179,2025-01-16
35793179,2025-01-24
35793179,2025-02-13
35793179,2025-02-17
35793179,2025-02-20
35793179,2025-02-26
35793179,2025-04-20
35793179,2025-04-27
35793179,2025-05-06
35793179,2025-05-14
35793179,2025-05-23
35793179,2025-07-09
35793179,2025-07-11
35793179,2025-07-21
35793179,2025-07-28
35793179,2025-07-30
35793179,2025-08-04
35793179,2025-08-06
35793179,2025-08-14
35793179,2025-08-15
35793179,2025-09-01
35793179,2025-09-07
35793179,2025-09-10
35793179,2025-09-15
35793179,2025-09-18
35793179,2025-09-24
35793179,2025-10-02
35914565,2019-07-06
35914565,2019-07-10
35914565,2019-07-14
35914565,2019-07-21
35914565,2019-07-24
35914565,2019-07-28
35914565,2019-07-31
35914565,2019-08-04
35914565,2019-08-10
35914565,2019-08-16
35914565,2019-08-19
35914565,2019-08-22
35914565,2019-09-03
35914565,2019-09-08
35914565,2019-09-22
35914565,2019-09-25
35914565,2019-10-27
35914565,2019-10-30
35914565,2019-11-08
35914565,2019-11-15
35914565,2019-12-07
35914565,2019-12-08
35914565,2019-12-15
35914565,2019-12-23
35914565,2019-12-28
35914565,2019-12-30
35914565,2020-01-11
35914565,2020-01-20
35914565,2020-01-23
35914565,2020-01-26
35914565,2020-01-29
35914565,2020-02-08
35914565,2020-02-16
35914565,2020-02-23
35914565,2020-02-27
35914565,2020-03-07
35914565,2020-06-29
35914565,2020-07-15
35914565,2020-07-23
35914565,2020-08-07
35914565,2020-08-17
35914565,2020-08-31
35914565,2020-09-07
35914565,2020-09-19
35914565,2020-09-23
35914565,2020-09-25
35914565,2020-09-27
35914565,2020-10-04
35914565,2020-10-18
35914565,2020-10-25
35914565,2020-11-08
35914565,2020-11-15
35914565,2020-11-20
35914565,2020-11-22
35914565,2020-12-07
35914565,2020-12-13
35914565,2020-12-18
35914565,2020-12-20
35914565,2020-12-22
35914565,2020-12-25
35914565,2020-12-27
35914565,2021-01-02
35914565,2021-01-06
35914565,2021-01-07
35914565,2021-01-12
35914565,2021-01-14
35914565,2021-01-18
35914565,2021-01-26
35914565,2021-01-31
35914565,2021-02-06
35914565,2021-02-13
35914565,2021-02-17
35914565,2021-02-18
35914565,2021-02-20
35914565,2021-02-21
35914565,2021-02-28
35914565,2021-03-05
35914565,2021-03-14
35914565,2021-03-20
35914565,2021-04-03
35914565,2021-04-08
35914565,2021-04-18
35914565,2021-04-21
35914565,2021-04-22
35914565,2021-04-25
35914565,2021-04-27
35914565,2021-04-30
35914565,2021-05-02
35914565,2021-05-25
35914565,2021-06-06
35914565,2021-06-12
35914565,2021-06-13
35914565,2021-06-19
35914565,2021-06-23
35914565,2021-07-01
35914565,2021-07-04
35914565,2021-07-10
35914565,2021-07-11
35914565,2021-07-25
35914565,2021-07-28
35914565,2021-07-31
35914565,2021-08-02
35914565,2021-08-05
35914565,2021-08-09
35914565,2021-08-13
35914565,2021-08-15
35914565,2021-08-20
35914565,2021-08-22
35914565,2021-08-28
35914565,2021-08-29
35914565,2021-09-04
35914565,2021-09-05
35914565,2021-09-06
35914565,2021-09-09
35914565,2021-09-14
35914565,2021-09-18
35914565,2021-09-19
35914565,2021-10-09
35914565,2021-10-11
35914565,2021-10-14
35914565,2021-10-16
35914565,2021-10-21
35914565,2021-10-24
35914565,2021-11-06
35914565,2021-11-12
35914565,2021-11-13
35914565,2021-11-20
35914565,2021-11-21
35914565,2021-11-23
35914565,2021-11-29
35914565,2021-12-03
35914565,2021-12-04
35914565,2021-12-08
35914565,2021-12-11
35914565,2021-12-12
35914565,2021-12-21
35914565,2021-12-30
35914565,2021-12-31
35914565,2022-01-01
35914565,2022-01-03
35914565,2022-01-20
35914565,2022-01-21
35914565,2022-01-24
35914565,2022-01-30
35914565,2022-02-03
35914565,2022-02-05
35914565,2022-02-06
35914565,2022-02-14
35914565,2022-02-16
35914565,2022-02-18
35914565,2022-02-19
35914565,2022-02-21
35914565,2022-02-22
35914565,2022-02-27
35914565,2022-03-01
35914565,2022-03-07
35914565,2022-03-08
35914565,2022-03-10
35914565,2022-03-12
35914565,2022-03-20
35914565,2022-03-23
35914565,2022-03-25
35914565,2022-03-27
35914565,2022-04-04
35914565,2022-04-10
35914565,2022-04-17
35914565,2022-04-23
35914565,2022-04-24
35914565,2022-05-02
35914565,2022-05-14
35914565,2022-05-15
35914565,2022-05-28
35914565,2022-06-05
35914565,2022-06-30
35914565,2022-07-21
35914565,2022-08-22
35914565,2022-09-01
35914565,2022-09-09
35914565,2022-09-18
35914565,2022-09-27
35914565,2022-10-01
35914565,2022-10-06
35914565,2022-10-22
35914565,2022-10-30
35914565,2022-11-06
35914565,2022-11-16
35914565,2022-11-19
35914565,2022-11-20
35914565,2022-11-27
35914565,2022-12-03
35914565,2022-12-04
35914565,2022-12-15
35914565,2022-12-16
35914565,2023-01-01
35914565,2023-01-08
35914565,2023-01-16
35914565,2023-01-21
35914565,2023-01-29
35914565,2023-02-05
35914565,2023-02-07
35914565,2023-02-10
35914565,2023-02-12
35914565,2023-02-15
35914565,2023-02-19
35914565,2023-02-22
35914565,2023-02-26
35914565,2023-03-05
35914565,2023-03-12
35914565,2023-03-19
35914565,2023-03-31
35914565,2023-04-01
35914565,2023-04-02
35914565,2023-04-07
35914565,2023-04-16
35914565,2023-04-29
35914565,2023-05-01
35914565,2023-05-05
35914565,2023-05-06
35914565,2023-05-09
35914565,2023-05-14
35914565,2023-05-27
35914565,2023-05-30
35914565,2023-05-31
35914565,2023-06-04
35914565,2023-06-09
35914565,2023-06-11
35914565,2023-06-15
35914565,2023-06-18
35914565,2023-06-20
35914565,2023-06-21
35914565,2023-06-25
35914565,2023-06-29
35914565,2023-07-02
35914565,2023-07-09
35914565,2023-07-13
35914565,2023-07-15
35914565,2023-07-17
35914565,2023-07-30
35914565,2023-08-03
35914565,2023-08-06
35914565,2023-08-21
35914565,2023-09-03
35914565,2023-09-10
35914565,2023-09-11
35914565,2023-09-17
35914565,2023-09-30
35914565,2023-10-01
35914565,2023-10-06
35914565,2023-10-10
35914565,2023-10-14
35914565,2023-11-04
35914565,2023-11-08
35914565,2023-11-12
35914565,2023-12-03
35914565,2024-01-15
35914565,2024-02-01
35914565,2024-02-08
35914565,2024-02-11
35914565,2024-02-15
35914565,2024-02-18
35914565,2024-02-29
35914565,2024-03-05
35914565,2024-03-11
35914565,2024-03-24
35914565,2024-03-25
35914565,2024-04-02
35914565,2024-04-08
35914565,2024-04-14
35914565,2024-04-20
35914565,2024-04-21
35914565,2024-04-23
35914565,2024-04-26
35914565,2024-04-27
35914565,2024-04-28
35914565,2024-05-02
35914565,2024-05-04
35914565,2024-05-19
35914565,2024-05-22
35914565,2024-06-04
35914565,2024-06-13
35914565,2024-06-19
35914565,2024-06-24
35914565,2024-07-02
35914565,2024-07-07
35914565,2024-07-13
35914565,2024-07-18
35914565,2024-07-20
35914565,2024-07-25
35914565,2024-08-14
35914565,2024-08-17
35914565,2024-08-23
35914565,2024-09-02
35914565,2024-09-20
35914565,2024-09-25
35914565,2024-09-29
35914565,2024-10-14
35914565,2024-10-20
35914565,2024-10-27
35914565,2024-10-28
35914565,2024-11-04
35914565,2024-11-17
35914565,2024-11-19
35914565,2025-01-26
35914565,2025-02-26
35914565,2025-02-27
35914565,2025-03-03
35914565,2025-05-03
35914565,2025-05-18
35914565,2025-06-07
35914565,2025-06-11
35914565,2025-06-15
35914565,2025-06-21
35914565,2025-06-22
35914565,2025-06-28
35914565,2025-06-29
35914565,2025-07-07
35914565,2025-07-28
35914565,2025-08-30
35914565,2025-09-01
35914565,2025-09-18
35914565,2025-09-28
35914565,2025-10-13
36443605,2019-07-21
36443605,2019-07-23
36443605,2019-08-02
36443605,2019-08-11
36443605,2019-08-18
36443605,2019-08-29
36443605,2019-09-01
36443605,2019-09-18
36443605,2019-09-21
36443605,2019-09-22
36443605,2019-09-27
36443605,2019-09-30
36443605,2019-10-06
36443605,2019-12-15
36443605,2020-01-12
36443605,2020-01-20
36443605,2020-01-22
36443605,2020-02-09
36443605,2020-02-27
36443605,2020-03-08
36443605,2020-04-12
36443605,2020-05-24
36443605,2020-05-31
36443605,2020-07-04
36443605,2020-08-10
36443605,2020-08-30
36443605,2020-09-14
36443605,2020-10-31
36443605,2021-01-02
36443605,2021-03-28
36443605,2021-05-11
36443605,2021-05-31
36443605,2021-08-07
36443605,2021-09-08
36443605,2021-10-15
36443605,2021-11-05
36443605,2021-11-19
36443605,2022-01-15
36443605,2022-02-01
36443605,2022-03-11
36443605,2022-04-03
36443605,2022-05-13
36443605,2022-06-06
36443605,2022-06-24
36443605,2022-07-01
36443605,2022-07-10
36443605,2022-07-28
36443605,2023-05-23
36443605,2023-05-27
36443605,2023-09-15
36443605,2024-02-18
36443605,2024-02-29
36443605,2024-07-28
36443605,2024-08-14
38321579,2019-09-10
38321579,2019-09-15
38321579,2019-09-16
38321579,2019-09-17
38321579,2019-09-21
38321579,2019-10-06
38321579,2019-10-08
38321579,2019-10-09
38321579,2019-10-10
38321579,2019-10-13
38321579,2019-10-14
38321579,2019-10-15
38321579,2019-10-19
38321579,2019-10-23
38321579,2019-10-26
38321579,2019-10-27
38321579,2019-10-30
38321579,2019-11-03
38321579,2019-11-05
38321579,2019-11-10
38321579,2019-11-11
38321579,2019-11-12
38321579,2019-11-20
38321579,2019-11-24
38321579,2019-11-26
38321579,2019-12-02
38321579,2019-12-06
38321579,2019-12-08
38321579,2019-12-11
38321579,2019-12-12
38321579,2019-12-18
38321579,2019-12-19
38321579,2019-12-24
38321579,2020-01-03
38321579,2020-01-05
38321579,2020-01-06
38321579,2020-01-07
38321579,2020-01-09
38321579,2020-01-10
38321579,2020-01-13
38321579,2020-01-15
38321579,2020-01-17
38321579,2020-01-19
38321579,2020-01-22
38321579,2020-01-23
38321579,2020-01-27
38321579,2020-01-30
38321579,2020-01-31
38321579,2020-02-02
38321579,2020-02-06
38321579,2020-02-12
38321579,2020-02-13
38321579,2020-02-14
38321579,2020-02-15
38321579,2020-02-21
38321579,2020-02-24
38321579,2020-02-27
38321579,2020-03-02
38321579,2020-04-29
38321579,2020-06-03
38321579,2020-11-24
38321579,2021-02-01
38321579,2021-02-12
38321579,2021-02-14
38321579,2021-02-22
38321579,2021-03-24
38321579,2021-07-04
38321579,2021-07-06
38321579,2021-07-19
38321579,2021-07-28
38321579,2021-07-31
38321579,2021-08-02
38321579,2021-09-01
38321579,2021-09-05
38321579,2021-09-07
38321579,2021-09-09
38321579,2021-09-13
38321579,2021-09-16
38321579,2021-09-22
38321579,2021-09-26
38321579,2021-09-30
38321579,2021-10-03
38321579,2021-10-06
38321579,2021-10-07
38321579,2021-10-11
38321579,2021-10-17
38321579,2021-10-21
38321579,2021-10-22
38321579,2021-10-24
38321579,2021-10-28
38321579,2021-10-29
38321579,2021-11-02
38321579,2021-11-03
38321579,2021-11-07
38321579,2021-11-09
38321579,2021-11-19
38321579,2021-11-20
38321579,2021-12-05
38321579,2021-12-09
38321579,2021-12-10
38321579,2021-12-19
38321579,2021-12-21
38321579,2021-12-30
38321579,2022-01-05
38321579,2022-01-13
38321579,2022-01-17
38321579,2022-01-20
38321579,2022-01-23
38321579,2022-01-27
38321579,2022-01-30
38321579,2022-02-03
38321579,2022-02-04
38321579,2022-02-10
38321579,2022-02-11
38321579,2022-02-17
38321579,2022-02-20
38321579,2022-02-23
38321579,2022-03-10
38321579,2022-03-11
38321579,2022-03-13
38321579,2022-03-16
38321579,2022-03-18
38321579,2022-04-01
38321579,2022-04-06
38321579,2022-04-08
38321579,2022-04-10
38321579,2022-04-16
38321579,2022-05-07
38321579,2022-05-10
38321579,2022-05-22
38321579,2022-05-29
38321579,2022-06-01
38321579,2022-06-08
38321579,2022-06-09
38321579,2022-06-12
38321579,2022-06-14
38321579,2022-06-16
38321579,2022-06-20
38321579,2022-06-23
38321579,2022-06-27
38321579,2022-06-30
38321579,2022-07-07
38321579,2022-07-16
38321579,2022-07-20
38321579,2022-07-28
38321579,2022-07-30
38321579,2022-08-02
38321579,2022-08-04
38321579,2022-08-08
38321579,2022-08-11
38321579,2022-08-27
38321579,2022-08-28
38321579,2022-08-31
38321579,2022-09-01
38321579,2022-09-06
38321579,2022-09-08
38321579,2022-09-09
38321579,2022-09-14
38321579,2022-09-16
38321579,2022-09-22
38321579,2022-09-23
38321579,2022-10-04
38321579,2022-10-09
38321579,2022-10-11
38321579,2022-10-19
38321579,2022-10-23
38321579,2022-10-24
38321579,2022-10-26
38321579,2022-11-04
38321579,2022-11-05
38321579,2022-11-06
38321579,2022-11-10
38321579,2022-11-12
38321579,2022-11-13
38321579,2022-11-16
38321579,2022-11-20
38321579,2022-11-22
38321579,2022-12-01
38321579,2022-12-04
38321579,2022-12-16
38321579,2022-12-19
38321579,2022-12-21
38321579,2022-12-31
38321579,2023-01-05
38321579,2023-01-15
38321579,2023-01-19
38321579,2023-01-20
38321579,2023-01-26
38321579,2023-01-29
38321579,2023-02-10
38321579,2023-02-12
38321579,2023-02-16
38321579,2023-02-19
38321579,2023-02-22
38321579,2023-02-23
38321579,2023-02-25
38321579,2023-03-12
38321579,2023-03-17
38321579,2023-03-18
38321579,2023-03-19
38321579,2023-03-26
38321579,2023-03-29
38321579,2023-04-13
38321579,2023-04-16
38321579,2023-04-27
38321579,2023-04-29
38321579,2023-04-30
38321579,2023-05-04
38321579,2023-05-09
38321579,2023-05-14
38321579,2023-05-15
38321579,2023-05-18
38321579,2023-06-02
38321579,2023-06-04
38321579,2023-06-08
38321579,2023-06-12
38321579,2023-06-16
38321579,2023-06-18
38321579,2023-06-23
38321579,2023-06-25
38321579,2023-06-29
38321579,2023-06-30
38321579,2023-07-01
38321579,2023-07-02
38321579,2023-07-06
38321579,2023-07-16
38321579,2023-07-20
38321579,2023-07-21
38321579,2023-07-23
38321579,2023-07-28
38321579,2023-07-30
38321579,2023-07-31
38321579,2023-08-06
38321579,2023-08-10
38321579,2023-08-11
38321579,2023-08-12
38321579,2023-08-16
38321579,2023-08-24
38321579,2023-08-26
38321579,2023-08-28
38321579,2023-08-30
38321579,2023-08-31
38321579,2023-09-02
38321579,2023-09-04
38321579,2023-09-06
38321579,2023-09-08
38321579,2023-09-11
38321579,2023-09-15
38321579,2023-09-16
38321579,2023-09-19
38321579,2023-09-20
38321579,2023-09-21
38321579,2023-09-22
38321579,2023-09-23
38321579,2023-09-24
38321579,2023-09-25
38321579,2023-09-29
38321579,2023-09-30
38321579,2023-10-01
38321579,2023-10-02
38321579,2023-10-20
38321579,2023-10-22
38321579,2023-10-23
38321579,2023-10-24
38321579,2023-10-25
38321579,2023-10-26
38321579,2023-10-28
38321579,2023-10-29
38321579,2023-11-03
38321579,2023-11-07
38321579,2023-11-09
38321579,2023-11-12
38321579,2023-11-16
38321579,2023-11-21
38321579,2023-12-03
38321579,2023-12-14
38321579,2023-12-16
38321579,2023-12-22
38321579,2023-12-28
38321579,2023-12-29
38321579,2024-01-04
38321579,2024-01-08
38321579,2024-01-11
38321579,2024-01-14
38321579,2024-01-28
38321579,2024-02-01
38321579,2024-02-06
38321579,2024-02-08
38321579,2024-02-11
38321579,2024-02-14
38321579,2024-02-15
38321579,2024-02-18
38321579,2024-02-27
38321579,2024-03-02
38321579,2024-03-21
38321579,2024-03-25
38321579,2024-03-28
38321579,2024-03-31
38321579,2024-04-01
38321579,2024-04-05
38321579,2024-04-06
38321579,2024-04-07
38321579,2024-04-08
38321579,2024-04-11
38321579,2024-04-13
38321579,2024-04-14
38321579,2024-04-19
38321579,2024-04-21
38321579,2024-04-25
38321579,2024-05-02
38321579,2024-05-05
38321579,2024-05-09
38321579,2024-05-10
38321579,2024-05-12
38321579,2024-05-16
38321579,2024-05-18
38321579,2024-05-19
38321579,2024-05-21
38321579,2024-05-22
38321579,2024-05-24
38321579,2024-05-27
38321579,2024-05-30
38321579,2024-05-31
38321579,2024-06-02
38321579,2024-06-09
38321579,2024-06-11
38321579,2024-06-13
38321579,2024-06-17
38321579,2024-06-18
38321579,2024-06-21
38321579,2024-06-23
38321579,2024-06-28
38321579,2024-06-29
38321579,2024-07-03
38321579,2024-07-14
38321579,2024-07-17
38321579,2024-07-18
38321579,2024-07-22
38321579,2024-07-25
38321579,2024-08-03
38321579,2024-08-19
38321579,2024-08-22
38321579,2024-08-25
38321579,2024-08-30
38321579,2024-09-04
38321579,2024-09-06
38321579,2024-09-09
38321579,2024-09-12
38321579,2024-09-13
38321579,2024-09-15
38321579,2024-09-17
38321579,2024-09-18
38321579,2024-09-20
38321579,2024-09-21
38321579,2024-09-22
38321579,2024-09-24
38321579,2024-10-03
38321579,2024-10-06
38321579,2024-10-09
38321579,2024-10-11
38321579,2024-10-12
38321579,2024-10-13
38321579,2024-10-16
38321579,2024-10-17
38321579,2024-10-20
38321579,2024-10-25
38321579,2024-10-28
38321579,2024-10-30
38321579,2024-11-07
38321579,2024-11-10
38321579,2024-11-14
38321579,2024-11-15
38321579,2024-11-17
38321579,2024-11-21
38321579,2024-11-26
38321579,2024-12-01
38321579,2024-12-06
38321579,2024-12-09
38321579,2024-12-12
38321579,2024-12-19
38321579,2024-12-20
38321579,2025-01-02
38321579,2025-01-09
38321579,2025-01-12
38321579,2025-01-14
38321579,2025-01-16
38321579,2025-01-23
38321579,2025-01-24
38321579,2025-01-26
38321579,2025-01-29
38321579,2025-02-06
38321579,2025-02-07
38321579,2025-02-08
38321579,2025-02-13
38321579,2025-02-17
38321579,2025-02-19
38321579,2025-02-27
38321579,2025-03-06
38321579,2025-03-08
38321579,2025-03-10
38321579,2025-03-14
38321579,2025-04-07
38321579,2025-04-11
38321579,2025-04-13
38321579,2025-04-19
38321579,2025-04-23
38321579,2025-04-30
38321579,2025-05-01
38321579,2025-05-04
38321579,2025-05-06
38321579,2025-05-10
38321579,2025-05-15
38321579,2025-05-16
38321579,2025-05-19
38321579,2025-05-25
38321579,2025-05-27
38321579,2025-05-29
38321579,2025-05-31
38321579,2025-06-01
38321579,2025-06-02
38321579,2025-06-04
38321579,2025-06-06
38321579,2025-06-07
38321579,2025-06-08
38321579,2025-06-15
38321579,2025-06-18
38321579,2025-06-21
38321579,2025-06-25
38321579,2025-06-27
38321579,2025-06-29
38321579,2025-06-30
38321579,2025-07-02
38321579,2025-07-07
38321579,2025-07-20
38321579,2025-07-22
38321579,2025-07-24
38321579,2025-07-26
38321579,2025-07-27
38321579,2025-08-01
38321579,2025-08-04
38321579,2025-08-05
38321579,2025-08-06
38321579,2025-08-22
38321579,2025-08-23
38321579,2025-08-24
38321579,2025-08-27
38321579,2025-08-28
38321579,2025-09-01
38321579,2025-09-03
38321579,2025-09-04
38321579,2025-09-12
38321579,2025-09-13
38321579,2025-09-16
38321579,2025-09-18
38321579,2025-09-25
38321579,2025-10-04
38321579,2025-10-05
38321579,2025-10-07
38321579,2025-10-08
38321579,2025-10-10
38321579,2025-10-13
38321579,2025-10-16
39093517,2019-12-08
39093517,2019-12-25
39093517,2020-01-13
39093517,2020-03-01
39093517,2020-05-02
39093517,2020-06-20
39093517,2020-09-07
39093517,2020-10-01
39093517,2020-10-16
39093517,2020-10-25
39093517,2020-11-29
39093517,2020-12-31
39093517,2021-01-03
39093517,2021-01-23
39093517,2021-02-28
39093517,2021-04-02
39093517,2021-05-15
39093517,2021-05-18
39093517,2021-05-23
39093517,2021-05-30
39093517,2021-06-13
39093517,2021-06-26
39093517,2021-07-05
39093517,2021-07-11
39093517,2021-07-16
39093517,2021-08-12
39093517,2021-09-16
39093517,2021-09-27
39093517,2021-10-01
39093517,2021-10-11
39093517,2021-10-17
39093517,2022-01-01
39093517,2022-03-08
39093517,2022-07-11
39093517,2023-02-19
39093517,2023-08-25
39093517,2024-02-18
39093517,2024-04-02
39093517,2024-04-20
39093517,2024-08-01
39093517,2024-08-24
39093517,2025-05-03
39093517,2025-05-10
39093517,2025-05-22
39093517,2025-06-13
39093517,2025-06-15
39093517,2025-07-06
39093517,2025-07-13
39093517,2025-07-18
39093517,2025-08-04
39093517,2025-08-16
39093517,2025-09-14
39698576,2019-10-29
39698576,2019-11-10
39698576,2019-11-28
39698576,2019-12-03
39698576,2020-01-02
39698576,2020-02-26
39698576,2020-07-01
39698576,2020-08-30
39698576,2020-11-05
39698576,2021-02-14
39698576,2021-05-17
39698576,2021-06-11
39698576,2021-06-21
39698576,2021-07-02
39698576,2021-09-18
39698576,2021-10-28
39698576,2021-12-04
39698576,2021-12-20
39698576,2022-04-19
39698576,2022-08-22
39698576,2022-09-27
39698576,2023-01-29
39698576,2023-09-22
39698576,2025-04-14
40491172,2019-12-08
40491172,2019-12-21
40491172,2019-12-27
40491172,2020-01-06
40491172,2020-02-26
40491172,2020-03-02
40491172,2020-03-07
40491172,2020-03-13
40491172,2020-03-15
40491172,2020-06-07
40491172,2020-06-12
40491172,2020-06-27
40491172,2020-07-06
40491172,2020-07-15
40491172,2020-07-19
40491172,2020-08-02
40491172,2020-08-09
40491172,2020-08-11
40491172,2020-08-16
40491172,2020-08-20
40491172,2020-08-28
40491172,2020-09-05
40491172,2020-09-12
40491172,2020-09-17
40491172,2020-09-27
40491172,2020-10-05
40491172,2020-10-09
40491172,2020-10-12
40491172,2020-10-17
40491172,2020-10-24
40491172,2020-11-01
40491172,2020-11-15
40491172,2021-01-03
40491172,2021-01-11
40491172,2021-01-16
40491172,2021-02-15
40491172,2021-02-20
40491172,2021-03-28
40491172,2021-04-02
40491172,2021-04-07
40491172,2021-05-25
40491172,2021-06-08
40491172,2021-06-13
40491172,2021-06-20
40491172,2021-06-27
40491172,2021-07-05
40491172,2021-08-14
40491172,2021-08-23
40491172,2021-09-11
40491172,2021-09-24
40491172,2021-09-28
40491172,2021-10-10
40491172,2021-10-23
40491172,2021-10-27
40491172,2021-10-30
40491172,2021-11-06
40491172,2021-12-28
40491172,2022-02-28
40491172,2022-03-10
40491172,2022-03-23
40491172,2022-03-27
40491172,2022-04-03
40491172,2022-04-11
40491172,2022-05-10
40491172,2022-05-22
40491172,2022-05-30
40491172,2022-08-10
40491172,2022-08-18
40491172,2022-08-22
40491172,2022-09-02
40491172,2022-09-21
40491172,2022-10-02
40491172,2022-10-07
40491172,2022-10-10
40491172,2022-10-29
40491172,2022-11-02
40491172,2022-11-09
40491172,2022-11-23
40491172,2022-11-27
40491172,2022-12-05
40491172,2022-12-17
40491172,2023-02-15
40491172,2023-02-20
40491172,2023-03-20
40491172,2023-04-07
40491172,2023-05-05
40491172,2023-05-16
40491172,2023-06-09
40491172,2023-06-12
40491172,2023-07-18
40491172,2023-08-14
40491172,2023-09-04
40491172,2023-09-12
40491172,2023-09-25
40491172,2023-10-03
40491172,2023-10-10
40491172,2023-10-23
40491172,2023-11-17
40491172,2023-12-26
40491172,2024-01-13
40491172,2024-02-17
40491172,2024-02-29
40491172,2024-03-09
40491172,2024-03-17
40491172,2024-04-01
40491172,2024-04-28
40491172,2024-05-11
40491172,2024-05-31
40491172,2024-06-09
40491172,2024-06-25
40491172,2024-07-01
40491172,2024-09-03
40491172,2024-09-11
40491172,2024-09-17
40491172,2024-10-02
40491172,2024-10-05
40491172,2024-10-22
40491172,2024-10-28
40491172,2024-12-13
40491172,2024-12-22
40491172,2024-12-26
40491172,2025-01-14
40491172,2025-02-07
40491172,2025-02-17
40491172,2025-02-27
40491172,2025-03-10
40491172,2025-03-27
40491172,2025-04-07
40491172,2025-04-21
40491172,2025-05-21
40491172,2025-06-05
40491172,2025-06-09
40491172,2025-07-01
40491172,2025-07-08
40491172,2025-07-27
40491172,2025-07-31
40491172,2025-09-21
40491172,2025-10-03
40828178,2020-01-15
40828178,2020-02-15
40828178,2020-03-15
40828178,2020-04-16
40828178,2020-04-18
40828178,2020-05-04
40828178,2020-05-07
40828178,2020-05-09
40828178,2020-05-17
40828178,2020-05-21
40828178,2020-05-25
40828178,2020-05-26
40828178,2020-05-29
40828178,2020-05-30
40828178,2020-06-04
40828178,2020-06-08
40828178,2020-06-11
40828178,2020-06-12
40828178,2020-06-14
40828178,2020-06-17
40828178,2020-06-21
40828178,2020-06-28
40828178,2020-07-09
40828178,2020-07-12
40828178,2020-07-24
40828178,2020-07-25
40828178,2020-07-26
40828178,2020-08-01
40828178,2020-08-02
40828178,2020-08-05
40828178,2020-08-08
40828178,2020-08-09
40828178,2020-08-12
40828178,2020-08-15
40828178,2020-08-16
40828178,2020-08-18
40828178,2020-08-20
40828178,2020-08-22
40828178,2020-08-24
40828178,2020-08-29
40828178,2020-09-01
40828178,2020-09-02
40828178,2020-09-09
40828178,2020-09-12
40828178,2020-09-13
40828178,2020-09-14
40828178,2020-09-15
40828178,2020-09-19
40828178,2020-09-20
40828178,2020-09-21
40828178,2020-09-27
40828178,2020-10-01
40828178,2020-10-02
40828178,2020-10-04
40828178,2020-10-06
40828178,2020-10-07
40828178,2020-10-12
40828178,2020-10-13
40828178,2020-10-16
40828178,2020-10-18
40828178,2020-10-19
40828178,2021-02-21
40828178,2021-02-23
40828178,2021-03-05
40828178,2021-03-07
40828178,2021-03-12
40828178,2021-03-14
40828178,2021-03-19
40828178,2021-03-21
40828178,2021-03-22
40828178,2021-03-24
40828178,2021-03-26
40828178,2021-03-28
40828178,2021-04-02
40828178,2021-04-08
40828178,2021-04-11
40828178,2021-04-16
40828178,2021-04-18
40828178,2021-04-19
40828178,2021-04-22
40828178,2021-04-25
40828178,2021-04-26
40828178,2021-04-30
40828178,2021-05-02
40828178,2021-05-07
40828178,2021-05-13
40828178,2021-05-15
40828178,2021-05-16
40828178,2021-05-17
40828178,2021-05-19
40828178,2021-05-27
40828178,2021-05-31
40828178,2021-06-03
40828178,2021-06-13
40828178,2021-06-14
40828178,2021-06-20
40828178,2021-06-25
40828178,2021-06-26
40828178,2021-06-28
40828178,2021-07-01
40828178,2021-07-03
40828178,2021-07-04
40828178,2021-07-05
40828178,2021-07-06
40828178,2021-07-07
40828178,2021-07-11
40828178,2021-07-12
40828178,2021-07-19
40828178,2021-07-25
40828178,2021-07-26
40828178,2021-08-04
40828178,2021-08-07
40828178,2021-08-14
40828178,2021-08-15
40828178,2021-08-16
40828178,2021-08-23
40828178,2021-08-27
40828178,2021-08-29
40828178,2021-09-05
40828178,2021-09-11
40828178,2021-09-12
40828178,2021-09-19
40828178,2021-09-26
40828178,2021-10-03
40828178,2021-10-10
40828178,2021-10-17
40828178,2021-12-06
40828178,2021-12-12
40828178,2021-12-24
40828178,2022-01-09
40828178,2022-01-23
40828178,2022-01-29
40828178,2022-02-06
40828178,2022-02-13
40828178,2022-02-20
40828178,2022-02-21
40828178,2022-02-27
40828178,2022-03-06
40828178,2022-03-13
40828178,2022-03-18
40828178,2022-06-18
40828178,2022-07-10
40828178,2022-07-22
40828178,2022-07-27
40828178,2022-07-29
40828178,2022-07-31
40828178,2022-08-24
40828178,2022-08-27
40828178,2022-08-31
40828178,2022-10-01
40828178,2022-10-02
40828178,2022-12-07
40828178,2022-12-11
40828178,2022-12-17
40828178,2022-12-20
40828178,2022-12-22
40828178,2022-12-24
40828178,2022-12-27
40828178,2022-12-31
40828178,2023-01-02
40828178,2023-01-13
40828178,2023-01-16
40828178,2023-07-01
40828178,2023-07-19
40828178,2023-07-23
40828178,2023-08-07
40828178,2024-08-04
40828178,2024-11-10
40828178,2025-01-16
40828178,2025-01-21
40828178,2025-02-02
40828178,2025-02-09
40828178,2025-02-16
41319631,2021-04-03
41319631,2021-07-09
41319631,2021-08-14
41319631,2023-01-06
42009788,2020-02-15
42009788,2020-02-17
42009788,2020-03-01
42009788,2020-09-04
42009788,2020-10-16
42009788,2021-01-09
42009788,2021-06-06
42009788,2021-06-11
42009788,2021-07-03
42009788,2021-07-18
42009788,2021-09-03
42009788,2021-12-18
42009788,2022-06-23
42009788,2022-08-04
42009788,2022-08-28
42009788,2023-03-01
42009788,2023-05-10
42009788,2023-05-14
42009788,2023-05-30
42009788,2023-09-01
42009788,2023-10-15
42009788,2023-12-30
42009788,2024-07-31
42009788,2024-12-24
42009788,2025-06-07
42391372,2020-06-28
42391372,2020-08-16
42391372,2020-08-23
42391372,2020-09-01
42391372,2020-09-06
42391372,2020-09-13
42391372,2020-10-23
42391372,2020-10-25
42391372,2020-11-07
42391372,2020-11-15
42391372,2021-03-22
42391372,2021-04-18
42391372,2021-05-16
42391372,2021-07-18
42391372,2021-09-02
42391372,2021-09-19
42391372,2021-10-10
42391372,2021-10-17
42391372,2021-11-28
42391372,2022-01-09
42391372,2022-02-05
42391372,2022-02-27
42391372,2022-03-21
42391372,2022-04-10
42391372,2022-05-15
42391372,2022-08-12
42391372,2022-10-27
42763847,2020-04-23
42763847,2020-07-27
42763847,2020-08-23
42763847,2020-08-30
42763847,2020-09-30
42763847,2020-10-08
42763847,2020-10-27
42763847,2020-11-01
42763847,2020-11-15
42763847,2020-11-26
42763847,2020-11-30
42763847,2020-12-20
42763847,2020-12-27
42763847,2020-12-30
42763847,2021-01-02
42763847,2021-01-07
42763847,2021-02-11
42763847,2021-02-19
42763847,2021-02-28
42763847,2021-03-08
42763847,2021-03-17
42763847,2021-03-21
42763847,2021-03-26
42763847,2021-04-03
42763847,2021-04-15
42763847,2021-04-19
42763847,2021-04-27
42763847,2021-05-26
42763847,2021-07-05
42763847,2021-07-15
42763847,2021-07-31
42763847,2021-08-08
42763847,2021-08-28
42763847,2021-09-07
42763847,2021-09-13
42763847,2021-09-19
42763847,2021-10-04
42763847,2021-10-17
42763847,2021-10-24
42763847,2021-11-08
42763847,2021-11-28
42763847,2021-12-05
42763847,2021-12-21
42763847,2021-12-28
42763847,2022-01-13
42763847,2022-04-13
42763847,2022-04-24
42763847,2022-05-01
42763847,2022-05-11
42763847,2022-05-16
42763847,2022-05-22
42763847,2022-05-30
42763847,2022-07-10
42763847,2022-07-18
42763847,2022-07-22
42763847,2022-07-29
42763847,2022-07-31
42763847,2022-08-16
42763847,2022-08-21
42763847,2022-08-26
42763847,2022-08-28
42763847,2022-09-29
42763847,2022-10-24
42763847,2022-10-30
42763847,2022-11-18
42763847,2022-11-20
42763847,2022-11-27
42763847,2022-12-03
42763847,2022-12-27
42763847,2023-01-06
42763847,2023-02-04
42763847,2023-04-24
42763847,2023-04-30
42763847,2023-05-15
42763847,2023-05-21
42763847,2023-07-01
42763847,2023-07-15
42763847,2023-07-23
42763847,2023-07-26
42763847,2023-07-27
42763847,2023-07-30
42763847,2023-08-01
42763847,2023-08-04
42763847,2023-08-06
42763847,2023-08-21
42763847,2023-10-16
42763847,2023-10-22
42763847,2023-11-24
42763847,2023-12-07
42763847,2023-12-24
42763847,2023-12-29
42763847,2023-12-31
42763847,2024-03-21
42763847,2024-04-10
42763847,2024-05-12
42763847,2024-05-19
42763847,2024-06-22
42763847,2024-08-23
42763847,2024-10-06
42763847,2024-10-13
42763847,2024-10-28
42763847,2024-11-20
42763847,2024-11-25
42763847,2024-12-01
42763847,2024-12-21
42763847,2024-12-24
42763847,2025-02-14
42763847,2025-03-02
42763847,2025-03-08
42763847,2025-03-23
42763847,2025-04-12
42763847,2025-04-27
42763847,2025-05-04
42763847,2025-05-25
42763847,2025-06-01
42763847,2025-06-03
42763847,2025-06-10
42763847,2025-06-15
42763847,2025-06-24
42763847,2025-07-02
42763847,2025-07-05
42763847,2025-07-10
42763847,2025-07-27
42763847,2025-07-31
42763847,2025-08-05
42763847,2025-08-11
42763847,2025-09-06
42763847,2025-10-03
42763847,2025-10-05
42763847,2025-10-13
42763847,2025-10-19
43208391,2020-09-25
43208391,2020-09-27
43208391,2020-10-03
43208391,2020-10-04
43208391,2020-10-07
43208391,2020-10-13
43208391,2020-10-23
43208391,2020-10-25
43208391,2020-10-31
43208391,2020-11-08
43208391,2020-11-18
43208391,2020-11-25
43208391,2020-12-10
43208391,2021-01-03
43208391,2021-02-15
43208391,2021-03-03
43208391,2021-03-08
43208391,2021-04-25
43208391,2021-04-27
43208391,2021-05-02
43208391,2021-05-08
43208391,2021-05-16
43208391,2021-05-18
43208391,2021-05-22
43208391,2021-05-31
43208391,2021-06-06
43208391,2021-06-24
43208391,2021-07-05
43208391,2021-07-07
43208391,2021-07-13
43208391,2021-07-23
43208391,2021-07-28
43208391,2021-08-05
43208391,2021-08-10
43208391,2021-08-16
43208391,2021-08-31
43208391,2021-09-12
43208391,2021-09-18
43208391,2021-10-03
43208391,2021-10-11
43208391,2021-10-14
43208391,2021-10-17
43208391,2021-10-25
43208391,2021-11-07
43208391,2021-11-14
43208391,2022-01-16
43208391,2022-02-18
43208391,2022-02-20
43208391,2022-02-24
43208391,2022-02-27
43208391,2022-03-12
43208391,2022-03-29
43208391,2022-04-12
43208391,2022-04-17
43208391,2022-04-23
43208391,2022-05-01
43208391,2022-08-17
43208391,2022-08-21
43208391,2022-09-30
43208391,2022-10-02
43208391,2022-10-08
43208391,2022-10-10
43208391,2022-10-16
43208391,2022-11-06
43208391,2022-12-18
43208391,2023-02-19
43208391,2023-03-18
43208391,2023-05-21
43208391,2023-05-28
43208391,2023-07-09
43208391,2023-07-27
43208391,2023-08-20
43208391,2023-08-28
43208391,2023-09-17
43208391,2023-10-01
43208391,2023-10-22
43208391,2023-10-28
43208391,2023-10-30
43208391,2024-01-02
43208391,2024-02-28
43208391,2024-03-25
43208391,2024-04-02
43208391,2024-04-05
43208391,2024-04-16
43208391,2024-04-22
43208391,2024-05-05
43208391,2024-05-20
43208391,2024-06-02
43208391,2024-06-09
43208391,2024-06-23
43208391,2024-06-30
43208391,2024-07-31
43208391,2024-08-04
43208391,2024-08-11
43208391,2024-08-27
43208391,2024-09-01
43208391,2024-09-25
43208391,2024-09-29
43208391,2024-10-05
43208391,2024-10-17
43208391,2024-10-20
43208391,2024-10-27
43208391,2024-11-05
43208391,2024-11-10
43208391,2025-02-26
43208391,2025-02-28
43208391,2025-04-14
43208391,2025-04-30
43208391,2025-05-05
43208391,2025-05-11
43208391,2025-05-16
43208391,2025-05-18
43208391,2025-06-07
43208391,2025-06-08
43208391,2025-06-10
43208391,2025-06-25
43208391,2025-06-30
43208391,2025-07-06
43208391,2025-07-27
43208391,2025-07-31
43208391,2025-08-04
43208391,2025-08-08
43208391,2025-08-18
43208391,2025-09-09
43208391,2025-09-23
43208391,2025-10-21
43459803,2021-02-16
43459803,2021-02-26
43459803,2021-03-19
43459803,2021-04-19
43459803,2021-06-19
43459803,2021-07-13
43459803,2021-07-21
43459803,2021-07-25
43459803,2021-08-07
43459803,2021-08-15
43459803,2021-08-22
43459803,2023-05-31
43459803,2023-09-12
43459803,2023-10-10
43459803,2024-03-01
43459803,2024-04-02
43459803,2024-10-29
43459803,2025-02-24
43459803,2025-07-26
43459803,2025-07-31
43459803,2025-08-04
43459803,2025-08-10
43459803,2025-08-23
43736299,2020-07-05
43736299,2020-07-13
43736299,2020-08-05
43736299,2020-08-16
43736299,2020-08-18
43736299,2020-08-28
43736299,2020-09-03
43736299,2020-09-06
43736299,2020-09-07
43736299,2020-09-27
43736299,2020-09-30
43736299,2020-10-07
43736299,2020-10-12
43736299,2020-10-25
43736299,2020-11-07
43736299,2020-11-09
43736299,2020-11-12
43736299,2020-11-15
43736299,2020-11-23
43736299,2021-01-31
43736299,2021-02-03
43736299,2021-02-08
43736299,2021-02-21
43736299,2021-03-04
43736299,2021-03-07
43736299,2021-03-08
43736299,2021-03-21
43736299,2021-04-10
43736299,2021-04-11
43736299,2021-04-13
43736299,2021-04-19
43736299,2021-04-23
43736299,2021-06-18
43736299,2021-06-24
43736299,2021-07-18
43736299,2021-08-06
43736299,2021-08-09
43736299,2021-08-15
43736299,2021-09-06
43736299,2021-09-11
43736299,2021-09-12
43736299,2021-09-25
43736299,2021-09-26
43736299,2021-11-01
43736299,2021-11-07
43736299,2021-12-30
43736299,2022-01-23
43736299,2022-03-12
43736299,2022-04-03
43736299,2022-04-18
43736299,2022-04-22
43736299,2022-05-01
43736299,2022-05-11
43736299,2022-05-13
43736299,2022-05-14
43736299,2022-05-15
43736299,2022-05-20
43736299,2022-05-24
43736299,2022-05-29
43736299,2022-06-15
43736299,2022-06-21
43736299,2022-06-24
43736299,2022-06-26
43736299,2022-06-28
43736299,2022-07-01
43736299,2022-08-04
43736299,2022-08-06
43736299,2022-08-17
43736299,2022-08-20
43736299,2022-08-24
43736299,2022-08-26
43736299,2022-08-28
43736299,2022-09-03
43736299,2022-09-05
43736299,2022-09-09
43736299,2022-09-23
43736299,2022-09-24
43736299,2022-09-28
43736299,2022-10-01
43736299,2023-01-03
43736299,2023-01-13
43736299,2023-02-19
43736299,2023-02-26
43736299,2023-03-06
43736299,2023-03-20
43736299,2023-03-26
43736299,2023-04-02
43736299,2023-04-07
43736299,2023-05-29
43736299,2023-06-11
43736299,2023-06-18
43736299,2023-06-25
43736299,2023-07-09
43736299,2023-07-16
43736299,2023-07-28
43736299,2023-07-31
43736299,2023-08-02
43736299,2023-08-03
43736299,2023-08-12
43736299,2023-08-14
43736299,2023-08-15
43736299,2023-08-27
43736299,2023-09-01
43736299,2023-09-03
43736299,2023-11-03
43736299,2023-11-09
43736299,2023-12-03
43736299,2024-01-05
43736299,2024-02-04
43736299,2024-02-21
43736299,2024-03-10
43736299,2024-03-31
43736299,2024-04-08
43736299,2024-04-26
43736299,2024-05-03
43736299,2024-06-07
43736299,2024-06-09
43736299,2024-08-02
43736299,2024-08-04
43736299,2024-08-07
43736299,2024-08-09
43736299,2024-08-16
43736299,2024-08-18
43736299,2024-08-25
43736299,2024-09-28
43736299,2024-10-12
43736299,2024-10-14
43736299,2024-10-20
43736299,2024-10-25
43736299,2024-10-26
43736299,2024-10-28
43955950,2020-07-05
43955950,2020-07-10
43955950,2020-07-12
43955950,2020-07-17
43955950,2020-07-24
43955950,2020-07-26
43955950,2020-07-30
43955950,2020-08-05
43955950,2020-08-09
43955950,2020-09-09
43955950,2020-09-14
43955950,2020-09-18
43955950,2020-09-21
43955950,2020-09-27
43955950,2020-10-18
43955950,2020-10-25
43955950,2020-11-01
43955950,2020-11-09
43955950,2020-11-15
43955950,2020-11-28
43955950,2020-12-27
43955950,2021-01-01
43955950,2021-01-03
43955950,2021-02-27
43955950,2021-03-22
43955950,2021-03-28
43955950,2021-04-14
43955950,2021-04-18
43955950,2021-05-18
43955950,2021-05-31
43955950,2021-06-06
43955950,2021-06-13
43955950,2021-07-16
43955950,2021-08-02
43955950,2021-08-09
43955950,2021-08-22
43955950,2021-10-31
43955950,2021-11-07
43955950,2021-11-14
43955950,2021-11-27
43955950,2021-12-05
43955950,2021-12-12
43955950,2021-12-28
43955950,2021-12-31
43955950,2022-04-01
43955950,2023-02-20
43955950,2023-03-18
43955950,2023-04-10
43955950,2023-05-07
43955950,2023-05-11
43955950,2023-05-13
43955950,2023-05-15
43955950,2023-05-28
43955950,2023-06-11
43955950,2023-06-18
43955950,2023-07-02
43955950,2023-07-07
43955950,2023-07-13
43955950,2023-07-16
43955950,2023-08-06
43955950,2023-08-21
43955950,2023-08-28
43955950,2023-09-08
43955950,2023-09-18
43955950,2023-10-08
43955950,2023-10-15
43955950,2023-12-28
43955950,2024-02-24
43955950,2024-03-30
43955950,2024-04-01
43955950,2024-04-15
43955950,2024-04-21
43955950,2024-04-28
43955950,2024-05-05
43955950,2024-05-12
43955950,2024-05-17
43955950,2024-05-28
43955950,2024-06-09
43955950,2024-06-23
43955950,2024-07-06
43955950,2024-07-14
43955950,2024-08-11
43955950,2024-08-19
43955950,2024-08-30
43955950,2024-09-03
43955950,2024-10-05
43955950,2024-10-13
43955950,2024-10-20
43955950,2024-10-28
43955950,2024-11-17
43955950,2024-11-30
44180048,2020-07-17
44180048,2020-07-24
44180048,2020-07-26
44180048,2020-07-31
44180048,2020-08-02
44180048,2020-08-04
44180048,2020-08-05
44180048,2020-08-08
44180048,2020-08-09
44180048,2020-08-13
44180048,2020-08-17
44180048,2020-08-18
44180048,2020-08-22
44180048,2020-08-26
44180048,2020-08-29
44180048,2020-09-03
44180048,2020-09-08
44180048,2020-09-11
44180048,2020-09-13
44180048,2020-09-14
44180048,2020-09-18
44180048,2020-09-20
44180048,2020-09-25
44180048,2020-09-26
44180048,2020-09-27
44180048,2020-10-01
44180048,2020-10-03
44180048,2020-10-04
44180048,2020-10-11
44180048,2020-10-13
44180048,2020-10-16
44180048,2020-10-18
44180048,2020-10-22
44180048,2020-10-24
44180048,2020-10-27
44180048,2020-11-03
44180048,2020-11-08
44180048,2020-11-09
44180048,2020-11-14
44180048,2020-11-22
44180048,2020-11-27
44180048,2020-11-30
44180048,2020-12-05
44180048,2020-12-26
44180048,2020-12-29
44180048,2021-01-03
44180048,2021-01-05
44180048,2021-02-13
44180048,2021-02-14
44180048,2021-02-15
44180048,2021-02-19
44180048,2021-03-03
44180048,2021-03-07
44180048,2021-03-11
44180048,2021-03-13
44180048,2021-03-16
44180048,2021-03-21
44180048,2021-03-25
44180048,2021-03-28
44180048,2021-03-30
44180048,2021-04-03
44180048,2021-04-05
44180048,2021-04-09
44180048,2021-04-16
44180048,2021-04-19
44180048,2021-04-21
44180048,2021-04-27
44180048,2021-05-03
44180048,2021-05-05
44180048,2021-05-09
44180048,2021-05-14
44180048,2021-05-16
44180048,2021-05-21
44180048,2021-05-24
44180048,2021-05-26
44180048,2021-05-28
44180048,2021-05-30
44180048,2021-06-01
44180048,2021-06-04
44180048,2021-06-07
44180048,2021-06-08
44180048,2021-06-09
44180048,2021-06-15
44180048,2021-06-16
44180048,2021-06-17
44180048,2021-06-18
44180048,2021-06-20
44180048,2021-06-24
44180048,2021-06-26
44180048,2021-06-28
44180048,2021-06-30
44180048,2021-07-01
44180048,2021-07-02
44180048,2021-07-03
44180048,2021-07-05
44180048,2021-07-06
44180048,2021-07-08
44180048,2021-07-09
44180048,2021-07-11
44180048,2021-07-12
44180048,2021-07-13
44180048,2021-07-15
44180048,2021-07-19
44180048,2021-07-22
44180048,2021-07-25
44180048,2021-07-28
44180048,2021-07-31
44180048,2021-08-02
44180048,2021-08-04
44180048,2021-08-07
44180048,2021-08-08
44180048,2021-08-10
44180048,2021-08-12
44180048,2021-08-16
44180048,2021-08-19
44180048,2021-08-27
44180048,2021-08-28
44180048,2021-08-29
44180048,2021-09-02
44180048,2021-09-03
44180048,2021-09-06
44180048,2021-09-09
44180048,2021-09-10
44180048,2021-09-12
44180048,2021-09-17
44180048,2021-09-18
44180048,2021-09-19
44180048,2021-09-22
44180048,2021-09-25
44180048,2021-09-26
44180048,2021-09-28
44180048,2021-10-02
44180048,2021-10-04
44180048,2021-10-07
44180048,2021-10-08
44180048,2021-10-09
44180048,2021-10-10
44180048,2021-10-11
44180048,2021-10-14
44180048,2021-10-16
44180048,2021-10-18
44180048,2021-10-21
44180048,2021-10-24
44180048,2021-10-31
44180048,2021-11-03
44180048,2021-11-04
44180048,2021-11-06
44180048,2021-11-08
44180048,2021-11-12
44180048,2021-11-14
44180048,2021-11-15
44180048,2021-11-21
44180048,2021-11-28
44180048,2021-12-07
44180048,2021-12-12
44180048,2021-12-19
44180048,2021-12-28
44180048,2022-01-01
44180048,2022-01-02
44180048,2022-01-08
44180048,2022-01-09
44180048,2022-01-17
44180048,2022-01-24
44180048,2022-01-29
44180048,2022-02-06
44180048,2022-02-13
44180048,2022-02-15
44180048,2022-02-18
44180048,2022-02-21
44180048,2022-02-25
44180048,2022-02-27
44180048,2022-03-14
44180048,2022-03-15
44180048,2022-03-17
44180048,2022-03-18
44180048,2022-03-20
44180048,2022-03-21
44180048,2022-03-27
44180048,2022-04-03
44180048,2022-04-08
44180048,2022-04-14
44180048,2022-04-17
44180048,2022-04-22
44180048,2022-04-24
44180048,2022-04-27
44180048,2022-04-29
44180048,2022-05-05
44180048,2022-05-06
44180048,2022-05-13
44180048,2022-05-14
44180048,2022-05-16
44180048,2022-05-19
44180048,2022-05-22
44180048,2022-05-25
44180048,2022-05-27
44180048,2022-05-30
44180048,2022-06-01
44180048,2022-06-04
44180048,2022-06-05
44180048,2022-06-13
44180048,2022-06-17
44180048,2022-06-19
44180048,2022-06-25
44180048,2022-07-04
44180048,2022-07-07
44180048,2022-07-10
44180048,2022-07-11
44180048,2022-07-15
44180048,2022-07-16
44180048,2022-07-17
44180048,2022-07-21
44180048,2022-07-24
44180048,2022-07-26
44180048,2022-07-28
44180048,2022-07-31
44180048,2022-08-02
44180048,2022-08-05
44180048,2022-08-07
44180048,2022-08-11
44180048,2022-08-18
44180048,2022-08-19
44180048,2022-08-26
44180048,2022-08-27
44180048,2022-08-30
44180048,2022-08-31
44180048,2022-09-03
44180048,2022-09-04
44180048,2022-09-15
44180048,2022-09-18
44180048,2022-09-23
44180048,2022-09-25
44180048,2022-09-28
44180048,2022-09-29
44180048,2022-10-21
44180048,2022-10-28
44180048,2022-10-30
44180048,2022-10-31
44180048,2022-11-06
44180048,2022-11-17
44180048,2022-11-20
44180048,2022-11-21
44180048,2022-11-25
44180048,2022-12-04
44180048,2022-12-20
44180048,2022-12-25
44180048,2023-01-08
44180048,2023-01-23
44180048,2023-01-29
44180048,2023-02-05
44180048,2023-02-16
44180048,2023-02-18
44180048,2023-02-19
44180048,2023-02-22
44180048,2023-02-24
44180048,2023-02-26
44180048,2023-03-08
44180048,2023-03-12
44180048,2023-03-16
44180048,2023-03-17
44180048,2023-03-18
44180048,2023-03-20
44180048,2023-03-25
44180048,2023-03-26
44180048,2023-03-29
44180048,2023-04-02
44180048,2023-04-08
44180048,2023-04-09
44180048,2023-04-11
44180048,2023-04-14
44180048,2023-04-15
44180048,2023-04-21
44180048,2023-04-29
44180048,2023-05-06
44180048,2023-05-14
44180048,2023-05-15
44180048,2023-05-23
44180048,2023-06-04
44180048,2023-06-12
44180048,2023-06-14
44180048,2023-06-18
44180048,2023-06-20
44180048,2023-06-22
44180048,2023-06-24
44180048,2023-06-25
44180048,2023-07-07
44180048,2023-07-12
44180048,2023-07-13
44180048,2023-07-15
44180048,2023-07-18
44180048,2023-07-21
44180048,2023-07-22
44180048,2023-07-23
44180048,2023-07-24
44180048,2023-07-26
44180048,2023-07-27
44180048,2023-07-31
44180048,2023-08-04
44180048,2023-08-05
44180048,2023-08-17
44180048,2023-08-18
44180048,2023-08-22
44180048,2023-08-24
44180048,2023-08-26
44180048,2023-09-02
44180048,2023-09-05
44180048,2023-09-08
44180048,2023-09-23
44180048,2023-09-25
44180048,2023-09-30
44180048,2023-10-18
44180048,2023-10-20
44180048,2023-10-29
44180048,2023-10-30
44180048,2023-11-05
44180048,2023-11-09
44180048,2023-11-24
44180048,2023-12-03
44180048,2023-12-27
44180048,2024-01-12
44180048,2024-01-14
44180048,2024-01-21
44180048,2024-02-13
44180048,2024-02-19
44180048,2024-02-24
44180048,2024-02-26
44180048,2024-03-02
44180048,2024-03-10
44180048,2024-03-16
44180048,2024-03-17
44180048,2024-03-23
44180048,2024-03-24
44180048,2024-04-09
44180048,2024-05-05
44180048,2024-05-07
44180048,2024-05-12
44180048,2024-05-19
44180048,2024-05-22
44180048,2024-05-24
44180048,2024-06-08
44180048,2024-06-10
44180048,2024-06-13
44180048,2024-06-24
44180048,2024-06-26
44180048,2024-07-03
44180048,2024-07-11
44180048,2024-07-22
44180048,2024-07-31
44180048,2024-08-08
44180048,2024-08-09
44180048,2024-08-18
44180048,2024-08-24
44180048,2024-09-22
44180048,2024-10-12
44180048,2024-10-15
44180048,2024-10-21
44180048,2024-11-03
44180048,2024-12-15
44180048,2024-12-25
44180048,2024-12-31
44180048,2025-01-01
44180048,2025-01-14
44180048,2025-01-31
44180048,2025-02-05
44180048,2025-02-08
44180048,2025-02-17
44180048,2025-03-22
44180048,2025-04-14
44180048,2025-04-25
44180048,2025-05-25
44180048,2025-05-26
44180048,2025-06-07
44180048,2025-06-15
44180048,2025-06-21
44180048,2025-07-03
44180048,2025-07-27
44180048,2025-08-09
44180048,2025-08-29
44180048,2025-08-30
44180048,2025-08-31
44180048,2025-09-01
44180048,2025-09-07
44180048,2025-09-16
44180048,2025-10-05
44180048,2025-10-11
44180048,2025-10-12
44265426,2020-08-01
44265426,2020-08-15
44265426,2020-08-19
44265426,2020-08-21
44265426,2020-08-22
44265426,2020-08-23
44265426,2020-08-27
44265426,2020-08-30
44265426,2020-09-06
44265426,2020-09-13
44265426,2020-09-19
44265426,2020-09-20
44265426,2020-09-23
44265426,2020-09-25
44265426,2020-09-27
44265426,2020-10-01
44265426,2020-10-03
44265426,2020-10-07
44265426,2020-10-09
44265426,2020-10-10
44265426,2020-10-11
44265426,2020-10-17
44265426,2020-10-19
44265426,2020-10-27
44265426,2020-11-01
44265426,2020-11-04
44265426,2020-11-13
44265426,2020-11-15
44265426,2020-11-22
44265426,2020-11-24
44265426,2020-11-29
44265426,2020-12-05
44265426,2020-12-10
44265426,2020-12-17
44265426,2020-12-20
44265426,2020-12-27
44265426,2020-12-29
44265426,2020-12-31
44265426,2021-01-02
44265426,2021-01-05
44265426,2021-01-11
44265426,2021-01-21
44265426,2021-01-29
44265426,2021-01-31
44265426,2021-02-04
44265426,2021-02-07
44265426,2021-02-12
44265426,2021-02-14
44265426,2021-02-18
44265426,2021-02-20
44265426,2021-02-24
44265426,2021-02-28
44265426,2021-03-04
44265426,2021-03-07
44265426,2021-03-12
44265426,2021-03-14
44265426,2021-03-21
44265426,2021-03-24
44265426,2021-03-27
44265426,2021-03-28
44265426,2021-04-11
44265426,2021-04-17
44265426,2021-04-18
44265426,2021-04-24
44265426,2021-04-25
44265426,2021-04-27
44265426,2021-05-03
44265426,2021-05-09
44265426,2021-05-16
44265426,2021-05-17
44265426,2021-05-18
44265426,2021-05-26
44265426,2021-05-27
44265426,2021-05-29
44265426,2021-05-30
44265426,2021-06-02
44265426,2021-06-06
44265426,2021-06-12
44265426,2021-06-14
44265426,2021-06-19
44265426,2021-06-20
44265426,2021-06-21
44265426,2021-06-23
44265426,2021-06-26
44265426,2021-06-28
44265426,2021-06-29
44265426,2021-07-02
44265426,2021-07-04
44265426,2021-07-05
44265426,2021-07-08
44265426,2021-07-09
44265426,2021-07-11
44265426,2021-07-13
44265426,2021-07-14
44265426,2021-07-15
44265426,2021-07-16
44265426,2021-07-18
44265426,2021-07-22
44265426,2021-07-25
44265426,2021-08-01
44265426,2021-08-16
44265426,2021-08-18
44265426,2021-08-19
44265426,2021-08-20
44265426,2021-08-22
44265426,2021-08-28
44265426,2021-08-29
44265426,2021-09-07
44265426,2021-09-09
44265426,2021-09-14
44265426,2021-09-26
44265426,2021-10-03
44265426,2021-10-09
44265426,2021-10-10
44265426,2021-10-20
44265426,2021-10-21
44265426,2021-10-23
44265426,2021-10-28
44265426,2021-10-31
44265426,2021-11-01
44265426,2021-11-03
44265426,2021-11-07
44265426,2021-11-08
44265426,2021-11-11
44265426,2021-11-23
44265426,2021-11-30
44265426,2021-12-09
44265426,2021-12-12
44265426,2021-12-19
44265426,2021-12-27
44265426,2021-12-31
44265426,2022-01-09
44265426,2022-01-14
44265426,2022-01-23
44265426,2022-02-02
44265426,2022-02-13
44265426,2022-02-18
44265426,2022-02-24
44265426,2022-02-26
44265426,2022-03-06
44265426,2022-03-12
44265426,2022-04-01
44265426,2022-04-09
44265426,2022-04-10
44265426,2022-04-16
44265426,2022-04-19
44265426,2022-04-20
44265426,2022-04-21
44265426,2022-04-25
44265426,2022-05-03
44265426,2022-05-04
44265426,2022-05-07
44265426,2022-05-12
44265426,2022-05-14
44265426,2022-05-15
44265426,2022-05-16
44265426,2022-05-19
44265426,2022-05-29
44265426,2022-06-05
44265426,2022-06-06
44265426,2022-06-08
44265426,2022-06-11
44265426,2022-06-12
44265426,2022-06-21
44265426,2022-06-22
44265426,2022-06-24
44265426,2022-06-25
44265426,2022-06-26
44265426,2022-06-28
44265426,2022-07-02
44265426,2022-07-03
44265426,2022-07-07
44265426,2022-07-10
44265426,2022-07-12
44265426,2022-07-18
44265426,2022-07-27
44265426,2022-07-29
44265426,2022-07-31
44265426,2022-08-05
44265426,2022-08-06
44265426,2022-08-10
44265426,2022-08-18
44265426,2022-08-20
44265426,2022-08-21
44265426,2022-08-24
44265426,2022-08-25
44265426,2022-08-28
44265426,2022-08-31
44265426,2022-09-02
44265426,2022-09-04
44265426,2022-09-07
44265426,2022-09-17
44265426,2022-09-18
44265426,2022-09-22
44265426,2022-09-24
44265426,2022-09-25
44265426,2022-10-01
44265426,2022-10-02
44265426,2022-10-06
44265426,2022-10-08
44265426,2022-10-09
44265426,2022-10-10
44265426,2022-10-16
44265426,2022-10-23
44265426,2022-10-29
44265426,2022-10-30
44265426,2022-11-12
44265426,2022-11-13
44265426,2022-11-16
44265426,2022-11-21
44265426,2022-11-24
44265426,2022-11-26
44265426,2022-11-27
44265426,2022-11-28
44265426,2022-12-11
44265426,2022-12-12
44265426,2022-12-18
44265426,2022-12-20
44265426,2022-12-24
44265426,2022-12-26
44265426,2022-12-31
44265426,2023-01-02
44265426,2023-01-22
44265426,2023-02-06
44265426,2023-02-18
44265426,2023-02-22
44265426,2023-03-14
44265426,2023-03-23
44265426,2023-03-27
44265426,2023-03-28
44265426,2023-03-31
44265426,2023-04-01
44265426,2023-04-14
44265426,2023-04-16
44265426,2023-04-19
44265426,2023-04-23
44265426,2023-04-28
44265426,2023-04-29
44265426,2023-05-05
44265426,2023-05-07
44265426,2023-05-17
44265426,2023-05-18
44265426,2023-05-22
44265426,2023-05-26
44265426,2023-05-27
44265426,2023-05-29
44265426,2023-06-01
44265426,2023-06-04
44265426,2023-06-11
44265426,2023-06-12
44265426,2023-06-22
44265426,2023-06-23
44265426,2023-06-27
44265426,2023-07-15
44265426,2023-07-16
44265426,2023-07-22
44265426,2023-07-23
44265426,2023-08-02
44265426,2023-08-12
44265426,2023-08-13
44265426,2023-08-17
44265426,2023-08-31
44265426,2023-09-01
44265426,2023-09-03
44265426,2023-09-04
44265426,2023-09-08
44265426,2023-09-09
44265426,2023-09-10
44265426,2023-09-30
44265426,2023-10-01
44265426,2023-10-03
44265426,2023-10-19
44265426,2023-10-20
44265426,2023-10-21
44265426,2023-10-22
44265426,2023-11-05
44265426,2023-11-09
44265426,2023-12-10
44265426,2023-12-25
44265426,2024-02-16
44265426,2024-02-28
44265426,2024-03-09
44265426,2024-03-10
44265426,2024-03-13
44265426,2024-03-24
44265426,2024-04-02
44265426,2024-04-07
44265426,2024-04-09
44265426,2024-04-21
44265426,2024-04-28
44265426,2024-10-12
44265426,2024-10-13
44265426,2024-10-21
44265426,2024-11-03
44265426,2024-12-29
44265426,2025-01-12
44265426,2025-01-18
44265426,2025-03-04
44265426,2025-03-09
44265426,2025-03-23
44265426,2025-04-04
44265426,2025-05-10
44265426,2025-07-08
44265426,2025-07-17
44265426,2025-07-25
44265426,2025-08-05
44265426,2025-08-30
44265426,2025-09-28
44265426,2025-10-10
44265426,2025-10-21
44265426,2025-11-01
44265426,2025-11-02
44450012,2020-08-23
44450012,2020-10-04
44450012,2020-10-12
44450012,2020-10-18
44450012,2020-11-15
44450012,2020-11-28
44450012,2021-04-24
44450012,2021-05-16
44450012,2021-05-23
44450012,2021-06-28
44450012,2021-08-14
44450012,2021-08-26
44450012,2021-11-04
44450012,2021-12-19
44450012,2022-01-07
44450012,2022-01-23
44450012,2022-05-07
44450012,2022-05-22
44450012,2022-06-30
44450012,2023-01-31
44450012,2023-10-22
44450012,2023-12-21
44450012,2024-03-16
44450012,2024-07-01
44450012,2024-08-03
44450012,2024-11-26
44450012,2025-09-12
45024912,2020-08-26
45024912,2020-08-29
45024912,2020-09-07
45024912,2020-09-11
45024912,2020-09-12
45024912,2020-09-14
45024912,2020-09-15
45024912,2020-09-21
45024912,2020-10-10
45024912,2020-10-13
45024912,2020-10-24
45024912,2020-11-17
45024912,2020-11-28
45024912,2020-12-11
45024912,2020-12-20
45024912,2020-12-25
45024912,2021-01-10
45024912,2021-01-17
45024912,2021-01-20
45024912,2021-01-22
45024912,2021-01-29
45024912,2021-02-07
45024912,2021-02-15
45024912,2021-02-28
45024912,2021-03-07
45024912,2021-03-14
45024912,2021-03-16
45024912,2021-03-19
45024912,2021-04-17
45024912,2021-04-21
45024912,2021-04-25
45024912,2021-05-02
45024912,2021-05-10
45024912,2021-05-16
45024912,2021-05-20
45024912,2021-05-23
45024912,2021-05-25
45024912,2021-05-30
45024912,2021-06-02
45024912,2021-06-14
45024912,2021-06-17
45024912,2021-06-20
45024912,2021-06-26
45024912,2021-06-27
45024912,2021-07-06
45024912,2021-07-09
45024912,2021-07-25
45024912,2021-07-29
45024912,2021-07-31
45024912,2021-08-09
45024912,2021-08-15
45024912,2021-08-22
45024912,2021-08-24
45024912,2021-08-29
45024912,2021-09-03
45024912,2021-09-10
45024912,2021-09-13
45024912,2021-09-17
45024912,2021-09-19
45024912,2021-09-29
45024912,2021-10-03
45024912,2021-10-10
45024912,2021-10-14
45024912,2021-10-18
45024912,2021-10-21
45024912,2021-10-23
45024912,2021-10-31
45024912,2021-11-04
45024912,2021-11-08
45024912,2021-11-14
45024912,2021-11-21
45024912,2021-12-17
45024912,2021-12-23
45024912,2021-12-27
45024912,2022-01-20
45024912,2022-01-23
45024912,2022-01-28
45024912,2022-01-30
45024912,2022-03-31
45024912,2022-04-07
45024912,2022-04-10
45024912,2022-05-02
45024912,2022-05-07
45024912,2022-05-08
45024912,2022-05-15
45024912,2022-05-23
45024912,2022-05-29
45024912,2022-06-12
45024912,2022-06-20
45024912,2022-06-26
45024912,2022-07-10
45024912,2022-07-17
45024912,2022-07-29
45024912,2022-08-09
45024912,2022-08-14
45024912,2022-12-16
45024912,2022-12-26
45024912,2023-02-06
45024912,2023-02-12
45024912,2023-02-19
45024912,2023-04-09
45024912,2023-04-30
45024912,2023-05-13
45024912,2023-05-17
45024912,2023-05-22
45024912,2023-05-27
45024912,2023-06-09
45024912,2023-06-15
45024912,2023-06-16
45024912,2023-07-16
45024912,2023-07-26
45024912,2023-08-20
45024912,2023-08-27
45024912,2023-09-07
45024912,2023-09-16
45024912,2023-09-22
45024912,2023-09-30
45024912,2023-10-09
45024912,2023-10-12
45024912,2023-10-15
45024912,2024-03-03
45024912,2024-04-07
45024912,2024-04-13
45024912,2024-05-18
45024912,2024-06-02
45024912,2024-07-31
45024912,2024-08-20
45024912,2024-08-22
45024912,2025-01-12
45074220,2021-09-16
45074220,2021-09-27
45074220,2021-10-02
45074220,2021-10-14
45074220,2021-10-22
45074220,2021-11-08
45074220,2021-11-15
45074220,2021-12-17
45074220,2021-12-21
45074220,2022-01-08
45074220,2022-01-13
45074220,2022-02-11
45074220,2022-02-18
45074220,2022-02-20
45074220,2022-03-03
45074220,2022-03-12
45074220,2022-03-26
45074220,2022-06-13
45074220,2022-07-27
45074220,2022-08-22
45074220,2022-10-01
45074220,2022-10-10
45074220,2023-02-20
45074220,2023-02-22
45074220,2023-03-19
45074220,2023-07-16
45074220,2023-07-27
45074220,2023-08-28
45074220,2023-10-09
45074220,2024-02-28
45074220,2024-07-31
45074220,2024-08-11
45074220,2024-10-20
45074220,2025-02-16
45074220,2025-04-19
45074220,2025-04-25
45074220,2025-05-22
45074220,2025-05-23
45074220,2025-06-01
45074220,2025-06-02
45074220,2025-06-21
45074220,2025-06-25
45074220,2025-07-08
45074220,2025-07-18
45074220,2025-07-27
45074220,2025-08-03
45074220,2025-08-08
45074220,2025-08-13
45074220,2025-09-17
45313545,2020-10-18
45313545,2020-10-23
45313545,2020-10-26
45313545,2020-12-24
45313545,2020-12-27
45313545,2021-01-24
45313545,2021-02-06
45313545,2021-02-10
45313545,2021-02-18
45313545,2021-02-23
45313545,2021-06-09
45313545,2021-06-13
45313545,2021-06-25
45313545,2021-07-02
45313545,2021-07-05
45313545,2021-07-14
45313545,2021-07-18
45313545,2021-07-29
45313545,2021-08-01
45313545,2021-08-09
45313545,2021-09-05
45313545,2021-09-10
45313545,2021-09-13
45313545,2021-09-17
45313545,2021-09-24
45313545,2021-09-27
45313545,2021-10-07
45313545,2021-10-12
45313545,2021-10-17
45313545,2021-10-21
45313545,2021-11-23
45313545,2022-04-22
45313545,2022-05-18
45313545,2022-06-05
45313545,2022-06-13
45313545,2022-07-03
45313545,2022-07-08
45313545,2022-07-11
45313545,2022-07-14
45313545,2022-07-17
45313545,2022-07-21
45313545,2022-07-27
45313545,2022-08-03
45313545,2022-08-31
45313545,2022-09-03
45313545,2022-09-12
45313545,2022-09-18
45313545,2022-09-22
45313545,2022-09-25
45313545,2022-09-28
45313545,2022-11-02
45313545,2022-11-10
45313545,2022-11-14
45313545,2022-11-16
45313545,2022-11-21
45313545,2022-11-25
45313545,2022-11-27
45313545,2022-12-02
45313545,2022-12-05
45313545,2022-12-16
45313545,2023-01-09
45313545,2023-01-16
45313545,2023-02-13
45313545,2023-02-17
45313545,2023-02-19
45313545,2023-02-26
45313545,2023-03-01
45313545,2023-03-12
45313545,2023-03-20
45313545,2023-03-26
45313545,2023-03-31
45313545,2023-04-13
45313545,2023-04-17
45313545,2023-04-29
45313545,2023-05-04
45313545,2023-05-15
45313545,2023-05-19
45313545,2023-05-21
45313545,2023-05-24
45313545,2023-05-27
45313545,2023-07-03
45313545,2023-07-06
45313545,2023-07-14
45313545,2023-07-16
45313545,2023-07-18
45313545,2023-07-24
45313545,2023-07-29
45313545,2023-08-02
45313545,2023-08-11
45313545,2023-08-27
45313545,2023-09-03
45313545,2023-09-28
45313545,2023-10-01
45313545,2023-10-11
45313545,2023-10-17
45313545,2023-10-23
45313545,2023-11-10
45313545,2023-11-12
45313545,2023-11-19
45313545,2024-01-02
45313545,2024-01-06
45313545,2024-01-20
45313545,2024-02-02
45313545,2024-02-04
45313545,2024-02-11
45313545,2024-02-18
45313545,2024-02-21
45313545,2024-02-24
45313545,2024-02-28
45313545,2024-03-09
45313545,2024-03-11
45313545,2024-03-18
45313545,2024-03-23
45313545,2024-04-07
45313545,2024-04-18
45313545,2024-04-21
45313545,2024-04-25
45313545,2024-04-28
45313545,2024-05-01
45313545,2024-05-03
45313545,2024-05-08
45313545,2024-05-13
45313545,2024-05-15
45313545,2024-05-22
45313545,2024-05-25
45313545,2024-07-03
45313545,2024-07-13
45313545,2024-08-01
45313545,2024-08-16
45313545,2024-09-06
45313545,2024-09-12
45313545,2024-09-29
45313545,2024-11-17
45313545,2024-11-21
45313545,2024-11-26
45313545,2024-11-29
45313545,2024-12-05
45313545,2024-12-14
45313545,2024-12-27
45313545,2024-12-31
45313545,2025-01-02
45313545,2025-01-25
45313545,2025-01-28
45313545,2025-02-11
45313545,2025-02-16
45313545,2025-02-27
45313545,2025-03-08
45313545,2025-03-10
45313545,2025-03-12
45313545,2025-04-01
45313545,2025-04-10
45313545,2025-05-03
45313545,2025-05-12
45313545,2025-05-22
45313545,2025-05-26
45313545,2025-06-06
45313545,2025-06-21
45313545,2025-06-30
45313545,2025-07-11
45313545,2025-07-13
45313545,2025-07-15
45313545,2025-07-21
45313545,2025-08-04
45313545,2025-08-23
45313545,2025-08-26
45313545,2025-09-28
45528939,2021-01-27
45528939,2021-02-02
45528939,2021-02-08
45528939,2021-02-14
45528939,2021-02-18
45528939,2021-02-21
45528939,2021-02-28
45528939,2021-03-07
45528939,2021-03-15
45528939,2021-04-10
45528939,2021-04-12
45528939,2021-04-18
45528939,2021-04-25
45528939,2021-05-09
45528939,2021-05-16
45528939,2021-05-23
45528939,2021-05-27
45528939,2021-06-11
45528939,2021-06-13
45528939,2021-06-17
45528939,2021-06-20
45528939,2021-07-05
45528939,2021-07-12
45528939,2021-07-17
45528939,2021-07-25
45528939,2021-07-30
45528939,2021-08-01
45528939,2021-08-08
45528939,2021-08-16
45528939,2021-08-19
45528939,2021-08-22
45528939,2021-08-28
45528939,2021-08-30
45528939,2021-09-19
45528939,2021-09-27
45528939,2021-10-03
45528939,2021-10-11
45528939,2021-10-18
45528939,2021-10-24
45528939,2021-11-10
45528939,2021-11-22
45528939,2021-11-27
45528939,2021-12-05
45528939,2022-02-20
45528939,2022-02-23
45528939,2022-05-15
45528939,2022-07-04
45528939,2022-07-11
45528939,2022-08-04
45528939,2022-09-30
45528939,2022-10-02
45528939,2022-11-07
45528939,2022-11-13
45528939,2022-12-04
45528939,2022-12-19
45528939,2023-01-17
45528939,2023-01-21
45528939,2023-01-27
45528939,2023-01-28
45528939,2023-02-11
45528939,2023-02-22
45528939,2023-03-12
45528939,2023-03-18
45528939,2023-04-09
45528939,2023-04-22
45528939,2023-05-07
45528939,2023-05-17
45528939,2023-05-20
45528939,2023-05-27
45528939,2023-05-31
45528939,2023-06-09
45528939,2023-06-14
45528939,2023-06-24
45528939,2023-07-05
45528939,2023-07-21
45528939,2023-08-02
45528939,2023-08-06
45528939,2023-08-15
45528939,2023-08-20
45528939,2023-09-03
45528939,2023-10-01
45528939,2023-10-08
45528939,2023-11-30
45528939,2024-02-29
45528939,2024-03-25
45528939,2024-03-27
45528939,2024-04-09
45528939,2024-04-14
45528939,2024-04-21
45528939,2024-05-04
45528939,2024-05-16
45528939,2024-05-27
45528939,2024-06-02
45528939,2024-06-09
45528939,2024-06-30
45528939,2024-07-07
45528939,2024-10-28
45528939,2025-02-09
45528939,2025-02-16
45528939,2025-07-07
45529316,2021-01-26
45529316,2021-02-01
45529316,2021-02-14
45529316,2021-02-16
45529316,2021-02-21
45529316,2021-03-01
45529316,2021-03-07
45529316,2021-03-10
45529316,2021-03-16
45529316,2021-03-23
45529316,2021-03-25
45529316,2021-03-28
45529316,2021-04-04
45529316,2021-04-08
45529316,2021-04-11
45529316,2021-04-19
45529316,2021-04-25
45529316,2021-06-06
45529316,2021-06-11
45529316,2021-06-20
45529316,2021-06-28
45529316,2021-07-05
45529316,2021-07-12
45529316,2021-07-18
45529316,2021-07-22
45529316,2021-08-07
45529316,2021-08-14
45529316,2021-09-05
45529316,2021-09-11
45529316,2021-09-18
45529316,2021-09-26
45529316,2021-09-30
45529316,2021-10-08
45529316,2021-10-11
45529316,2021-10-17
45529316,2021-10-21
45529316,2021-11-10
45529316,2021-12-08
45529316,2021-12-13
45529316,2021-12-27
45529316,2022-01-02
45529316,2022-01-16
45529316,2022-01-23
45529316,2022-01-29
45529316,2022-02-06
45529316,2022-02-14
45529316,2022-02-18
45529316,2022-02-27
45529316,2022-03-07
45529316,2022-03-11
45529316,2022-03-20
45529316,2022-04-02
45529316,2022-04-04
45529316,2022-04-10
45529316,2022-05-29
45529316,2022-06-16
45529316,2022-06-24
45529316,2022-07-14
45529316,2022-07-20
45529316,2022-07-27
45529316,2022-08-31
45529316,2022-09-05
45529316,2022-10-06
45529316,2022-10-17
45529316,2022-11-13
45529316,2022-11-25
45529316,2023-01-01
45529316,2023-01-15
45529316,2023-01-19
45529316,2023-02-18
45529316,2023-02-22
45529316,2023-03-05
45529316,2023-03-20
45529316,2023-03-27
45529316,2023-04-01
45529316,2023-04-08
45529316,2023-04-18
45529316,2023-04-26
45529316,2023-06-04
45529316,2023-06-07
45529316,2023-06-09
45529316,2023-06-18
45529316,2023-06-25
45529316,2023-07-09
45529316,2023-08-04
45529316,2023-08-19
45529316,2023-09-04
45529316,2023-09-21
45529316,2023-10-01
45529316,2023-10-10
45529316,2023-10-15
45529316,2023-11-08
45529316,2023-11-19
45529316,2024-01-09
45529316,2024-02-07
45529316,2024-02-18
45529316,2024-02-29
45529316,2024-03-12
45529316,2024-03-17
45529316,2024-04-10
45529316,2024-04-16
45529316,2024-05-04
45529316,2024-05-11
45529316,2024-05-20
45529316,2024-07-13
45529316,2024-07-18
45529316,2024-08-18
45529316,2024-09-18
45529316,2024-09-25
45529316,2024-09-26
45529316,2024-10-04
45529316,2024-10-08
45529316,2024-11-03
45529316,2024-11-12
45529316,2025-02-04
45529316,2025-02-27
45529316,2025-03-02
45529316,2025-03-11
45529316,2025-03-12
45529316,2025-03-16
45529316,2025-05-15
45529316,2025-05-18
45529316,2025-06-08
45529316,2025-06-29
45529316,2025-07-11
45529316,2025-07-20
45529316,2025-07-30
45529316,2025-09-07
45529316,2025-09-10
45529447,2021-02-02
45529447,2021-02-15
45529447,2021-02-17
45529447,2021-02-21
45529447,2021-02-28
45529447,2021-03-23
45529447,2021-03-28
45529447,2021-04-04
45529447,2021-07-26
45529447,2021-08-09
45529447,2021-08-15
45529447,2021-08-17
45529447,2021-08-23
45529447,2021-08-29
45529447,2021-09-05
45529447,2021-09-07
45529447,2021-09-12
45529447,2021-09-24
45529447,2021-09-26
45529447,2021-10-04
45529447,2021-10-08
45529447,2021-10-11
45529447,2021-10-18
45529447,2021-10-28
45529447,2021-10-31
45529447,2021-11-07
45529447,2021-11-14
45529447,2021-11-22
45529447,2021-11-24
45529447,2021-12-03
45529447,2021-12-06
45529447,2021-12-12
45529447,2021-12-28
45529447,2021-12-29
45529447,2022-01-16
45529447,2022-01-17
45529447,2022-01-23
45529447,2022-01-30
45529447,2022-02-04
45529447,2022-02-07
45529447,2022-02-19
45529447,2022-02-21
45529447,2022-02-27
45529447,2022-03-06
45529447,2022-03-09
45529447,2022-03-12
45529447,2022-03-21
45529447,2022-04-03
45529447,2022-04-18
45529447,2022-04-23
45529447,2022-05-01
45529447,2022-05-13
45529447,2022-05-15
45529447,2022-05-22
45529447,2022-05-30
45529447,2022-06-06
45529447,2022-06-12
45529447,2022-06-27
45529447,2022-07-09
45529447,2022-07-12
45529447,2022-07-17
45529447,2022-07-21
45529447,2022-07-24
45529447,2022-07-25
45529447,2022-08-01
45529447,2022-08-07
45529447,2022-08-12
45529447,2022-08-14
45529447,2022-08-19
45529447,2022-09-03
45529447,2022-09-15
45529447,2022-10-02
45529447,2022-10-04
45529447,2022-10-06
45529447,2022-10-09
45529447,2022-10-10
45529447,2022-10-11
45529447,2022-10-23
45529447,2022-10-28
45529447,2022-10-30
45529447,2022-12-04
45529447,2022-12-07
45529447,2022-12-14
45529447,2022-12-28
45529447,2023-01-08
45529447,2023-01-15
45529447,2023-01-31
45529447,2023-02-08
45529447,2023-02-17
45529447,2023-02-20
45529447,2023-02-24
45529447,2023-02-28
45529447,2023-03-07
45529447,2023-03-09
45529447,2023-03-12
45529447,2023-03-19
45529447,2023-03-25
45529447,2023-03-30
45529447,2023-04-03
45529447,2023-04-09
45529447,2023-04-22
45529447,2023-04-30
45529447,2023-05-18
45529447,2023-05-21
45529447,2023-05-28
45529447,2023-06-14
45529447,2023-06-19
45529447,2023-06-28
45529447,2023-07-10
45529447,2023-07-27
45529447,2023-08-15
45529447,2023-08-19
45529447,2023-09-04
45529447,2023-09-17
45529447,2023-10-07
45529447,2023-10-15
45529447,2023-10-23
45529447,2024-01-29
45529447,2024-02-09
45529447,2024-02-28
45529447,2024-03-23
45529447,2024-04-02
45529447,2024-04-21
45529447,2024-05-05
45529447,2024-05-12
45529447,2024-05-16
45529447,2024-05-22
45529447,2024-06-02
45529447,2024-06-16
45529447,2024-06-29
45529447,2024-07-07
45529447,2024-08-07
45529447,2024-08-11
45529447,2024-08-17
45529447,2024-09-08
45529447,2024-09-21
45529447,2024-09-25
45529447,2024-10-27
45529447,2024-11-03
45529447,2024-11-29
45529447,2024-12-15
45529447,2025-01-05
45529447,2025-02-14
45529447,2025-04-21
45529447,2025-05-30
45529447,2025-06-07
45529447,2025-07-06
45529447,2025-09-17
45529447,2025-10-18
45529447,2025-10-20
46894493,2021-02-07
46894493,2021-02-08
46894493,2021-02-12
46894493,2021-02-13
46894493,2021-02-14
46894493,2021-02-15
46894493,2021-02-18
46894493,2021-02-20
46894493,2021-02-23
46894493,2021-03-03
46894493,2021-03-05
46894493,2021-03-07
46894493,2021-03-11
46894493,2021-03-13
46894493,2021-03-14
46894493,2021-03-18
46894493,2021-03-29
46894493,2021-04-01
46894493,2021-04-10
46894493,2021-04-14
46894493,2021-04-17
46894493,2021-04-18
46894493,2021-04-19
46894493,2021-04-22
46894493,2021-04-25
46894493,2021-04-30
46894493,2021-05-28
46894493,2021-05-31
46894493,2021-06-04
46894493,2021-06-11
46894493,2021-06-17
46894493,2021-06-18
46894493,2021-07-17
46894493,2021-07-18
46894493,2021-07-26
46894493,2021-07-29
46894493,2021-08-08
46894493,2021-08-11
46894493,2021-08-13
46894493,2021-08-18
46894493,2021-08-24
46894493,2021-08-30
46894493,2021-09-06
46894493,2021-09-07
46894493,2021-09-12
46894493,2021-09-16
46894493,2021-09-19
46894493,2021-09-28
46894493,2021-10-08
46894493,2021-10-11
46894493,2021-10-15
46894493,2021-10-17
46894493,2021-10-21
46894493,2021-10-23
46894493,2021-10-24
46894493,2021-10-31
46894493,2021-11-03
46894493,2021-11-12
46894493,2021-11-15
46894493,2021-11-17
46894493,2021-11-21
46894493,2021-11-26
46894493,2021-12-01
46894493,2021-12-06
46894493,2021-12-09
46894493,2021-12-12
46894493,2021-12-17
46894493,2021-12-26
46894493,2022-01-02
46894493,2022-01-06
46894493,2022-01-09
46894493,2022-01-20
46894493,2022-01-23
46894493,2022-01-26
46894493,2022-01-28
46894493,2022-01-31
46894493,2022-02-06
46894493,2022-02-09
46894493,2022-02-13
46894493,2022-02-20
46894493,2022-02-23
46894493,2022-02-25
46894493,2022-02-27
46894493,2022-03-21
46894493,2022-04-04
46894493,2022-04-09
46894493,2022-04-10
46894493,2022-04-17
46894493,2022-04-20
46894493,2022-04-29
46894493,2022-05-01
46894493,2022-05-08
46894493,2022-05-10
46894493,2022-05-17
46894493,2022-05-24
46894493,2022-05-26
46894493,2022-05-29
46894493,2022-05-30
46894493,2022-06-05
46894493,2022-06-06
46894493,2022-06-10
46894493,2022-06-16
46894493,2022-06-18
46894493,2022-06-19
46894493,2022-06-26
46894493,2022-07-05
46894493,2022-07-10
46894493,2022-07-16
46894493,2022-07-21
46894493,2022-07-24
46894493,2022-07-27
46894493,2022-07-29
46894493,2022-08-05
46894493,2022-08-06
46894493,2022-08-10
46894493,2022-08-19
46894493,2022-08-21
46894493,2022-08-25
46894493,2022-08-29
46894493,2022-08-31
46894493,2022-09-04
46894493,2022-09-08
46894493,2022-09-12
46894493,2022-09-17
46894493,2022-09-26
46894493,2022-10-02
46894493,2022-10-10
46894493,2022-10-17
46894493,2022-10-21
46894493,2022-10-23
46894493,2022-10-26
46894493,2022-10-30
46894493,2022-11-29
46894493,2022-12-10
46894493,2022-12-26
46894493,2023-01-01
46894493,2023-01-08
46894493,2023-01-15
46894493,2023-01-27
46894493,2023-01-29
46894493,2023-02-05
46894493,2023-02-12
46894493,2023-02-23
46894493,2023-02-26
46894493,2023-03-05
46894493,2023-03-12
46894493,2023-03-19
46894493,2023-03-24
46894493,2023-03-28
46894493,2023-04-01
46894493,2023-04-14
46894493,2023-04-17
46894493,2023-04-21
46894493,2023-04-23
46894493,2023-05-08
46894493,2023-05-22
46894493,2023-05-29
46894493,2023-05-31
46894493,2023-06-04
46894493,2023-06-10
46894493,2023-06-12
46894493,2023-06-20
46894493,2023-06-25
46894493,2023-06-28
46894493,2023-06-30
46894493,2023-07-03
46894493,2023-07-30
46894493,2023-08-09
46894493,2023-08-13
46894493,2023-08-25
46894493,2023-08-29
46894493,2023-09-06
46894493,2023-09-12
46894493,2023-09-17
46894493,2023-09-25
46894493,2023-10-07
46894493,2023-10-09
46894493,2023-10-12
46894493,2023-10-16
46894493,2023-10-22
46894493,2023-10-26
46894493,2023-10-29
46894493,2023-11-15
46894493,2023-11-19
46894493,2023-12-01
46894493,2023-12-03
46894493,2023-12-05
46894493,2023-12-07
46894493,2023-12-11
46894493,2023-12-13
46894493,2023-12-22
46894493,2023-12-25
46894493,2024-01-07
46894493,2024-01-11
46894493,2024-01-15
46894493,2024-01-28
46894493,2024-02-07
46894493,2024-02-11
46894493,2024-02-18
46894493,2024-02-24
46894493,2024-02-29
46894493,2024-03-03
46894493,2024-03-05
46894493,2024-03-12
46894493,2024-03-26
46894493,2024-03-30
46894493,2024-04-04
46894493,2024-04-11
46894493,2024-04-17
46894493,2024-04-21
46894493,2024-05-01
46894493,2024-05-04
46894493,2024-05-16
46894493,2024-05-18
46894493,2024-05-20
46894493,2024-06-02
46894493,2024-06-09
46894493,2024-06-14
46894493,2024-06-22
46894493,2024-07-11
46894493,2024-07-14
46894493,2024-07-20
46894493,2024-07-27
46894493,2024-08-11
46894493,2024-08-22
46894493,2024-08-25
46894493,2024-08-29
46894493,2024-09-02
46894493,2024-09-15
46894493,2024-09-17
46894493,2024-09-22
46894493,2024-09-29
46894493,2024-10-03
46894493,2024-10-05
46894493,2024-10-08
46894493,2024-10-21
46894493,2024-10-29
46894493,2024-11-03
46894493,2024-11-10
46894493,2024-11-16
46894493,2024-11-25
46894493,2024-11-29
46894493,2024-12-09
46894493,2024-12-15
46894493,2024-12-28
46894493,2025-01-13
46894493,2025-01-21
46894493,2025-02-10
46894493,2025-02-28
46894493,2025-04-21
46894493,2025-04-28
46894493,2025-05-03
46894493,2025-05-05
46894493,2025-05-10
46894493,2025-05-16
46894493,2025-05-19
46894493,2025-06-01
46894493,2025-06-15
46894493,2025-06-21
46894493,2025-07-06
46894493,2025-07-13
46894493,2025-07-20
46894493,2025-07-27
46894493,2025-07-30
46894493,2025-08-09
46894493,2025-09-12
46894493,2025-09-22
46894493,2025-10-04
47334913,2021-01-31
47334913,2021-02-15
47334913,2021-02-19
47334913,2021-02-22
47334913,2021-02-25
47334913,2021-06-22
47334913,2021-07-06
47334913,2021-08-14
47334913,2021-08-22
47334913,2021-08-27
47334913,2021-09-05
47334913,2021-09-11
47334913,2021-10-01
47334913,2021-10-09
47334913,2021-10-12
47334913,2021-10-28
47334913,2022-02-11
47334913,2022-02-20
47334913,2022-06-01
47334913,2022-06-11
47334913,2022-06-20
47334913,2022-06-24
47334913,2022-07-20
47334913,2022-07-31
47334913,2022-08-07
47334913,2022-08-12
47334913,2022-08-20
47334913,2022-08-23
47334913,2022-09-24
47334913,2022-10-01
47334913,2022-10-16
47334913,2022-10-23
47334913,2022-10-31
47334913,2022-11-14
47334913,2022-11-26
47334913,2022-12-07
47334913,2022-12-27
47334913,2023-01-14
47334913,2023-01-24
47334913,2023-02-20
47334913,2023-03-12
47334913,2023-03-15
47334913,2023-03-25
47334913,2023-04-17
47334913,2023-04-23
47334913,2023-05-24
47334913,2023-05-29
47334913,2023-06-04
47334913,2023-06-12
47334913,2023-06-24
47334913,2023-07-15
47334913,2023-07-19
47334913,2023-08-22
47334913,2023-08-28
47334913,2023-10-28
47334913,2023-11-25
47334913,2023-12-03
47334913,2023-12-20
47334913,2024-01-18
47334913,2024-01-22
47334913,2024-03-01
47334913,2024-03-18
47334913,2024-04-01
47334913,2024-04-11
47334913,2024-05-12
47334913,2024-05-20
47334913,2024-05-27
47334913,2024-06-03
47334913,2024-06-09
47334913,2024-06-14
47334913,2024-06-17
47334913,2024-07-07
47334913,2024-07-10
47334913,2024-07-21
47334913,2024-08-01
47334913,2024-08-09
47334913,2024-08-16
47334913,2024-09-03
47334913,2024-10-02
47334913,2024-10-06
47334913,2024-10-21
47334913,2024-10-28
47334913,2024-11-24
47334913,2024-11-27
47334913,2025-01-11
47334913,2025-01-18
47334913,2025-01-24
47334913,2025-02-02
47334913,2025-02-19
47334913,2025-02-27
47334913,2025-03-09
47334913,2025-03-27
47334913,2025-04-28
47334913,2025-06-04
47334913,2025-06-08
47334913,2025-06-14
47334913,2025-06-20
47334913,2025-06-23
47334913,2025-07-06
47334913,2025-07-13
47334913,2025-07-27
47334913,2025-08-04
47334913,2025-08-27
47334913,2025-09-20
47334913,2025-09-28
47334913,2025-10-07
47334913,2025-10-13
47334913,2025-10-20
47334913,2025-10-23
47345872,2021-02-07
47345872,2021-02-14
47345872,2021-03-01
47345872,2021-03-07
47345872,2021-03-18
47345872,2021-04-02
47345872,2021-04-04
47345872,2021-04-11
47345872,2021-04-16
47345872,2021-04-20
47345872,2021-04-22
47345872,2021-04-25
47345872,2021-05-01
47345872,2021-08-08
47345872,2021-08-14
47345872,2021-10-01
47345872,2021-10-03
47345872,2021-10-11
47345872,2021-11-15
47345872,2021-12-26
47345872,2022-01-02
47345872,2022-06-08
47345872,2022-07-04
47345872,2022-08-20
47345872,2022-09-23
47345872,2022-10-02
47345872,2022-12-31
47345872,2023-02-11
47345872,2023-03-19
47345872,2023-03-21
47345872,2023-05-19
47345872,2023-05-22
47345872,2023-05-28
47345872,2023-06-16
47345872,2023-06-18
47345872,2023-07-31
47345872,2023-08-12
47345872,2023-08-19
47345872,2023-08-20
47345872,2023-09-03
47345872,2023-12-31
47345872,2024-03-10
47345872,2024-03-22
47345872,2024-03-27
47345872,2024-04-04
47345872,2024-04-12
47345872,2024-04-20
47345872,2024-04-28
47345872,2024-05-04
47345872,2024-07-31
47345872,2024-08-20
47345872,2024-09-30
47345872,2024-10-10
47345872,2024-10-14
47345872,2024-10-20
47345872,2024-10-28
47345872,2024-11-03
47345872,2024-11-24
47345872,2024-12-23
47345872,2025-03-02
47345872,2025-03-09
47345872,2025-04-13
47345872,2025-05-09
47345872,2025-05-15
47345872,2025-05-31
47345872,2025-08-04
47345872,2025-08-21
47345872,2025-08-24
47345872,2025-08-27
47345872,2025-09-05
47345872,2025-09-07
47345872,2025-09-13
47345872,2025-10-16
47345872,2025-10-19
47345872,2025-10-24
47345872,2025-10-26
47408047,2021-02-20
47408047,2021-03-13
47408047,2021-05-16
47408047,2021-08-31
47408047,2021-09-13
47408047,2021-09-16
47408047,2021-11-09
47408047,2022-01-03
47408047,2022-01-07
47408047,2022-01-30
47408047,2022-05-31
47408047,2022-06-11
47408047,2022-06-20
47408047,2022-06-25
47408047,2022-06-29
47408047,2022-07-03
47408047,2022-07-08
47408047,2022-08-01
47408047,2022-08-05
47408047,2022-08-14
47408047,2022-08-30
47408047,2022-10-06
47408047,2022-10-09
47408047,2022-10-16
47408047,2022-10-20
47408047,2023-01-15
47408047,2023-02-25
47408047,2023-02-28
47408047,2023-03-06
47408047,2023-03-13
47408047,2023-04-08
47408047,2023-07-29
47408047,2023-08-04
47408047,2023-08-07
47408047,2023-08-16
47408047,2023-10-01
47408047,2023-10-09
47408047,2023-10-20
47408047,2023-11-21
47408047,2023-12-27
47408047,2024-01-02
47408047,2024-03-05
47408047,2024-03-13
47408047,2024-03-17
47408047,2024-03-25
47408047,2024-03-28
47408047,2024-03-31
47408047,2024-04-07
47408047,2024-04-15
47408047,2024-05-05
47408047,2024-05-13
47408047,2024-06-24
47408047,2024-07-01
47408047,2024-07-22
47408047,2024-07-26
47408047,2024-08-30
47408047,2024-09-03
47408047,2024-09-27
47408047,2024-10-04
47408047,2024-11-26
47408047,2024-12-12
47408047,2024-12-31
47408047,2025-01-06
47408047,2025-01-24
47408047,2025-03-09
47408047,2025-03-19
47408047,2025-03-24
47408047,2025-04-07
47408047,2025-04-11
47408047,2025-04-27
47408047,2025-05-26
47408047,2025-06-21
47408047,2025-08-30
47408047,2025-09-04
47408047,2025-09-11
47440071,2021-01-18
47440071,2021-01-24
47440071,2021-01-31
47440071,2021-02-14
47440071,2021-03-19
47440071,2021-03-22
47440071,2021-04-04
47440071,2021-04-19
47440071,2021-05-02
47440071,2021-05-16
47440071,2021-05-23
47440071,2021-05-30
47440071,2021-05-31
47440071,2021-06-09
47440071,2021-06-14
47440071,2021-06-20
47440071,2021-06-28
47440071,2021-07-21
47440071,2021-07-25
47440071,2021-07-31
47440071,2021-08-13
47440071,2021-08-15
47440071,2021-08-21
47440071,2021-08-25
47440071,2021-09-06
47440071,2021-09-13
47440071,2021-09-20
47440071,2021-09-26
47440071,2021-09-30
47440071,2021-10-02
47440071,2021-10-03
47440071,2021-10-09
47440071,2021-10-11
47440071,2021-10-13
47440071,2021-10-20
47440071,2021-11-07
47440071,2021-11-28
47440071,2021-12-05
47440071,2021-12-26
47440071,2022-02-15
47440071,2022-02-18
47440071,2022-02-20
47440071,2022-03-11
47440071,2022-03-19
47440071,2022-03-20
47440071,2022-04-17
47440071,2022-04-24
47440071,2022-05-01
47440071,2022-05-16
47440071,2022-05-21
47440071,2022-05-23
47440071,2022-07-05
47440071,2022-07-11
47440071,2022-08-09
47440071,2022-08-10
47440071,2022-09-12
47440071,2022-09-25
47440071,2022-10-02
47440071,2022-10-05
47440071,2022-10-15
47440071,2022-10-23
47440071,2022-11-07
47440071,2022-11-18
47440071,2022-11-19
47440071,2022-11-27
47440071,2022-12-04
47440071,2023-01-01
47440071,2023-01-08
47440071,2023-01-15
47440071,2023-02-07
47440071,2023-02-08
47440071,2023-02-15
47440071,2023-02-18
47440071,2023-02-19
47440071,2023-02-23
47440071,2023-02-26
47440071,2023-03-03
47440071,2023-03-05
47440071,2023-03-12
47440071,2023-03-17
47440071,2023-03-26
47440071,2023-03-31
47440071,2023-05-15
47440071,2023-05-27
47440071,2023-06-04
47440071,2023-06-09
47440071,2023-06-10
47440071,2023-06-11
47440071,2023-06-13
47440071,2023-06-17
47440071,2023-06-22
47440071,2023-06-25
47440071,2023-07-03
47440071,2023-07-09
47440071,2023-07-14
47440071,2023-07-19
47440071,2023-07-23
47440071,2023-07-27
47440071,2023-08-15
47440071,2023-08-19
47440071,2023-08-20
47440071,2023-08-28
47440071,2023-09-04
47440071,2023-09-09
47440071,2023-09-10
47440071,2023-09-24
47440071,2023-10-05
47440071,2023-10-15
47440071,2023-10-16
47440071,2023-11-12
47440071,2023-12-05
47440071,2023-12-19
47440071,2024-03-04
47440071,2024-03-11
47440071,2024-03-24
47440071,2024-04-10
47440071,2024-04-22
47440071,2024-04-29
47440071,2024-05-04
47440071,2024-05-05
47440071,2024-05-13
47440071,2024-05-14
47440071,2024-05-24
47440071,2024-06-04
47440071,2024-06-11
47440071,2024-06-18
47440071,2024-06-23
47440071,2024-06-25
47440071,2024-06-28
47440071,2024-07-05
47440071,2024-07-06
47440071,2024-07-15
47440071,2024-07-17
47440071,2024-07-22
47440071,2024-07-26
47440071,2024-08-02
47440071,2024-08-09
47440071,2024-08-15
47440071,2024-08-19
47440071,2024-08-26
47440071,2024-08-27
47440071,2024-09-02
47440071,2024-09-29
47440071,2024-10-14
47440071,2024-10-21
47440071,2024-10-25
47440071,2024-11-03
47440071,2024-11-08
47440071,2024-11-11
47440071,2024-11-16
47440071,2024-11-19
47440071,2024-11-22
47440071,2024-12-01
47440071,2024-12-27
47440071,2024-12-29
47440071,2025-01-01
47440071,2025-01-24
47440071,2025-02-03
47440071,2025-02-17
47440071,2025-03-08
47440071,2025-03-09
47440071,2025-03-23
47440071,2025-03-28
47440071,2025-03-31
47440071,2025-04-13
47440071,2025-04-20
47440071,2025-05-04
47440071,2025-05-06
47440071,2025-05-07
47440071,2025-05-18
47440071,2025-06-04
47440071,2025-06-05
47440071,2025-06-20
47440071,2025-06-22
47440071,2025-06-25
47440071,2025-07-05
47440071,2025-08-14
47440071,2025-08-24
47440071,2025-08-29
47440071,2025-08-31
47440071,2025-09-01
47440071,2025-09-03
47440071,2025-09-09
47440071,2025-09-18
47440071,2025-09-21
47440071,2025-09-29
47440071,2025-10-02
47440071,2025-10-08
47440071,2025-10-09
47440071,2025-10-10
47440071,2025-10-12
47440071,2025-10-14
47440071,2025-10-22
47440071,2025-10-28
47440071,2025-10-31
47828453,2021-02-07
47828453,2021-03-14
47828453,2021-04-11
47828453,2021-04-26
47828453,2021-06-13
47828453,2021-06-21
47828453,2021-07-23
47828453,2021-08-02
47828453,2021-09-06
47828453,2021-09-20
47828453,2021-11-07
47828453,2022-06-04
47828453,2022-06-11
47828453,2022-07-06
47828453,2022-09-07
47828453,2024-02-19
47828453,2024-03-25
47828453,2024-04-02
47828453,2024-10-28
47828453,2025-01-18
47828453,2025-02-27
47828453,2025-07-27
47828453,2025-07-30
47828453,2025-08-04
47828453,2025-08-10
47828453,2025-08-22
47902629,2021-04-13
47902629,2021-10-02
47902629,2021-10-20
47902629,2021-11-06
47902629,2021-12-06
47902629,2021-12-21
47902629,2024-01-01
47902629,2024-12-05
47902629,2025-05-22
47902629,2025-07-26
47902629,2025-08-31
47943571,2021-02-14
47943571,2021-02-16
47943571,2021-03-05
47943571,2021-03-06
47943571,2021-03-21
47943571,2021-04-18
47943571,2021-04-26
47943571,2021-04-28
47943571,2021-05-06
47943571,2021-05-08
47943571,2021-05-09
47943571,2021-05-15
47943571,2021-05-16
47943571,2021-05-28
47943571,2021-05-31
47943571,2021-06-05
47943571,2021-06-16
47943571,2021-08-06
47943571,2021-08-08
47943571,2021-08-20
47943571,2021-12-14
47943571,2022-01-05
47943571,2022-01-13
47943571,2022-01-16
47943571,2022-01-20
47943571,2022-01-24
47943571,2022-01-27
47943571,2022-02-18
47943571,2022-02-24
47943571,2022-02-27
47943571,2022-03-13
47943571,2022-03-16
47943571,2022-03-20
47943571,2022-03-27
47943571,2022-04-05
47943571,2022-04-10
47943571,2022-04-15
47943571,2022-04-17
47943571,2022-04-21
47943571,2022-04-25
47943571,2022-05-01
47943571,2022-05-02
47943571,2022-05-04
47943571,2022-06-26
47943571,2022-07-01
47943571,2022-07-05
47943571,2022-07-07
47943571,2022-07-11
47943571,2022-07-13
47943571,2022-07-18
47943571,2022-07-25
47943571,2022-08-01
47943571,2022-08-02
47943571,2022-08-05
47943571,2022-09-19
47943571,2022-09-22
47943571,2022-09-25
47943571,2022-09-29
47943571,2022-10-02
47943571,2022-10-03
47943571,2022-10-05
47943571,2022-10-06
47943571,2022-10-10
47943571,2022-10-11
47943571,2022-10-19
47943571,2022-10-20
47943571,2022-10-23
47943571,2022-10-28
47943571,2022-11-06
47943571,2022-11-08
47943571,2022-11-12
47943571,2022-11-21
47943571,2022-12-02
47943571,2022-12-04
47943571,2022-12-09
47943571,2022-12-10
47943571,2022-12-14
47943571,2022-12-24
47943571,2022-12-26
47943571,2022-12-28
47943571,2023-01-02
47943571,2023-01-20
47943571,2023-01-23
47943571,2023-01-24
47943571,2023-02-07
47943571,2023-02-23
47943571,2023-02-26
47943571,2023-03-03
47943571,2023-03-07
47943571,2023-03-20
47943571,2023-03-25
47943571,2023-03-29
47943571,2023-04-01
47943571,2023-04-12
47943571,2023-04-17
47943571,2023-04-29
47943571,2023-05-14
47943571,2023-05-18
47943571,2023-05-19
47943571,2023-05-28
47943571,2023-06-09
47943571,2023-06-12
47943571,2023-06-16
47943571,2023-06-20
47943571,2023-07-05
47943571,2023-07-23
47943571,2023-07-27
47943571,2023-08-08
47943571,2023-08-15
47943571,2023-08-20
47943571,2023-09-09
47943571,2023-09-15
47943571,2023-09-17
47943571,2023-09-21
47943571,2023-09-28
47943571,2023-10-04
47943571,2023-10-06
47943571,2023-10-11
47943571,2023-10-22
47943571,2023-10-24
47943571,2023-11-04
47943571,2023-11-23
47943571,2023-12-03
47943571,2024-01-01
47943571,2024-01-09
47943571,2024-01-28
47943571,2024-02-02
47943571,2024-02-07
47943571,2024-02-15
47943571,2024-02-19
47943571,2024-02-25
47943571,2024-02-28
47943571,2024-03-05
47943571,2024-03-19
47943571,2024-03-26
47943571,2024-03-28
47943571,2024-04-21
47943571,2024-05-16
47943571,2024-06-08
47943571,2024-06-26
47943571,2024-07-11
47943571,2024-07-14
47943571,2024-07-22
47943571,2024-07-27
47943571,2024-08-08
47943571,2024-08-14
47943571,2024-08-19
47943571,2024-08-21
47943571,2024-09-09
47943571,2024-09-12
47943571,2024-09-27
47943571,2024-10-12
47943571,2024-10-14
47943571,2024-10-27
47943571,2024-10-28
47943571,2024-10-30
47943571,2025-01-29
47943571,2025-02-12
47943571,2025-02-14
47943571,2025-02-17
47943571,2025-02-19
47943571,2025-02-27
47943571,2025-03-05
47943571,2025-03-09
47943571,2025-04-09
47943571,2025-04-29
47943571,2025-05-01
47943571,2025-05-04
47943571,2025-06-08
47943571,2025-06-13
47943571,2025-07-06
47943571,2025-07-12
47943571,2025-10-04
47943571,2025-10-10
48052353,2021-02-13
48052353,2021-02-14
48052353,2021-03-15
48052353,2021-07-03
48052353,2021-07-18
48052353,2021-07-25
48052353,2021-07-26
48052353,2021-07-30
48052353,2021-08-01
48052353,2021-08-08
48052353,2021-08-14
48052353,2021-08-15
48052353,2021-08-16
48052353,2021-08-19
48052353,2021-08-22
48052353,2021-08-26
48052353,2021-08-30
48052353,2021-09-03
48052353,2021-09-04
48052353,2021-09-10
48052353,2021-09-12
48052353,2021-09-17
48052353,2021-09-19
48052353,2021-10-03
48052353,2021-10-08
48052353,2021-10-10
48052353,2021-10-15
48052353,2021-10-17
48052353,2021-10-23
48052353,2021-10-24
48052353,2021-10-30
48052353,2021-11-01
48052353,2021-11-07
48052353,2021-11-14
48052353,2021-11-21
48052353,2021-11-26
48052353,2021-12-06
48052353,2021-12-09
48052353,2021-12-14
48052353,2021-12-21
48052353,2021-12-26
48052353,2022-01-16
48052353,2022-01-21
48052353,2022-01-23
48052353,2022-01-28
48052353,2022-02-05
48052353,2022-02-11
48052353,2022-02-13
48052353,2022-02-19
48052353,2022-02-20
48052353,2022-02-21
48052353,2022-02-24
48052353,2022-02-27
48052353,2022-03-24
48052353,2022-04-25
48052353,2022-05-07
48052353,2022-05-08
48052353,2022-05-13
48052353,2022-05-16
48052353,2022-05-18
48052353,2022-05-21
48052353,2022-06-20
48052353,2022-06-25
48052353,2022-06-26
48052353,2022-06-27
48052353,2022-06-28
48052353,2022-07-02
48052353,2022-07-03
48052353,2022-07-04
48052353,2022-07-09
48052353,2022-07-16
48052353,2022-07-31
48052353,2022-08-01
48052353,2022-08-05
48052353,2022-08-07
48052353,2022-08-09
48052353,2022-08-10
48052353,2022-08-11
48052353,2022-08-12
48052353,2022-08-14
48052353,2022-08-16
48052353,2022-08-17
48052353,2022-08-19
48052353,2022-08-20
48052353,2022-08-21
48052353,2022-08-27
48052353,2022-08-29
48052353,2022-08-31
48052353,2022-09-08
48052353,2022-09-11
48052353,2022-09-16
48052353,2022-10-01
48052353,2022-10-09
48052353,2022-10-10
48052353,2022-10-16
48052353,2022-10-17
48052353,2022-10-28
48052353,2022-11-06
48052353,2022-11-12
48052353,2022-11-20
48052353,2022-11-26
48052353,2022-11-27
48052353,2022-11-29
48052353,2022-12-04
48052353,2022-12-10
48052353,2022-12-19
48052353,2022-12-28
48052353,2022-12-30
48052353,2022-12-31
48052353,2023-01-03
48052353,2023-01-06
48052353,2023-01-22
48052353,2023-02-05
48052353,2023-04-15
48052353,2023-06-11
48052353,2023-06-15
48052353,2023-06-19
48052353,2023-07-16
48052353,2023-07-18
48052353,2023-07-31
48052353,2023-08-02
48052353,2023-08-05
48052353,2023-08-11
48052353,2023-08-13
48052353,2023-08-20
48052353,2023-08-31
48052353,2023-09-02
48052353,2023-09-04
48052353,2023-09-16
48052353,2023-10-09
48052353,2023-10-10
48052353,2023-10-17
48052353,2023-10-19
48052353,2023-10-20
48052353,2023-10-29
48052353,2023-11-05
48052353,2023-11-20
48052353,2023-11-24
48052353,2023-12-05
48052353,2023-12-18
48052353,2023-12-26
48052353,2024-01-31
48052353,2024-02-04
48052353,2024-02-11
48052353,2024-02-18
48052353,2024-02-25
48052353,2024-06-09
48052353,2024-06-16
48052353,2024-09-01
48052353,2024-10-13
48052353,2024-10-28
48052353,2024-11-03
48052353,2024-12-19
48052353,2024-12-20
48052353,2024-12-22
48052353,2024-12-29
48052353,2025-01-10
48052353,2025-01-14
48052353,2025-01-19
48052353,2025-03-02
48052353,2025-03-09
48052353,2025-03-16
48052353,2025-03-24
48052353,2025-04-05
48052353,2025-05-03
48052353,2025-05-11
48052353,2025-05-18
48052353,2025-05-30
48052353,2025-06-22
48052353,2025-06-29
48052353,2025-08-01
48052353,2025-08-03
48052353,2025-10-03
48124042,2021-08-08
48124042,2021-08-10
48124042,2021-08-13
48124042,2021-08-15
48124042,2021-08-18
48124042,2021-08-26
48124042,2021-08-30
48124042,2021-09-05
48124042,2021-09-08
48124042,2021-09-12
48124042,2021-09-17
48124042,2021-09-19
48124042,2021-09-22
48124042,2021-09-24
48124042,2021-09-26
48124042,2021-09-27
48124042,2021-10-02
48124042,2021-10-04
48124042,2021-10-11
48124042,2021-10-14
48124042,2021-10-15
48124042,2021-10-17
48124042,2021-10-19
48124042,2021-10-21
48124042,2021-10-29
48124042,2021-10-31
48124042,2021-11-08
48124042,2021-11-12
48124042,2021-11-14
48124042,2021-11-21
48124042,2021-11-27
48124042,2021-12-01
48124042,2021-12-05
48124042,2021-12-27
48124042,2021-12-28
48124042,2022-01-02
48124042,2022-01-16
48124042,2022-01-20
48124042,2022-01-23
48124042,2022-01-26
48124042,2022-01-30
48124042,2022-02-04
48124042,2022-02-07
48124042,2022-02-13
48124042,2022-02-14
48124042,2022-02-23
48124042,2022-02-24
48124042,2022-03-07
48124042,2022-03-16
48124042,2022-03-23
48124042,2022-03-27
48124042,2022-04-04
48124042,2022-04-06
48124042,2022-04-19
48124042,2022-04-20
48124042,2022-04-23
48124042,2022-04-26
48124042,2022-05-01
48124042,2022-05-09
48124042,2022-05-13
48124042,2022-05-15
48124042,2022-05-22
48124042,2022-05-26
48124042,2022-06-05
48124042,2022-06-10
48124042,2022-06-13
48124042,2022-06-15
48124042,2022-06-16
48124042,2022-06-17
48124042,2022-06-28
48124042,2022-07-06
48124042,2022-07-07
48124042,2022-07-29
48124042,2022-07-31
48124042,2022-08-02
48124042,2022-08-04
48124042,2022-08-07
48124042,2022-08-09
48124042,2022-08-11
48124042,2022-08-14
48124042,2022-08-17
48124042,2022-08-18
48124042,2022-08-21
48124042,2022-08-31
48124042,2022-09-12
48124042,2022-09-13
48124042,2022-09-15
48124042,2022-09-25
48124042,2022-09-27
48124042,2022-09-30
48124042,2022-10-02
48124042,2022-10-04
48124042,2022-10-05
48124042,2022-10-07
48124042,2022-10-12
48124042,2022-10-14
48124042,2022-10-17
48124042,2022-10-22
48124042,2022-10-28
48124042,2022-10-30
48124042,2022-11-01
48124042,2022-11-04
48124042,2022-11-10
48124042,2022-11-12
48124042,2022-11-15
48124042,2022-11-18
48124042,2022-11-19
48124042,2022-11-23
48124042,2022-12-14
48124042,2022-12-29
48124042,2022-12-30
48124042,2023-01-01
48124042,2023-01-16
48124042,2023-01-18
48124042,2023-01-25
48124042,2023-01-29
48124042,2023-02-02
48124042,2023-02-05
48124042,2023-02-09
48124042,2023-02-12
48124042,2023-02-14
48124042,2023-02-20
48124042,2023-02-26
48124042,2023-03-01
48124042,2023-03-07
48124042,2023-03-08
48124042,2023-03-12
48124042,2023-03-14
48124042,2023-03-21
48124042,2023-03-24
48124042,2023-03-26
48124042,2023-04-12
48124042,2023-04-16
48124042,2023-04-21
48124042,2023-04-26
48124042,2023-04-29
48124042,2023-05-06
48124042,2023-05-14
48124042,2023-05-17
48124042,2023-05-18
48124042,2023-05-29
48124042,2023-09-06
48124042,2023-09-17
48124042,2023-09-22
48124042,2023-09-24
48124042,2023-09-28
48124042,2023-10-17
48124042,2023-10-19
48124042,2023-10-26
48124042,2023-11-04
48124042,2023-11-06
48124042,2023-11-09
48124042,2023-11-13
48124042,2023-11-19
48124042,2023-11-23
48124042,2023-12-03
48124042,2023-12-08
48124042,2023-12-10
48124042,2023-12-17
48124042,2023-12-28
48124042,2023-12-29
48124042,2024-01-01
48124042,2024-01-04
48124042,2024-01-19
48124042,2024-01-28
48124042,2024-01-31
48124042,2024-02-09
48124042,2024-02-11
48124042,2024-02-17
48124042,2024-02-20
48124042,2024-02-25
48124042,2024-02-29
48124042,2024-03-02
48124042,2024-03-05
48124042,2024-03-07
48124042,2024-03-10
48124042,2024-03-18
48124042,2024-03-23
48124042,2024-03-29
48124042,2024-04-02
48124042,2024-04-07
48124042,2024-04-08
48124042,2024-04-11
48124042,2024-04-16
48124042,2024-04-22
48124042,2024-05-04
48124042,2024-05-11
48124042,2024-05-18
48124042,2024-06-12
48124042,2024-06-16
48124042,2024-06-19
48124042,2024-06-27
48124042,2024-06-28
48124042,2024-07-01
48124042,2024-09-30
48124042,2024-10-03
48124042,2024-10-13
48124042,2024-10-14
48124042,2024-10-17
48124042,2024-10-19
48124042,2024-11-08
48124042,2024-11-10
48124042,2024-11-11
48124042,2024-12-08
48124042,2024-12-15
48124042,2024-12-21
48124042,2025-01-17
48124042,2025-01-20
48124042,2025-01-26
48124042,2025-02-02
48124042,2025-02-10
48124042,2025-03-02
48124042,2025-03-05
48124042,2025-03-09
48124042,2025-03-12
48124042,2025-03-16
48124042,2025-03-22
48124042,2025-03-27
48124042,2025-03-30
48124042,2025-03-31
48124042,2025-04-09
48124042,2025-04-15
48124042,2025-04-27
48124042,2025-05-02
48124042,2025-05-04
48124042,2025-05-08
48124042,2025-05-09
48124042,2025-05-12
48124042,2025-05-26
48124042,2025-06-05
48124042,2025-06-08
48124042,2025-06-20
48124042,2025-06-25
48124042,2025-06-29
48124042,2025-10-08
48124042,2025-10-12
48172884,2021-03-05
48172884,2021-04-18
48172884,2021-06-19
48172884,2021-07-03
48172884,2021-07-23
48172884,2021-07-25
48172884,2021-07-31
48172884,2021-12-30
48172884,2022-04-12
48172884,2022-04-14
48172884,2022-04-18
48172884,2022-04-29
48172884,2022-05-15
48172884,2022-08-06
48172884,2022-08-14
48172884,2022-08-19
48172884,2022-08-28
48172884,2022-09-01
48172884,2022-09-09
48172884,2022-09-23
48172884,2022-10-23
48172884,2022-12-02
48172884,2022-12-04
48172884,2022-12-20
48172884,2022-12-30
48172884,2023-01-03
48172884,2023-01-05
48172884,2023-01-08
48172884,2023-03-26
48172884,2023-03-28
48172884,2023-06-30
48172884,2023-07-12
48172884,2023-07-16
48172884,2023-07-23
48172884,2023-08-06
48172884,2023-08-26
48172884,2023-10-07
48172884,2023-10-24
48172884,2023-10-29
48172884,2023-11-14
48172884,2023-11-19
48172884,2023-11-23
48172884,2023-12-22
48172884,2023-12-26
48172884,2024-01-01
48172884,2024-01-05
48172884,2024-01-11
48172884,2024-01-15
48172884,2024-02-08
48172884,2024-02-19
48172884,2024-02-28
48172884,2024-03-09
48172884,2024-03-15
48172884,2024-03-29
48172884,2024-04-05
48172884,2024-04-26
48172884,2024-05-05
48172884,2024-05-10
48172884,2024-05-14
48172884,2024-05-16
48172884,2024-06-01
48172884,2024-06-13
48172884,2024-06-30
48172884,2024-07-03
48172884,2024-07-07
48172884,2024-09-20
48172884,2024-09-23
48172884,2024-10-04
48172884,2024-10-14
48172884,2024-10-19
48172884,2024-11-09
48172884,2024-11-23
48172884,2025-01-25
48172884,2025-02-17
48172884,2025-02-27
48172884,2025-03-06
48172884,2025-05-31
48172884,2025-06-11
48172884,2025-06-16
48172884,2025-07-30
48172884,2025-08-03
48172884,2025-09-06
48172884,2025-09-08
48172884,2025-09-20
48172884,2025-10-11
48172884,2025-10-13
48470454,2022-07-21
48470454,2022-07-28
48470454,2022-08-31
48470454,2022-09-06
48470454,2022-09-10
48470454,2022-10-16
48470454,2023-02-28
48470454,2023-03-26
48470454,2023-03-31
48470454,2023-04-17
48470454,2023-04-28
48470454,2023-06-17
48470454,2023-06-25
48470454,2023-07-03
48470454,2023-07-26
48470454,2023-08-07
48470454,2023-08-10
48470454,2023-08-13
48470454,2023-08-20
48470454,2023-08-29
48470454,2023-09-02
48470454,2023-09-11
48470454,2023-09-17
48470454,2023-09-29
48470454,2023-10-04
48470454,2023-10-12
48470454,2023-10-14
48470454,2023-10-20
48470454,2023-10-22
48470454,2023-12-03
48470454,2024-07-07
48470454,2024-07-17
48470454,2024-07-21
48470454,2024-08-01
48470454,2024-09-06
48470454,2024-09-08
48470454,2024-09-14
48470454,2024-09-29
48470454,2024-10-27
48470454,2024-11-01
48470454,2024-11-29
48470454,2024-12-01
48470454,2025-04-11
48470454,2025-05-02
48470454,2025-06-01
48470454,2025-08-03
48470454,2025-09-13
48470454,2025-10-02
48470454,2025-10-17
48599533,2021-08-10
48599533,2021-08-14
48599533,2021-08-17
48599533,2021-08-20
48599533,2021-08-23
48599533,2021-08-25
48599533,2021-08-28
48599533,2021-10-05
48599533,2021-10-10
48599533,2021-10-13
48599533,2021-10-17
48599533,2021-11-28
48599533,2021-12-07
48599533,2021-12-13
48599533,2021-12-16
48599533,2021-12-19
48599533,2021-12-24
48599533,2021-12-27
48599533,2021-12-31
48599533,2022-01-09
48599533,2022-01-16
48599533,2022-01-20
48599533,2022-02-12
48599533,2022-02-15
48599533,2022-02-18
48599533,2022-02-21
48599533,2022-02-27
48599533,2022-03-04
48599533,2022-03-06
48599533,2022-03-11
48599533,2022-04-10
48599533,2022-04-17
48599533,2022-04-23
48599533,2022-04-26
48599533,2022-05-01
48599533,2022-05-05
48599533,2022-05-13
48599533,2022-05-20
48599533,2022-05-22
48599533,2022-05-25
48599533,2022-05-27
48599533,2022-05-29
48599533,2022-06-02
48599533,2022-06-05
48599533,2022-06-10
48599533,2022-06-13
48599533,2022-06-16
48599533,2022-06-20
48599533,2022-06-22
48599533,2022-06-24
48599533,2022-06-26
48599533,2022-06-28
48599533,2022-07-05
48599533,2022-07-10
48599533,2022-07-22
48599533,2022-08-04
48599533,2022-08-13
48599533,2022-08-17
48599533,2022-08-19
48599533,2022-08-23
48599533,2022-08-31
48599533,2022-09-16
48599533,2022-10-02
48599533,2022-10-11
48599533,2022-10-27
48599533,2022-11-24
48599533,2022-12-11
48599533,2023-01-29
48599533,2023-02-03
48599533,2023-02-22
48599533,2023-03-01
48599533,2023-03-06
48599533,2023-03-12
48599533,2023-03-26
48599533,2023-04-03
48599533,2023-04-09
48599533,2023-05-07
48599533,2023-05-10
48599533,2023-05-17
48599533,2023-05-31
48599533,2023-06-12
48599533,2023-06-18
48599533,2023-06-23
48599533,2023-07-08
48599533,2023-07-27
48599533,2023-08-11
48599533,2023-08-15
48599533,2023-09-11
48599533,2023-09-14
48599533,2024-02-11
48599533,2024-02-14
48599533,2024-02-18
48599533,2024-02-28
48599533,2024-03-06
48599533,2024-03-24
48599533,2024-03-31
48599533,2024-04-16
48599533,2024-04-21
48599533,2024-05-19
48599533,2024-08-01
48599533,2025-05-11
48599533,2025-05-17
48599533,2025-06-09
48599533,2025-07-20
48599533,2025-08-04
48599533,2025-08-24
50088935,2021-09-30
50088935,2021-11-10
50088935,2022-08-08
50088935,2022-11-30
50171851,2021-08-15
50171851,2021-08-17
50171851,2021-08-20
50171851,2021-08-22
50171851,2021-08-24
50171851,2021-08-26
50171851,2021-08-31
50171851,2021-09-06
50171851,2021-09-09
50171851,2021-09-15
50171851,2021-09-19
50171851,2021-09-21
50171851,2021-09-24
50171851,2021-09-27
50171851,2021-09-29
50171851,2021-10-03
50171851,2021-10-05
50171851,2021-12-11
50171851,2021-12-16
50171851,2021-12-20
50171851,2021-12-22
50171851,2021-12-30
50171851,2022-01-09
50171851,2022-01-12
50171851,2022-01-17
50171851,2022-01-23
50171851,2022-01-28
50171851,2022-02-04
50171851,2022-02-06
50171851,2022-02-09
50171851,2022-03-17
50171851,2022-03-20
50171851,2022-03-22
50171851,2022-03-27
50171851,2022-03-29
50171851,2022-04-02
50171851,2022-04-04
50171851,2022-04-10
50171851,2022-04-12
50171851,2022-04-19
50171851,2022-04-24
50171851,2022-05-01
50171851,2022-05-04
50171851,2022-05-08
50171851,2022-05-14
50171851,2022-05-22
50171851,2022-05-29
50171851,2022-06-03
50171851,2022-06-05
50171851,2022-06-09
50171851,2022-06-12
50171851,2022-06-18
50171851,2022-06-23
50171851,2022-06-26
50171851,2022-07-02
50171851,2022-07-10
50171851,2022-07-16
50171851,2022-07-21
50171851,2022-07-24
50171851,2022-07-31
50171851,2022-08-09
50171851,2022-08-14
50171851,2022-08-20
50171851,2022-08-25
50171851,2022-08-31
50171851,2022-09-04
50171851,2022-09-10
50171851,2022-09-21
50171851,2022-09-24
50171851,2022-10-02
50171851,2022-10-04
50171851,2022-10-06
50171851,2022-10-09
50171851,2022-10-20
50171851,2022-10-24
50171851,2022-10-28
50171851,2022-11-06
50171851,2022-11-08
50171851,2022-11-13
50171851,2022-11-20
50171851,2023-01-31
50171851,2023-02-06
50171851,2023-02-23
50171851,2023-02-26
50171851,2023-03-01
50171851,2023-03-09
50171851,2023-03-20
50171851,2023-03-25
50171851,2023-04-02
50171851,2023-04-09
50171851,2023-04-18
50171851,2023-04-22
50171851,2023-04-30
50171851,2023-05-04
50171851,2023-05-09
50171851,2023-05-18
50171851,2023-05-21
50171851,2023-05-23
50171851,2023-05-27
50171851,2023-06-05
50171851,2023-06-08
50171851,2023-06-11
50171851,2023-06-14
50171851,2023-06-18
50171851,2023-06-20
50171851,2023-06-22
50171851,2023-06-26
50171851,2023-07-04
50171851,2023-07-14
50171851,2023-07-17
50171851,2023-07-23
50171851,2023-07-26
50171851,2023-07-30
50171851,2023-08-02
50171851,2023-08-07
50171851,2023-08-13
50171851,2023-08-18
50171851,2023-08-21
50171851,2023-08-28
50171851,2023-09-05
50171851,2023-09-17
50171851,2023-09-21
50171851,2023-09-26
50171851,2023-10-11
50171851,2023-10-16
50171851,2023-10-22
50171851,2023-10-25
50171851,2023-10-31
50171851,2023-11-12
50171851,2023-11-19
50171851,2023-11-25
50171851,2023-12-03
50171851,2023-12-12
50171851,2023-12-22
50171851,2023-12-25
50171851,2023-12-31
50171851,2024-01-11
50171851,2024-01-21
50171851,2024-01-28
50171851,2024-02-01
50171851,2024-02-13
50171851,2024-02-18
50171851,2024-02-25
50171851,2024-02-28
50171851,2024-03-03
50171851,2024-03-21
50171851,2024-03-24
50171851,2024-03-28
50171851,2024-04-04
50171851,2024-04-10
50171851,2024-04-28
50171851,2024-05-05
50171851,2024-05-12
50171851,2024-05-20
50171851,2024-05-28
50171851,2024-06-02
50171851,2024-06-10
50171851,2024-06-23
50171851,2024-06-30
50171851,2024-07-07
50171851,2024-08-01
50171851,2024-08-08
50171851,2024-08-11
50171851,2024-08-15
50171851,2024-08-18
50171851,2024-08-25
50171851,2024-08-31
50171851,2024-09-23
50171851,2024-09-26
50171851,2024-10-26
50171851,2024-11-23
50171851,2024-11-29
50171851,2024-12-02
50171851,2024-12-22
50171851,2025-01-04
50171851,2025-01-09
50171851,2025-01-22
50171851,2025-01-25
50171851,2025-02-09
50171851,2025-02-21
50171851,2025-02-27
50171851,2025-03-04
50171851,2025-03-16
50171851,2025-03-21
50171851,2025-03-29
50171851,2025-04-23
50171851,2025-04-28
50171851,2025-05-04
50171851,2025-05-11
50171851,2025-06-06
50171851,2025-06-11
50171851,2025-06-16
50171851,2025-06-21
50171851,2025-06-26
50171851,2025-07-13
50171851,2025-07-16
50171851,2025-07-20
50171851,2025-07-26
50171851,2025-08-08
50171851,2025-08-18
50171851,2025-09-15
50171851,2025-09-21
50171851,2025-09-27
50171851,2025-10-05
50171851,2025-10-22
50207226,2021-06-09
50207226,2021-06-12
50207226,2021-06-13
50207226,2021-06-28
50207226,2021-07-05
50207226,2021-07-12
50207226,2021-07-18
50207226,2021-07-23
50207226,2021-07-25
50207226,2021-08-03
50207226,2021-08-08
50207226,2021-08-10
50207226,2021-08-13
50207226,2021-08-15
50207226,2021-08-17
50207226,2021-08-20
50207226,2021-08-27
50207226,2021-11-04
50207226,2021-11-07
50207226,2021-11-14
50207226,2021-11-18
50207226,2021-11-27
50207226,2021-12-05
50207226,2021-12-12
50207226,2021-12-26
50207226,2022-01-09
50207226,2022-02-07
50207226,2022-02-23
50207226,2022-03-02
50207226,2022-03-06
50207226,2022-03-08
50207226,2022-03-31
50207226,2022-04-03
50207226,2022-04-16
50207226,2022-04-24
50207226,2022-05-15
50207226,2022-05-22
50207226,2022-05-30
50207226,2022-06-06
50207226,2022-06-17
50207226,2022-07-10
50207226,2022-07-12
50207226,2022-07-21
50207226,2022-07-27
50207226,2022-07-30
50207226,2022-08-05
50207226,2022-08-26
50207226,2022-09-25
50207226,2022-10-06
50207226,2022-10-09
50207226,2022-10-21
50207226,2023-02-16
50207226,2023-02-20
50207226,2023-02-26
50207226,2023-03-12
50207226,2023-03-19
50207226,2023-04-13
50207226,2023-05-02
50207226,2023-05-14
50207226,2023-05-22
50207226,2023-05-26
50207226,2023-05-28
50207226,2023-07-16
50207226,2023-07-30
50207226,2023-08-13
50207226,2023-08-23
50207226,2023-10-12
50207226,2023-10-15
50207226,2023-11-01
50207226,2024-03-10
50207226,2024-03-25
50207226,2024-04-08
50207226,2024-04-16
50207226,2024-08-18
50207226,2024-09-02
50207226,2024-09-20
50207226,2024-09-22
50207226,2024-10-01
50207226,2024-10-06
50207226,2024-10-27
50207226,2024-10-28
50207226,2025-02-14
50207226,2025-02-27
50207226,2025-03-02
50207226,2025-03-09
50207226,2025-05-04
50207226,2025-05-10
50207226,2025-05-18
50207226,2025-05-25
50207226,2025-06-22
50207226,2025-07-19
50207226,2025-07-21
50207226,2025-07-28
50207226,2025-07-31
50207226,2025-08-10
50207226,2025-10-05
50207226,2025-10-19
50211226,2021-12-31
50211226,2022-01-02
50211226,2022-01-14
50211226,2022-01-19
50211226,2022-01-23
50211226,2022-01-25
50211226,2022-02-07
50211226,2022-02-14
50211226,2022-02-24
50211226,2022-02-28
50211226,2022-03-03
50211226,2022-03-06
50211226,2022-03-12
50211226,2022-03-15
50211226,2022-03-21
50211226,2022-03-26
50211226,2022-04-02
50211226,2022-04-07
50211226,2022-04-12
50211226,2022-04-17
50211226,2022-04-21
50211226,2022-04-25
50211226,2022-04-30
50211226,2022-05-07
50211226,2022-05-10
50211226,2022-05-13
50211226,2022-05-22
50211226,2022-05-25
50211226,2022-06-13
50211226,2022-06-18
50211226,2022-06-20
50211226,2022-06-23
50211226,2022-06-27
50211226,2022-07-02
50211226,2022-07-06
50211226,2022-07-10
50211226,2022-07-12
50211226,2022-07-17
50211226,2022-07-24
50211226,2022-07-28
50211226,2022-07-31
50211226,2022-08-04
50211226,2022-08-07
50211226,2022-08-10
50211226,2022-08-14
50211226,2022-08-16
50211226,2022-08-21
50211226,2022-08-24
50211226,2022-08-31
50211226,2022-09-02
50211226,2022-09-16
50211226,2022-09-24
50211226,2022-09-29
50211226,2022-10-06
50211226,2022-10-10
50211226,2022-10-12
50211226,2022-10-16
50211226,2022-10-23
50211226,2022-10-28
50211226,2022-11-01
50211226,2022-11-06
50211226,2022-11-09
50211226,2022-11-13
50211226,2022-11-17
50211226,2022-11-20
50211226,2022-11-26
50211226,2022-11-30
50211226,2022-12-04
50211226,2022-12-10
50211226,2022-12-19
50211226,2022-12-23
50211226,2023-01-08
50211226,2023-01-13
50211226,2023-01-15
50211226,2023-01-22
50211226,2023-01-29
50211226,2023-02-06
50211226,2023-02-12
50211226,2023-02-22
50211226,2023-02-27
50211226,2023-03-12
50211226,2023-03-15
50211226,2023-03-16
50211226,2023-03-20
50211226,2023-03-23
50211226,2023-03-26
50211226,2023-04-01
50211226,2023-04-04
50211226,2023-04-09
50211226,2023-04-16
50211226,2023-04-18
50211226,2023-04-22
50211226,2023-04-29
50211226,2023-05-13
50211226,2023-05-19
50211226,2023-05-21
50211226,2023-05-26
50211226,2023-05-31
50211226,2023-06-05
50211226,2023-06-11
50211226,2023-06-19
50211226,2023-06-22
50211226,2023-06-25
50211226,2023-06-30
50211226,2023-07-05
50211226,2023-07-09
50211226,2023-07-13
50211226,2023-07-16
50211226,2023-07-23
50211226,2023-07-25
50211226,2023-07-28
50211226,2023-08-01
50211226,2023-08-06
50211226,2023-08-11
50211226,2023-08-15
50211226,2023-08-21
50211226,2023-08-28
50211226,2023-09-01
50211226,2023-09-04
50211226,2023-09-07
50211226,2023-09-10
50211226,2023-09-16
50211226,2023-09-21
50211226,2023-09-27
50211226,2023-10-01
50211226,2023-10-08
50211226,2023-10-12
50211226,2023-10-15
50211226,2023-10-22
50211226,2023-10-29
50211226,2023-11-04
50211226,2023-11-09
50211226,2023-11-13
50211226,2023-11-17
50211226,2023-11-24
50211226,2023-12-03
50211226,2023-12-10
50211226,2023-12-14
50211226,2023-12-18
50211226,2023-12-28
50211226,2023-12-30
50211226,2024-01-07
50211226,2024-01-12
50211226,2024-01-16
50211226,2024-01-22
50211226,2024-02-09
50211226,2024-02-14
50211226,2024-02-19
50211226,2024-03-03
50211226,2024-03-17
50211226,2024-03-25
50211226,2024-03-31
50211226,2024-04-03
50211226,2024-04-16
50211226,2024-04-29
50211226,2024-05-05
50211226,2024-05-12
50211226,2024-05-18
50211226,2024-05-21
50211226,2024-05-27
50211226,2024-08-11
50211226,2024-08-18
50211226,2024-08-22
50211226,2024-08-25
50211226,2024-08-29
50211226,2024-09-07
50211226,2024-09-14
50211226,2024-09-18
50211226,2024-09-26
50211226,2024-09-29
50211226,2024-10-15
50211226,2024-10-21
50211226,2024-11-04
50211226,2024-11-10
50211226,2024-11-29
50211226,2024-12-08
50211226,2024-12-25
50211226,2024-12-28
50211226,2025-02-09
50211226,2025-03-09
50211226,2025-04-27
50211226,2025-05-11
50211226,2025-05-17
50211226,2025-05-26
50211226,2025-06-06
50211226,2025-07-14
50211226,2025-07-18
50211226,2025-07-20
50211226,2025-07-27
50211226,2025-07-31
50211226,2025-08-04
50211226,2025-08-10
50211226,2025-08-15
50211226,2025-08-17
50354540,2021-06-15
50354540,2021-06-18
50354540,2021-06-21
50354540,2022-09-30
50354540,2023-03-16
50354540,2023-03-20
50354540,2023-05-14
50354540,2023-07-21
50354540,2023-08-13
50354540,2024-05-21
50354540,2024-06-30
50354540,2024-07-27
50354540,2024-08-01
50354540,2024-08-25
50354540,2025-03-19
50354540,2025-06-05
50354540,2025-07-21
50354540,2025-07-30
50354540,2025-08-04
50354540,2025-10-05
50890336,2021-07-31
50890336,2021-08-08
50890336,2021-08-24
50890336,2021-08-26
50890336,2021-08-29
50890336,2021-09-05
50890336,2021-09-13
50890336,2021-10-03
50890336,2021-10-10
50890336,2021-10-18
50890336,2021-10-24
50890336,2021-11-01
50890336,2021-11-21
50890336,2021-11-24
50890336,2021-11-27
50890336,2022-02-19
50890336,2022-02-25
50890336,2022-03-23
50890336,2022-04-03
50890336,2022-04-11
50890336,2022-04-26
50890336,2022-05-22
50890336,2022-05-29
50890336,2022-07-27
50890336,2022-08-13
50890336,2022-08-28
50890336,2022-10-02
50890336,2022-11-26
50890336,2023-02-24
50890336,2023-02-26
50890336,2023-03-12
50890336,2023-03-15
50890336,2023-03-19
50890336,2023-06-24
50890336,2023-06-30
50890336,2023-07-03
50890336,2023-08-11
50890336,2023-08-27
50890336,2023-10-08
50890336,2024-06-07
50890336,2024-06-11
50890336,2024-07-03
50890336,2024-07-07
50890336,2024-07-12
50890336,2024-07-25
50890336,2025-09-09
51230498,2021-07-25
51230498,2021-07-30
51230498,2021-08-01
51230498,2021-08-05
51230498,2021-08-08
51230498,2021-08-10
51230498,2021-08-12
51230498,2021-08-14
51230498,2021-08-15
51230498,2021-08-26
51230498,2021-08-29
51230498,2021-08-30
51230498,2021-09-04
51230498,2021-09-06
51230498,2021-09-07
51230498,2021-09-12
51230498,2021-09-16
51230498,2021-09-19
51230498,2021-09-23
51230498,2021-09-24
51230498,2021-09-25
51230498,2021-09-26
51230498,2021-09-27
51230498,2021-10-04
51230498,2021-10-09
51230498,2021-10-10
51230498,2021-10-11
51230498,2021-10-13
51230498,2021-10-14
51230498,2021-10-17
51230498,2021-10-22
51230498,2021-10-24
51230498,2021-10-25
51230498,2021-10-31
51230498,2021-11-05
51230498,2021-11-06
51230498,2021-11-07
51230498,2021-11-15
51230498,2021-11-16
51230498,2021-11-19
51230498,2021-11-20
51230498,2021-11-21
51230498,2021-11-26
51230498,2021-11-27
51230498,2021-12-18
51230498,2021-12-19
51230498,2021-12-22
51230498,2021-12-24
51230498,2021-12-30
51230498,2022-01-06
51230498,2022-01-07
51230498,2022-01-09
51230498,2022-01-14
51230498,2022-01-16
51230498,2022-01-21
51230498,2022-01-22
51230498,2022-02-13
51230498,2022-02-18
51230498,2022-02-21
51230498,2022-02-23
51230498,2022-02-25
51230498,2022-02-27
51230498,2022-03-09
51230498,2022-03-10
51230498,2022-03-12
51230498,2022-03-16
51230498,2022-03-18
51230498,2022-03-20
51230498,2022-03-27
51230498,2022-04-01
51230498,2022-04-02
51230498,2022-04-03
51230498,2022-04-06
51230498,2022-04-08
51230498,2022-04-10
51230498,2022-04-17
51230498,2022-04-20
51230498,2022-04-24
51230498,2022-04-25
51230498,2022-04-28
51230498,2022-05-01
51230498,2022-05-11
51230498,2022-05-17
51230498,2022-05-22
51230498,2022-05-25
51230498,2022-06-04
51230498,2022-06-05
51230498,2022-06-08
51230498,2022-06-13
51230498,2022-06-16
51230498,2022-06-19
51230498,2022-06-23
51230498,2022-06-26
51230498,2022-07-04
51230498,2022-07-09
51230498,2022-07-10
51230498,2022-07-14
51230498,2022-07-16
51230498,2022-07-31
51230498,2022-08-05
51230498,2022-08-06
51230498,2022-08-07
51230498,2022-08-08
51230498,2022-08-10
51230498,2022-08-11
51230498,2022-08-12
51230498,2022-08-14
51230498,2022-08-17
51230498,2022-08-18
51230498,2022-08-23
51230498,2022-08-28
51230498,2022-08-31
51230498,2022-09-05
51230498,2022-09-07
51230498,2022-09-17
51230498,2022-09-23
51230498,2022-10-02
51230498,2022-10-06
51230498,2022-10-22
51230498,2022-10-26
51230498,2022-10-29
51230498,2022-10-30
51230498,2022-11-13
51230498,2022-11-17
51230498,2022-11-23
51230498,2022-12-07
51230498,2022-12-08
51230498,2022-12-09
51230498,2022-12-11
51230498,2022-12-12
51230498,2022-12-13
51230498,2022-12-31
51230498,2023-01-20
51230498,2023-01-22
51230498,2023-01-23
51230498,2023-01-25
51230498,2023-01-28
51230498,2023-01-31
51230498,2023-02-04
51230498,2023-02-05
51230498,2023-02-07
51230498,2023-02-12
51230498,2023-02-18
51230498,2023-02-22
51230498,2023-02-24
51230498,2023-02-26
51230498,2023-02-28
51230498,2023-03-01
51230498,2023-03-08
51230498,2023-03-23
51230498,2023-03-26
51230498,2023-03-29
51230498,2023-03-31
51230498,2023-04-01
51230498,2023-04-05
51230498,2023-04-09
51230498,2023-04-14
51230498,2023-04-16
51230498,2023-04-17
51230498,2023-04-19
51230498,2023-04-23
51230498,2023-04-30
51230498,2023-05-21
51230498,2023-05-31
51230498,2023-06-03
51230498,2023-06-04
51230498,2023-06-11
51230498,2023-06-13
51230498,2023-06-15
51230498,2023-07-07
51230498,2023-07-09
51230498,2023-07-16
51230498,2023-07-20
51230498,2023-07-22
51230498,2023-07-23
51230498,2023-07-24
51230498,2023-07-26
51230498,2023-07-27
51230498,2023-07-28
51230498,2023-07-31
51230498,2023-08-11
51230498,2023-08-18
51230498,2023-08-21
51230498,2023-08-25
51230498,2023-08-26
51230498,2023-09-21
51230498,2023-09-27
51230498,2023-09-30
51230498,2023-10-04
51230498,2023-10-09
51230498,2023-10-10
51230498,2023-10-14
51230498,2023-10-15
51230498,2023-10-17
51230498,2023-10-26
51230498,2023-11-04
51230498,2023-11-05
51230498,2023-11-15
51230498,2023-11-17
51230498,2023-11-26
51230498,2023-11-30
51230498,2023-12-29
51230498,2024-01-04
51230498,2024-01-08
51230498,2024-01-14
51230498,2024-01-19
51230498,2024-01-21
51230498,2024-02-08
51230498,2024-02-11
51230498,2024-02-17
51230498,2024-02-29
51230498,2024-03-10
51230498,2024-03-14
51230498,2024-03-25
51230498,2024-04-09
51230498,2024-04-16
51230498,2024-05-04
51230498,2024-05-15
51230498,2024-05-19
51230498,2024-05-26
51230498,2024-06-12
51230498,2024-08-17
51230498,2024-08-31
51230498,2024-09-07
51230498,2024-09-10
51230498,2024-09-13
51230498,2024-09-15
51230498,2024-09-16
51230498,2024-09-26
51230498,2024-10-06
51230498,2024-10-11
51230498,2024-10-12
51230498,2024-10-20
51230498,2024-10-26
51230498,2024-10-27
51230498,2024-11-08
51230498,2024-11-21
51230498,2024-11-24
51230498,2024-12-05
51230498,2024-12-08
51230498,2024-12-14
51230498,2025-01-19
51230498,2025-01-27
51230498,2025-02-01
51230498,2025-02-02
51230498,2025-02-06
51230498,2025-02-10
51230498,2025-02-16
51230498,2025-02-22
51230498,2025-02-26
51230498,2025-03-02
51230498,2025-03-09
51230498,2025-03-29
51230498,2025-04-05
51230498,2025-04-16
51230498,2025-06-29
51230498,2025-07-06
51230498,2025-07-11
51230498,2025-07-20
51230498,2025-07-26
51230498,2025-08-02
51230498,2025-08-09
51230498,2025-08-10
51230498,2025-08-12
51230498,2025-08-14
51230498,2025-08-17
51230498,2025-08-19
51230498,2025-08-24
51230498,2025-09-17
51230498,2025-09-20
51230498,2025-09-23
51230498,2025-09-28
51230498,2025-10-04
51230498,2025-10-05
51230498,2025-10-15
51230498,2025-10-20
51461480,2021-10-24
51461480,2021-10-29
51461480,2021-11-03
51461480,2021-11-11
51461480,2021-11-16
51461480,2021-12-08
51461480,2021-12-13
51461480,2021-12-16
51461480,2021-12-20
51461480,2021-12-26
51461480,2021-12-30
51461480,2022-01-02
51461480,2022-01-19
51461480,2022-02-12
51461480,2022-02-20
51461480,2022-06-18
51461480,2022-06-26
51461480,2022-08-14
51461480,2022-08-21
51461480,2022-09-28
51461480,2023-03-31
51461480,2024-08-19
51461480,2024-08-31
51461480,2024-11-15
51461480,2024-12-03
51461480,2025-01-24
51461480,2025-03-06
51461480,2025-04-21
51461480,2025-06-13
51461480,2025-06-26
51503537,2021-09-08
51503537,2021-10-08
51503537,2022-01-01
51503537,2022-04-03
51503537,2022-09-02
51503537,2022-12-31
51503537,2023-02-23
51503537,2024-04-02
51503537,2024-09-09
51503537,2025-06-24
51579900,2021-08-14
51579900,2021-08-17
51579900,2021-08-23
51579900,2021-08-29
51579900,2021-09-01
51579900,2021-09-05
51579900,2021-10-02
51579900,2021-10-11
51579900,2021-10-17
51579900,2021-10-25
51579900,2021-10-31
51579900,2021-11-02
51579900,2021-12-06
51579900,2022-01-02
51579900,2022-02-18
51579900,2022-02-21
51579900,2022-02-23
51579900,2022-02-27
51579900,2022-03-13
51579900,2022-03-28
51579900,2022-04-03
51579900,2022-04-09
51579900,2022-04-10
51579900,2022-04-29
51579900,2022-04-30
51579900,2022-05-01
51579900,2022-05-13
51579900,2022-05-15
51579900,2022-06-01
51579900,2022-06-05
51579900,2022-08-07
51579900,2022-08-14
51579900,2022-08-19
51579900,2022-08-20
51579900,2022-08-21
51579900,2022-09-18
51579900,2022-09-24
51579900,2022-09-25
51579900,2022-10-08
51579900,2022-10-28
51579900,2023-01-02
51579900,2023-03-09
51579900,2023-03-12
51579900,2023-03-17
51579900,2023-03-19
51579900,2023-04-15
51579900,2023-05-12
51579900,2023-05-14
51579900,2023-05-22
51579900,2023-05-27
51579900,2023-06-04
51579900,2023-06-10
51579900,2023-06-11
51579900,2023-06-19
51579900,2023-06-29
51579900,2023-07-09
51579900,2023-07-15
51579900,2023-08-16
51579900,2023-08-27
51579900,2023-09-02
51579900,2023-09-10
51579900,2023-09-21
51579900,2023-10-01
51579900,2024-02-04
51579900,2024-02-18
51579900,2024-02-28
51579900,2024-04-16
51579900,2024-04-28
51579900,2024-07-08
51579900,2024-07-12
51579900,2024-07-21
51579900,2024-08-01
51579900,2024-10-14
51579900,2024-10-28
51579900,2025-03-22
51579900,2025-04-29
51579900,2025-05-15
51579900,2025-05-25
51579900,2025-06-06
51579900,2025-07-03
51579900,2025-07-04
51579900,2025-07-16
51579900,2025-07-28
51579900,2025-08-17
51579900,2025-09-05
51592836,2021-10-10
51592836,2021-10-17
51592836,2021-10-19
51592836,2021-10-24
51592836,2021-11-01
51592836,2021-11-05
51592836,2021-11-08
51592836,2021-11-28
51592836,2021-12-15
51592836,2021-12-19
51592836,2022-01-07
51592836,2022-01-10
51592836,2022-01-21
51592836,2022-01-30
51592836,2022-01-31
51592836,2022-02-27
51592836,2022-03-04
51592836,2022-03-25
51592836,2022-03-27
51592836,2022-04-03
51592836,2022-04-10
51592836,2022-04-17
51592836,2022-04-26
51592836,2022-05-02
51592836,2022-05-09
51592836,2022-05-14
51592836,2022-05-22
51592836,2022-05-25
51592836,2022-05-31
51592836,2022-06-08
51592836,2022-06-13
51592836,2022-06-16
51592836,2022-07-21
51592836,2022-07-28
51592836,2022-08-17
51592836,2022-09-01
51592836,2022-09-09
51592836,2022-09-30
51592836,2022-10-10
51592836,2022-10-23
51592836,2022-11-27
51592836,2022-12-08
51592836,2023-02-20
51592836,2023-02-22
51592836,2023-03-19
51592836,2023-03-27
51592836,2023-04-05
51592836,2023-04-16
51592836,2023-05-29
51592836,2023-06-01
51592836,2023-06-05
51592836,2023-06-17
51592836,2023-07-01
51592836,2023-07-09
51592836,2023-07-16
51592836,2023-07-24
51592836,2023-07-31
51592836,2023-08-03
51592836,2023-08-05
51592836,2023-09-25
51592836,2023-10-09
51592836,2023-10-21
51592836,2023-10-23
51592836,2023-10-27
51592836,2023-10-30
51592836,2023-11-13
51592836,2023-11-27
51592836,2023-12-18
51592836,2024-02-19
51592836,2024-03-10
51592836,2024-03-23
51592836,2024-03-25
51592836,2024-04-01
51592836,2024-04-17
51592836,2024-04-29
51592836,2024-05-29
51592836,2024-06-03
51592836,2024-06-09
51592836,2024-07-22
51592836,2024-07-29
51592836,2024-07-31
51592836,2024-08-06
51592836,2024-08-12
51592836,2024-08-17
51592836,2024-10-15
51592836,2024-10-21
51592836,2024-10-30
51592836,2025-01-01
51592836,2025-05-09
51592836,2025-05-26
51592836,2025-06-18
51592836,2025-07-08
51592836,2025-07-28
51592836,2025-08-11
51592836,2025-09-01
51592836,2025-10-12
52152157,2021-09-27
52152157,2021-10-31
52152157,2021-11-20
52152157,2021-11-27
52152157,2021-12-08
52152157,2021-12-26
52152157,2022-02-20
52152157,2022-02-24
52152157,2022-04-03
52152157,2022-04-10
52152157,2022-04-21
52152157,2022-04-25
52152157,2022-05-20
52152157,2022-05-31
52152157,2022-06-17
52152157,2022-06-24
52152157,2022-07-07
52152157,2022-07-10
52152157,2022-07-23
52152157,2022-07-27
52152157,2022-07-31
52152157,2022-09-01
52152157,2022-10-08
52152157,2022-10-17
52152157,2022-10-27
52152157,2022-11-21
52152157,2022-11-26
52152157,2022-12-07
52152157,2022-12-19
52152157,2022-12-30
52152157,2023-01-06
52152157,2023-01-12
52152157,2023-01-22
52152157,2023-01-29
52152157,2023-03-05
52152157,2023-03-16
52152157,2023-03-19
52152157,2023-03-29
52152157,2023-04-05
52152157,2023-05-28
52152157,2023-08-20
52152157,2023-08-29
52152157,2023-09-10
52152157,2023-09-15
52152157,2023-10-01
52152157,2023-12-17
52152157,2024-02-21
52152157,2024-02-26
52152157,2024-03-28
52152157,2024-04-12
52152157,2024-04-22
52152157,2024-05-06
52152157,2024-05-12
52152157,2024-05-18
52152157,2024-05-27
52152157,2024-06-09
52152157,2024-08-11
52152157,2024-08-23
52152157,2024-08-29
52152157,2024-09-05
52152157,2024-09-08
52152157,2024-10-14
52152157,2024-10-25
52152157,2024-11-03
52152157,2024-11-30
52152157,2025-03-01
52152157,2025-04-13
52152157,2025-04-29
52152157,2025-05-05
52152157,2025-05-18
52152157,2025-05-28
52152157,2025-06-01
52152157,2025-06-14
52152157,2025-06-29
52152157,2025-07-26
52152157,2025-08-04
52152157,2025-08-08
52152157,2025-08-11
52152157,2025-08-15
52152157,2025-08-21
52152157,2025-09-14
52152157,2025-10-18
52241973,2021-10-17
52241973,2021-10-20
52241973,2021-10-21
52241973,2021-10-24
52241973,2021-10-29
52241973,2021-10-31
52241973,2021-11-03
52241973,2021-11-07
52241973,2021-11-12
52241973,2021-11-13
52241973,2021-11-14
52241973,2021-11-22
52241973,2021-11-28
52241973,2022-02-09
52241973,2022-02-13
52241973,2022-02-21
52241973,2022-02-25
52241973,2022-02-26
52241973,2022-02-28
52241973,2022-03-05
52241973,2022-03-27
52241973,2022-03-29
52241973,2022-04-02
52241973,2022-04-06
52241973,2022-04-07
52241973,2022-04-13
52241973,2022-04-20
52241973,2022-04-24
52241973,2022-04-27
52241973,2022-05-01
52241973,2022-05-02
52241973,2022-05-04
52241973,2022-05-05
52241973,2022-05-06
52241973,2022-05-07
52241973,2022-05-10
52241973,2022-05-11
52241973,2022-05-15
52241973,2022-05-18
52241973,2022-05-20
52241973,2022-05-21
52241973,2022-05-25
52241973,2022-05-29
52241973,2022-05-30
52241973,2022-06-02
52241973,2022-06-08
52241973,2022-06-12
52241973,2022-06-13
52241973,2022-06-14
52241973,2022-06-16
52241973,2022-06-18
52241973,2022-06-19
52241973,2022-06-22
52241973,2022-06-27
52241973,2022-07-07
52241973,2022-07-08
52241973,2022-07-14
52241973,2022-07-15
52241973,2022-07-16
52241973,2022-07-17
52241973,2022-07-18
52241973,2022-07-19
52241973,2022-07-20
52241973,2022-07-21
52241973,2022-07-22
52241973,2022-07-25
52241973,2022-07-26
52241973,2022-07-29
52241973,2022-07-30
52241973,2022-08-02
52241973,2022-08-04
52241973,2022-08-06
52241973,2022-08-07
52241973,2022-08-09
52241973,2022-08-13
52241973,2022-08-14
52241973,2022-08-15
52241973,2022-08-17
52241973,2022-08-18
52241973,2022-08-20
52241973,2022-08-21
52241973,2022-08-25
52241973,2022-08-26
52241973,2022-08-27
52241973,2022-08-29
52241973,2022-08-31
52241973,2022-09-09
52241973,2022-09-11
52241973,2022-09-13
52241973,2022-09-16
52241973,2022-09-18
52241973,2022-09-20
52241973,2022-09-26
52241973,2022-09-29
52241973,2022-10-01
52241973,2022-10-02
52241973,2022-10-04
52241973,2022-10-11
52241973,2022-10-13
52241973,2022-10-14
52241973,2022-10-17
52241973,2022-10-19
52241973,2022-10-20
52241973,2022-10-22
52241973,2022-10-23
52241973,2022-10-28
52241973,2022-10-31
52241973,2022-11-05
52241973,2022-11-18
52241973,2022-11-22
52241973,2022-11-26
52241973,2022-12-04
52241973,2022-12-11
52241973,2023-01-05
52241973,2023-01-09
52241973,2023-01-10
52241973,2023-01-14
52241973,2023-01-18
52241973,2023-01-20
52241973,2023-01-25
52241973,2023-01-31
52241973,2023-02-03
52241973,2023-02-12
52241973,2023-02-23
52241973,2023-03-01
52241973,2023-03-08
52241973,2023-03-09
52241973,2023-03-19
52241973,2023-03-25
52241973,2023-03-26
52241973,2023-03-28
52241973,2023-03-31
52241973,2023-04-07
52241973,2023-04-15
52241973,2023-04-19
52241973,2023-04-23
52241973,2023-05-03
52241973,2023-05-06
52241973,2023-05-08
52241973,2023-05-10
52241973,2023-05-14
52241973,2023-05-16
52241973,2023-05-27
52241973,2023-05-28
52241973,2023-05-29
52241973,2023-05-31
52241973,2023-06-11
52241973,2023-06-13
52241973,2023-06-17
52241973,2023-06-25
52241973,2023-07-02
52241973,2023-07-03
52241973,2023-07-07
52241973,2023-07-17
52241973,2023-07-18
52241973,2023-07-19
52241973,2023-07-22
52241973,2023-07-27
52241973,2023-08-05
52241973,2023-08-06
52241973,2023-08-12
52241973,2023-08-13
52241973,2023-08-14
52241973,2023-08-19
52241973,2023-09-03
52241973,2023-09-09
52241973,2023-09-12
52241973,2023-09-16
52241973,2023-09-17
52241973,2023-09-21
52241973,2023-09-23
52241973,2023-09-24
52241973,2023-09-25
52241973,2023-09-26
52241973,2023-09-28
52241973,2023-10-02
52241973,2023-10-03
52241973,2023-10-04
52241973,2023-10-05
52241973,2023-10-07
52241973,2023-10-12
52241973,2023-10-14
52241973,2023-10-15
52241973,2023-10-19
52241973,2023-10-21
52241973,2023-10-22
52241973,2023-10-27
52241973,2023-10-29
52241973,2023-11-03
52241973,2023-11-05
52241973,2023-11-17
52241973,2023-12-02
52241973,2023-12-03
52241973,2023-12-05
52241973,2023-12-12
52241973,2024-01-12
52241973,2024-01-14
52241973,2024-01-17
52241973,2024-01-21
52241973,2024-01-31
52241973,2024-02-11
52241973,2024-02-15
52241973,2024-02-16
52241973,2024-02-17
52241973,2024-02-18
52241973,2024-02-24
52241973,2024-02-25
52241973,2024-02-29
52241973,2024-03-07
52241973,2024-03-09
52241973,2024-03-12
52241973,2024-03-13
52241973,2024-03-15
52241973,2024-03-16
52241973,2024-03-22
52241973,2024-03-23
52241973,2024-03-31
52241973,2024-04-12
52241973,2024-04-16
52241973,2024-04-17
52241973,2024-04-18
52241973,2024-04-19
52241973,2024-04-21
52241973,2024-04-23
52241973,2024-04-27
52241973,2024-05-04
52241973,2024-05-07
52241973,2024-05-12
52241973,2024-05-13
52241973,2024-05-14
52241973,2024-05-15
52241973,2024-05-16
52241973,2024-05-19
52241973,2024-05-21
52241973,2024-06-02
52241973,2024-06-05
52241973,2024-06-06
52241973,2024-06-09
52241973,2024-06-14
52241973,2024-06-16
52241973,2024-06-25
52241973,2024-06-27
52241973,2024-06-30
52241973,2024-07-01
52241973,2024-07-22
52241973,2024-07-23
52241973,2024-07-24
52241973,2024-08-02
52241973,2024-08-03
52241973,2024-08-04
52241973,2024-08-07
52241973,2024-08-10
52241973,2024-08-12
52241973,2024-08-15
52241973,2024-08-16
52241973,2024-08-18
52241973,2024-08-25
52241973,2024-08-27
52241973,2024-08-29
52241973,2024-08-30
52241973,2024-09-01
52241973,2024-09-04
52241973,2024-09-06
52241973,2024-09-07
52241973,2024-09-09
52241973,2024-09-13
52241973,2024-09-22
52241973,2024-09-23
52241973,2024-09-24
52241973,2024-09-28
52241973,2024-10-01
52241973,2024-10-03
52241973,2024-10-04
52241973,2024-10-10
52241973,2024-10-11
52241973,2024-10-12
52241973,2024-10-14
52241973,2024-10-15
52241973,2024-10-18
52241973,2024-10-19
52241973,2024-10-21
52241973,2024-10-25
52241973,2024-10-27
52241973,2024-10-28
52241973,2024-10-29
52241973,2024-11-06
52241973,2024-11-07
52241973,2024-11-11
52241973,2024-11-16
52241973,2024-11-29
52241973,2024-12-04
52241973,2024-12-05
52241973,2025-01-10
52241973,2025-01-12
52241973,2025-01-21
52241973,2025-01-25
52241973,2025-01-28
52241973,2025-02-02
52241973,2025-02-04
52241973,2025-02-07
52241973,2025-02-14
52241973,2025-02-23
52241973,2025-02-26
52241973,2025-03-19
52241973,2025-04-03
52241973,2025-04-04
52241973,2025-04-06
52241973,2025-04-30
52241973,2025-05-01
52241973,2025-05-04
52241973,2025-05-07
52241973,2025-05-08
52241973,2025-05-10
52241973,2025-05-15
52241973,2025-05-16
52241973,2025-05-17
52241973,2025-05-18
52241973,2025-05-19
52241973,2025-05-21
52241973,2025-05-22
52241973,2025-05-26
52241973,2025-06-04
52241973,2025-06-08
52241973,2025-06-11
52241973,2025-06-12
52241973,2025-06-13
52241973,2025-06-18
52241973,2025-06-20
52241973,2025-06-22
52241973,2025-07-02
52241973,2025-07-10
52241973,2025-07-11
52241973,2025-07-14
52241973,2025-07-16
52241973,2025-07-17
52241973,2025-07-18
52241973,2025-07-19
52241973,2025-07-23
52241973,2025-07-30
52241973,2025-08-03
52241973,2025-08-07
52241973,2025-08-09
52241973,2025-08-10
52241973,2025-08-17
52241973,2025-08-20
52241973,2025-08-29
52241973,2025-08-30
52241973,2025-09-19
52241973,2025-09-21
52241973,2025-09-28
52241973,2025-10-02
52241973,2025-10-03
52241973,2025-10-04
52241973,2025-10-06
52241973,2025-10-18
52241973,2025-10-20
52241973,2025-10-21
52241973,2025-10-23
52241973,2025-11-02
52360097,2021-09-26
52360097,2021-10-31
52360097,2021-11-07
52360097,2021-11-10
52360097,2021-11-14
52360097,2021-11-21
52360097,2021-11-26
52360097,2021-11-28
52360097,2022-01-31
52360097,2022-02-05
52360097,2022-02-13
52360097,2022-02-19
52360097,2022-02-21
52360097,2022-02-26
52360097,2022-03-03
52360097,2022-03-09
52360097,2022-03-21
52360097,2022-03-25
52360097,2022-03-27
52360097,2022-04-10
52360097,2022-04-12
52360097,2022-04-29
52360097,2022-05-04
52360097,2022-05-07
52360097,2022-05-15
52360097,2022-05-20
52360097,2022-05-22
52360097,2022-05-28
52360097,2022-05-31
52360097,2022-06-02
52360097,2022-06-05
52360097,2022-06-12
52360097,2022-06-20
52360097,2022-07-03
52360097,2022-07-05
52360097,2022-07-30
52360097,2022-08-01
52360097,2022-08-06
52360097,2022-08-09
52360097,2022-08-21
52360097,2022-08-28
52360097,2022-08-31
52360097,2022-09-05
52360097,2022-09-12
52360097,2022-09-18
52360097,2022-10-02
52360097,2022-10-07
52360097,2022-10-09
52360097,2022-10-25
52360097,2022-10-30
52360097,2022-11-07
52360097,2022-11-15
52360097,2022-11-28
52360097,2022-12-05
52360097,2023-01-18
52360097,2023-02-23
52360097,2023-03-09
52360097,2023-03-12
52360097,2023-08-27
52360097,2023-09-17
52360097,2023-10-06
52360097,2023-10-15
52360097,2023-10-22
52360097,2023-10-27
52360097,2024-01-12
52360097,2024-03-06
52360097,2024-03-17
52360097,2024-03-23
52360097,2024-03-31
52360097,2024-05-26
52360097,2024-06-09
52360097,2024-07-07
52360097,2024-07-31
52360097,2024-08-18
52360097,2024-10-26
52360097,2024-11-05
52360097,2025-08-02
52360097,2025-10-12
52611613,2021-10-16
52611613,2021-10-24
52611613,2021-10-31
52611613,2021-11-14
52611613,2021-12-04
52611613,2021-12-17
52611613,2021-12-20
52611613,2022-01-09
52611613,2022-01-28
52611613,2022-01-30
52611613,2022-02-04
52611613,2022-02-19
52611613,2022-02-24
52611613,2022-02-27
52611613,2022-03-06
52611613,2022-03-12
52611613,2022-03-19
52611613,2022-03-27
52611613,2022-04-04
52611613,2022-04-10
52611613,2022-04-17
52611613,2022-04-25
52611613,2022-05-01
52611613,2022-05-08
52611613,2022-05-15
52611613,2022-05-19
52611613,2022-05-22
52611613,2022-05-30
52611613,2022-06-05
52611613,2022-06-12
52611613,2022-06-17
52611613,2022-06-26
52611613,2022-07-02
52611613,2022-07-04
52611613,2022-07-09
52611613,2022-07-16
52611613,2022-07-20
52611613,2022-07-23
52611613,2022-08-15
52611613,2022-08-23
52611613,2022-08-31
52611613,2022-09-05
52611613,2022-09-23
52611613,2022-09-25
52611613,2022-10-14
52611613,2022-10-16
52611613,2022-10-22
52611613,2022-10-28
52611613,2022-10-30
52611613,2022-11-13
52611613,2022-11-26
52611613,2022-12-05
52611613,2022-12-28
52611613,2022-12-30
52611613,2023-01-01
52611613,2023-01-06
52611613,2023-01-08
52611613,2023-01-23
52611613,2023-02-17
52611613,2023-02-21
52611613,2023-02-26
52611613,2023-03-01
52611613,2023-03-12
52611613,2023-03-19
52611613,2023-03-25
52611613,2023-04-26
52611613,2023-04-30
52611613,2023-05-20
52611613,2023-05-28
52611613,2023-06-03
52611613,2023-06-09
52611613,2023-06-11
52611613,2023-06-18
52611613,2023-07-02
52611613,2023-07-09
52611613,2023-07-11
52611613,2023-07-24
52611613,2023-07-26
52611613,2023-07-30
52611613,2023-08-12
52611613,2023-08-14
52611613,2023-08-16
52611613,2023-08-23
52611613,2023-08-27
52611613,2023-09-04
52611613,2023-09-10
52611613,2023-09-17
52611613,2023-10-10
52611613,2023-10-18
52611613,2023-11-01
52611613,2023-11-05
52611613,2023-11-12
52611613,2023-11-25
52611613,2023-12-03
52611613,2023-12-21
52611613,2023-12-23
52611613,2023-12-25
52611613,2023-12-29
52611613,2024-01-06
52611613,2024-01-21
52611613,2024-02-10
52611613,2024-03-23
52611613,2024-03-25
52611613,2024-04-01
52611613,2024-04-09
52611613,2024-04-20
52611613,2024-04-29
52611613,2024-05-13
52611613,2024-05-19
52611613,2024-05-27
52611613,2024-06-19
52611613,2024-07-07
52611613,2024-07-11
52611613,2024-07-28
52611613,2024-07-31
52611613,2024-08-11
52611613,2024-08-19
52611613,2024-08-25
52611613,2024-09-02
52611613,2024-10-15
52611613,2024-10-18
52611613,2024-10-28
52611613,2024-11-03
52611613,2024-11-12
52611613,2024-11-16
52611613,2024-11-30
52611613,2024-12-29
52611613,2024-12-31
52611613,2025-02-09
52611613,2025-03-25
52611613,2025-03-31
52611613,2025-04-20
52611613,2025-04-27
52611613,2025-05-11
52611613,2025-05-17
52611613,2025-06-02
52611613,2025-06-09
52611613,2025-06-15
52611613,2025-06-21
52611613,2025-06-29
52611613,2025-07-06
52611613,2025-07-11
52611613,2025-08-30
52611613,2025-09-08
52611613,2025-09-14
52611613,2025-09-28
52611613,2025-10-13
52619545,2021-10-09
52619545,2021-10-17
52619545,2021-10-23
52619545,2021-10-24
52619545,2021-10-31
52619545,2021-11-14
52619545,2021-11-21
52619545,2021-11-26
52619545,2021-12-12
52619545,2021-12-18
52619545,2022-01-16
52619545,2022-05-13
52619545,2022-05-15
52619545,2022-06-05
52619545,2022-06-06
52619545,2022-06-19
52619545,2022-06-25
52619545,2022-06-26
52619545,2022-07-08
52619545,2022-07-14
52619545,2022-07-18
52619545,2022-07-22
52619545,2022-07-24
52619545,2022-07-26
52619545,2022-07-27
52619545,2022-08-28
52619545,2022-09-02
52619545,2022-09-04
52619545,2022-09-08
52619545,2022-09-18
52619545,2022-09-22
52619545,2022-09-26
52619545,2022-09-29
52619545,2022-09-30
52619545,2022-10-01
52619545,2022-10-02
52619545,2022-10-16
52619545,2022-10-26
52619545,2022-11-23
52619545,2022-12-31
52619545,2023-01-05
52619545,2023-02-08
52619545,2023-03-15
52619545,2023-03-18
52619545,2023-03-26
52619545,2023-04-02
52619545,2023-04-24
52619545,2023-05-01
52619545,2023-05-10
52619545,2023-05-14
52619545,2023-05-27
52619545,2023-05-30
52619545,2023-06-22
52619545,2023-07-10
52619545,2023-07-24
52619545,2023-07-28
52619545,2023-07-30
52619545,2023-08-07
52619545,2023-08-13
52619545,2023-08-17
52619545,2023-08-20
52619545,2023-08-25
52619545,2023-09-17
52619545,2023-10-01
52619545,2023-10-08
52619545,2023-10-29
52619545,2023-11-05
52619545,2023-12-08
52619545,2023-12-27
52619545,2024-01-01
52619545,2024-04-01
52619545,2024-04-13
52619545,2024-07-07
52619545,2024-08-25
52619545,2024-09-01
52619545,2024-09-27
52619545,2024-09-29
52619545,2024-10-06
52619545,2024-10-13
52619545,2024-10-19
52619545,2024-10-28
52619545,2024-11-03
52619545,2024-11-24
52619545,2024-12-26
52619545,2025-02-16
52619545,2025-02-26
52619545,2025-03-16
52619545,2025-05-04
52619545,2025-05-17
52619545,2025-06-08
52619545,2025-06-22
52619545,2025-07-17
52619545,2025-07-22
52619545,2025-07-28
52619545,2025-07-30
52619545,2025-08-08
52619545,2025-08-14
52619545,2025-08-16
52619545,2025-08-23
52619545,2025-08-25
52619545,2025-08-31
52619545,2025-09-07
52619545,2025-10-07
52619545,2025-10-12
52619545,2025-10-20
52691284,2021-10-17
52691284,2021-11-07
52691284,2021-11-21
52691284,2021-12-05
52691284,2021-12-20
52691284,2021-12-27
52691284,2021-12-30
52691284,2022-01-02
52691284,2022-01-16
52691284,2022-01-23
52691284,2022-02-13
52691284,2022-02-20
52691284,2022-02-25
52691284,2022-03-20
52691284,2022-05-15
52691284,2022-05-22
52691284,2022-05-30
52691284,2022-06-05
52691284,2022-06-26
52691284,2022-07-03
52691284,2022-07-10
52691284,2022-07-28
52691284,2022-08-07
52691284,2022-08-14
52691284,2022-08-21
52691284,2022-08-28
52691284,2022-09-04
52691284,2022-09-11
52691284,2022-09-25
52691284,2022-10-09
52691284,2022-10-16
52691284,2022-11-06
52691284,2022-11-13
52691284,2022-11-20
52691284,2022-11-25
52691284,2022-12-26
52691284,2023-01-01
52691284,2023-01-08
52691284,2023-02-12
52691284,2023-03-12
52691284,2023-03-20
52691284,2023-03-25
52691284,2023-04-19
52691284,2023-05-14
52691284,2023-05-28
52691284,2023-05-31
52691284,2023-06-12
52691284,2023-07-10
52691284,2023-07-23
52691284,2023-08-26
52691284,2023-09-17
52691284,2023-10-01
52691284,2023-10-09
52691284,2023-10-15
52691284,2023-11-13
52691284,2023-11-24
52691284,2023-12-25
52691284,2024-01-21
52691284,2024-02-11
52691284,2024-02-25
52691284,2024-03-10
52691284,2024-03-23
52691284,2024-03-31
52691284,2024-04-07
52691284,2024-04-21
52691284,2024-05-12
52691284,2024-05-19
52691284,2024-06-02
52691284,2024-06-09
52691284,2024-07-07
52691284,2024-07-14
52691284,2024-07-21
52691284,2024-07-28
52691284,2024-08-18
52691284,2024-09-15
52691284,2024-10-06
52691284,2024-10-13
52691284,2024-10-20
52691284,2024-10-28
52691284,2024-11-16
52691284,2024-12-01
52691284,2024-12-22
52691284,2024-12-26
52691284,2025-02-05
52691284,2025-03-01
52691284,2025-04-27
52691284,2025-05-02
52691284,2025-05-04
52691284,2025-05-07
52691284,2025-05-11
52691284,2025-06-22
52691284,2025-07-06
52691284,2025-07-21
52691284,2025-08-10
52691284,2025-08-17
52691284,2025-09-01
52691284,2025-09-14
52691284,2025-09-28
52691284,2025-10-05
52691284,2025-10-07
52691284,2025-10-12
52836323,2021-12-26
52836323,2022-01-12
52836323,2022-03-08
52836323,2022-03-20
52836323,2022-03-27
52836323,2022-04-09
52836323,2022-04-17
52836323,2022-05-01
52836323,2022-06-18
52836323,2022-06-25
52836323,2022-07-03
52836323,2022-07-08
52836323,2022-07-09
52836323,2022-08-07
52836323,2022-08-20
52836323,2022-08-21
52836323,2022-09-10
52836323,2022-09-16
52836323,2022-09-18
52836323,2022-09-25
52836323,2022-10-25
52836323,2022-10-27
52836323,2022-11-27
52836323,2022-12-31
52836323,2023-02-11
52836323,2023-03-12
52836323,2023-04-17
52836323,2023-04-23
52836323,2023-05-11
52836323,2023-05-14
52836323,2023-05-25
52836323,2023-05-26
52836323,2023-06-18
52836323,2023-07-09
52836323,2023-07-10
52836323,2023-07-12
52836323,2023-07-17
52836323,2023-07-28
52836323,2023-08-06
52836323,2023-08-11
52836323,2023-08-19
52836323,2023-08-20
52836323,2023-09-01
52836323,2023-09-04
52836323,2023-09-10
52836323,2023-09-11
52836323,2023-09-17
52836323,2023-09-30
52836323,2023-10-05
52836323,2023-10-15
52836323,2023-10-22
52836323,2023-10-28
52836323,2023-10-29
52836323,2023-11-26
52836323,2023-12-29
52836323,2024-01-13
52836323,2024-01-20
52836323,2024-02-24
52836323,2024-03-24
52836323,2024-03-31
52836323,2024-04-07
52836323,2024-04-08
52836323,2024-04-14
52836323,2024-04-16
52836323,2024-04-21
52836323,2024-04-28
52836323,2024-05-04
52836323,2024-05-12
52836323,2024-05-18
52836323,2024-05-28
52836323,2024-06-08
52836323,2024-06-10
52836323,2024-06-16
52836323,2024-06-23
52836323,2024-06-30
52836323,2024-07-29
52836323,2024-07-31
52836323,2024-08-15
52836323,2024-09-21
52836323,2024-09-23
52836323,2024-09-29
52836323,2024-10-05
52836323,2024-10-06
52836323,2024-10-14
52836323,2024-11-16
52836323,2025-07-20
52836323,2025-08-02
52836323,2025-10-03
52837196,2021-10-24
52837196,2021-10-29
52837196,2021-10-31
52837196,2021-11-03
52837196,2021-11-05
52837196,2021-11-07
52837196,2021-11-12
52837196,2021-11-14
52837196,2021-11-21
52837196,2021-11-28
52837196,2021-12-05
52837196,2021-12-18
52837196,2021-12-28
52837196,2021-12-29
52837196,2022-01-02
52837196,2022-01-19
52837196,2022-01-20
52837196,2022-02-13
52837196,2022-02-18
52837196,2022-02-20
52837196,2022-02-25
52837196,2022-03-13
52837196,2022-03-18
52837196,2022-03-20
52837196,2022-03-27
52837196,2022-04-02
52837196,2022-04-18
52837196,2022-04-20
52837196,2022-04-24
52837196,2022-05-16
52837196,2022-05-22
52837196,2022-08-12
52837196,2022-08-21
52837196,2022-09-03
52837196,2022-09-23
52837196,2022-10-06
52837196,2022-10-15
52837196,2022-10-19
52837196,2023-02-01
52837196,2023-02-26
52837196,2023-03-27
52837196,2023-04-04
52837196,2023-07-01
52837196,2023-07-09
52837196,2023-07-18
52837196,2023-07-23
52837196,2023-07-31
52837196,2023-08-06
52837196,2023-08-13
52837196,2023-08-18
52837196,2023-08-24
52837196,2023-08-27
52837196,2023-10-16
52837196,2023-10-20
52837196,2023-10-27
52837196,2023-10-29
52837196,2024-01-01
52837196,2024-01-29
52837196,2024-02-19
52837196,2024-02-26
52837196,2024-02-29
52837196,2024-03-30
52837196,2024-04-07
52837196,2024-05-03
52837196,2024-09-02
52837196,2024-09-15
52837196,2024-10-21
52837196,2024-10-29
52837196,2024-11-10
52837196,2024-11-16
52837196,2024-12-27
52837196,2025-01-22
52837196,2025-04-14
52837196,2025-05-15
52837196,2025-05-18
52837196,2025-05-26
52837196,2025-06-23
52837196,2025-06-29
52837196,2025-06-30
52837196,2025-07-06
52837196,2025-07-19
52837196,2025-07-28
52837196,2025-08-03
52837196,2025-08-10
52837196,2025-08-25
52837196,2025-09-07
52837196,2025-09-18
52837196,2025-10-20
52863776,2021-10-28
52863776,2021-10-31
52863776,2021-11-07
52863776,2021-11-13
52863776,2021-11-14
52863776,2021-11-21
52863776,2021-11-23
52863776,2021-11-26
52863776,2021-11-27
52863776,2021-11-28
52863776,2021-12-12
52863776,2021-12-17
52863776,2021-12-24
52863776,2021-12-28
52863776,2021-12-30
52863776,2022-01-15
52863776,2022-01-16
52863776,2022-01-17
52863776,2022-01-23
52863776,2022-01-28
52863776,2022-01-29
52863776,2022-02-06
52863776,2022-02-13
52863776,2022-02-19
52863776,2022-02-21
52863776,2022-03-06
52863776,2022-03-20
52863776,2022-03-27
52863776,2022-04-03
52863776,2022-04-05
52863776,2022-04-09
52863776,2022-04-11
52863776,2022-04-17
52863776,2022-04-24
52863776,2022-04-28
52863776,2022-04-30
52863776,2022-05-04
52863776,2022-05-07
52863776,2022-05-08
52863776,2022-05-13
52863776,2022-05-15
52863776,2022-05-28
52863776,2022-05-29
52863776,2022-06-05
52863776,2022-06-19
52863776,2022-06-25
52863776,2022-06-30
52863776,2022-07-03
52863776,2022-07-09
52863776,2022-07-15
52863776,2022-07-16
52863776,2022-07-17
52863776,2022-07-25
52863776,2022-07-28
52863776,2022-08-05
52863776,2022-08-06
52863776,2022-08-14
52863776,2022-08-21
52863776,2022-08-22
52863776,2022-09-09
52863776,2022-09-11
52863776,2022-09-25
52863776,2022-10-01
52863776,2022-10-09
52863776,2022-10-14
52863776,2022-10-16
52863776,2022-10-29
52863776,2022-11-06
52863776,2022-11-13
52863776,2022-11-14
52863776,2022-11-20
52863776,2022-12-03
52863776,2022-12-06
52863776,2022-12-16
52863776,2022-12-20
52863776,2022-12-21
52863776,2022-12-25
52863776,2023-01-01
52863776,2023-01-08
52863776,2023-01-11
52863776,2023-01-14
52863776,2023-01-16
52863776,2023-01-23
52863776,2023-01-31
52863776,2023-02-05
52863776,2023-02-18
52863776,2023-02-20
52863776,2023-02-26
52863776,2023-03-02
52863776,2023-03-17
52863776,2023-03-27
52863776,2023-03-31
52863776,2023-04-02
52863776,2023-04-04
52863776,2023-04-06
52863776,2023-04-24
52863776,2023-04-30
52863776,2023-05-14
52863776,2023-05-17
52863776,2023-05-18
52863776,2023-05-21
52863776,2023-05-24
52863776,2023-05-29
52863776,2023-05-31
52863776,2023-06-11
52863776,2023-06-14
52863776,2023-06-18
52863776,2023-06-20
52863776,2023-06-23
52863776,2023-07-01
52863776,2023-07-03
52863776,2023-07-05
52863776,2023-07-07
52863776,2023-07-11
52863776,2023-07-12
52863776,2023-07-14
52863776,2023-07-15
52863776,2023-07-25
52863776,2023-08-11
52863776,2023-08-13
52863776,2023-08-16
52863776,2023-08-26
52863776,2023-08-27
52863776,2023-09-09
52863776,2023-09-11
52863776,2023-09-17
52863776,2023-09-24
52863776,2023-10-01
52863776,2023-10-03
52863776,2023-10-20
52863776,2023-10-22
52863776,2023-10-28
52863776,2023-10-29
52863776,2023-11-11
52863776,2023-11-17
52863776,2023-11-18
52863776,2023-11-19
52863776,2023-11-26
52863776,2023-12-31
52863776,2024-01-15
52863776,2024-01-17
52863776,2024-01-21
52863776,2024-02-04
52863776,2024-02-05
52863776,2024-02-10
52863776,2024-02-28
52863776,2024-03-07
52863776,2024-03-13
52863776,2024-03-25
52863776,2024-03-27
52863776,2024-04-02
52863776,2024-04-03
52863776,2024-04-07
52863776,2024-04-08
52863776,2024-04-09
52863776,2024-04-16
52863776,2024-04-19
52863776,2024-04-21
52863776,2024-05-13
52863776,2024-05-23
52863776,2024-05-26
52863776,2024-05-27
52863776,2024-06-01
52863776,2024-06-08
52863776,2024-06-29
52863776,2024-07-05
52863776,2024-07-07
52863776,2024-07-14
52863776,2024-08-10
52863776,2024-08-11
52863776,2024-08-17
52863776,2024-08-23
52863776,2024-08-31
52863776,2024-09-02
52863776,2024-09-10
52863776,2024-09-14
52863776,2024-09-22
52863776,2024-10-03
52863776,2024-10-05
52863776,2024-10-08
52863776,2024-10-11
52863776,2024-10-20
52863776,2024-10-25
52863776,2024-10-27
52863776,2024-11-02
52863776,2024-11-11
52863776,2024-11-24
52863776,2025-01-02
52863776,2025-01-12
52863776,2025-01-19
52863776,2025-01-25
52863776,2025-01-30
52863776,2025-02-05
52863776,2025-02-15
52863776,2025-02-27
52863776,2025-03-13
52863776,2025-03-16
52863776,2025-03-29
52863776,2025-04-11
52863776,2025-04-27
52863776,2025-05-02
52863776,2025-05-03
52863776,2025-05-10
52863776,2025-05-11
52863776,2025-05-18
52863776,2025-05-29
52863776,2025-06-07
52863776,2025-06-08
52863776,2025-06-23
52863776,2025-07-11
52863776,2025-07-13
52863776,2025-07-14
52863776,2025-07-20
52863776,2025-07-25
52863776,2025-07-28
52863776,2025-07-30
52863776,2025-08-03
52863776,2025-08-07
52863776,2025-08-10
52863776,2025-08-11
52863776,2025-08-16
52863776,2025-08-18
52863776,2025-08-19
52863776,2025-08-24
52863776,2025-08-27
52863776,2025-08-30
52863776,2025-08-31
52863776,2025-09-01
52863776,2025-09-07
52863776,2025-09-10
52863776,2025-09-12
52863776,2025-09-14
52863776,2025-10-04
52863776,2025-10-07
52863776,2025-10-11
52863776,2025-10-12
52863776,2025-10-19
52863776,2025-10-21
52863776,2025-10-23
52863776,2025-10-26
52863776,2025-10-31
52863776,2025-11-02
53312101,2021-11-17
53312101,2022-03-04
53312101,2022-04-24
53312101,2022-05-07
53312101,2022-08-03
53312101,2022-08-31
53312101,2022-10-02
53312101,2022-10-06
53312101,2022-10-23
53312101,2022-10-30
53312101,2022-11-06
53312101,2022-11-13
53312101,2022-11-27
53312101,2023-01-04
53312101,2023-02-05
53312101,2023-02-12
53312101,2023-02-18
53312101,2023-02-20
53312101,2023-02-26
53312101,2023-03-12
53312101,2023-03-19
53312101,2023-05-29
53312101,2023-06-08
53312101,2023-06-29
53312101,2023-07-03
53312101,2023-07-09
53312101,2023-07-23
53312101,2023-07-26
53312101,2023-07-27
53312101,2023-07-29
53312101,2023-08-27
53312101,2023-08-29
53312101,2023-09-03
53312101,2023-09-23
53312101,2023-09-24
53312101,2023-10-07
53312101,2023-10-13
53312101,2023-10-20
53312101,2023-11-19
53312101,2023-12-01
53312101,2024-01-14
53312101,2024-02-29
53312101,2024-03-22
53312101,2024-03-24
53312101,2024-03-25
53312101,2024-03-31
53312101,2024-04-05
53312101,2024-04-13
53312101,2024-05-12
53312101,2024-06-09
53312101,2024-07-14
53312101,2024-07-27
53312101,2024-09-01
53312101,2024-11-04
53312101,2024-11-22
53312101,2024-11-29
53312101,2024-12-21
53312101,2025-04-04
53312101,2025-04-22
53312101,2025-04-28
53312101,2025-05-04
53312101,2025-05-17
53312101,2025-05-26
53312101,2025-06-07
53312101,2025-06-14
53312101,2025-06-22
53312101,2025-07-28
53312101,2025-08-26
53312101,2025-09-07
53312101,2025-10-12
53483727,2022-01-03
53483727,2022-01-07
53483727,2022-01-09
53483727,2022-01-28
53483727,2022-02-05
53483727,2022-02-19
53483727,2022-02-26
53483727,2022-03-15
53483727,2022-03-18
53483727,2022-03-20
53483727,2022-03-25
53483727,2022-03-27
53483727,2022-04-02
53483727,2022-04-03
53483727,2022-04-10
53483727,2022-04-16
53483727,2022-04-19
53483727,2022-04-21
53483727,2022-04-24
53483727,2022-05-02
53483727,2022-05-08
53483727,2022-05-13
53483727,2022-05-15
53483727,2022-05-20
53483727,2022-05-22
53483727,2022-05-30
53483727,2022-05-31
53483727,2022-06-01
53483727,2022-06-04
53483727,2022-06-08
53483727,2022-06-12
53483727,2022-06-27
53483727,2022-07-04
53483727,2022-07-30
53483727,2022-08-06
53483727,2022-08-07
53483727,2022-08-08
53483727,2022-08-15
53483727,2022-08-18
53483727,2022-08-21
53483727,2022-08-25
53483727,2022-08-27
53483727,2022-08-28
53483727,2022-09-04
53483727,2022-09-07
53483727,2022-09-11
53483727,2022-09-15
53483727,2022-09-18
53483727,2022-10-01
53483727,2022-10-02
53483727,2022-10-08
53483727,2022-10-16
53483727,2022-10-22
53483727,2022-10-27
53483727,2022-10-30
53483727,2022-11-06
53483727,2022-11-20
53483727,2022-11-27
53483727,2022-12-04
53483727,2022-12-26
53483727,2023-01-15
53483727,2023-01-29
53483727,2023-02-24
53483727,2023-02-25
53483727,2023-03-10
53483727,2023-03-12
53483727,2023-03-20
53483727,2023-03-24
53483727,2023-04-02
53483727,2023-04-14
53483727,2023-04-29
53483727,2023-05-07
53483727,2023-05-27
53483727,2023-05-28
53483727,2023-06-04
53483727,2023-06-11
53483727,2023-06-14
53483727,2023-06-25
53483727,2023-07-04
53483727,2023-07-16
53483727,2023-07-19
53483727,2023-07-23
53483727,2023-07-25
53483727,2023-07-28
53483727,2023-08-11
53483727,2023-08-13
53483727,2023-08-18
53483727,2023-08-25
53483727,2023-09-03
53483727,2023-09-14
53483727,2023-09-19
53483727,2023-10-09
53483727,2023-10-20
53483727,2023-10-26
53483727,2023-12-24
53483727,2023-12-28
53483727,2024-01-13
53483727,2024-01-18
53483727,2024-01-20
53483727,2024-02-11
53483727,2024-02-13
53483727,2024-02-16
53483727,2024-02-17
53483727,2024-02-18
53483727,2024-02-24
53483727,2024-02-25
53483727,2024-03-08
53483727,2024-03-10
53483727,2024-03-17
53483727,2024-04-02
53483727,2024-04-08
53483727,2024-04-09
53483727,2024-04-14
53483727,2024-04-16
53483727,2024-04-21
53483727,2024-05-03
53483727,2024-05-04
53483727,2024-05-14
53483727,2024-05-23
53483727,2024-05-24
53483727,2024-05-26
53483727,2024-06-02
53483727,2024-06-05
53483727,2024-06-16
53483727,2024-06-30
53483727,2024-07-04
53483727,2024-07-06
53483727,2024-07-14
53483727,2024-07-19
53483727,2024-07-23
53483727,2024-07-25
53483727,2024-08-04
53483727,2024-08-12
53483727,2024-08-23
53483727,2024-08-24
53483727,2024-08-25
53483727,2024-09-18
53483727,2024-09-25
53483727,2024-09-29
53483727,2024-10-04
53483727,2024-10-12
53483727,2024-10-13
53483727,2024-10-28
53483727,2024-11-03
53483727,2024-11-10
53483727,2024-11-17
53483727,2024-11-30
53483727,2024-12-07
53483727,2024-12-20
53483727,2025-01-04
53483727,2025-01-08
53483727,2025-01-12
53483727,2025-01-17
53483727,2025-02-16
53483727,2025-02-21
53483727,2025-04-05
53483727,2025-04-06
53483727,2025-04-16
53483727,2025-06-22
53483727,2025-07-08
53483727,2025-07-20
53483727,2025-07-26
53483727,2025-08-04
53483727,2025-08-08
53483727,2025-08-14
53483727,2025-08-20
53483727,2025-08-23
53483727,2025-08-29
53483727,2025-09-01
53483727,2025-09-06
53483727,2025-09-13
53483727,2025-09-25
53567589,2021-12-13
53567589,2021-12-16
53567589,2021-12-18
53567589,2021-12-19
53567589,2021-12-28
53567589,2021-12-31
53567589,2022-01-03
53567589,2022-01-10
53567589,2022-01-19
53567589,2022-01-23
53567589,2022-01-24
53567589,2022-01-29
53567589,2022-01-30
53567589,2022-01-31
53567589,2022-02-02
53567589,2022-02-03
53567589,2022-02-06
53567589,2022-02-12
53567589,2022-02-18
53567589,2022-02-20
53567589,2022-02-23
53567589,2022-02-26
53567589,2022-03-13
53567589,2022-03-15
53567589,2022-03-21
53567589,2022-03-27
53567589,2022-03-28
53567589,2022-04-20
53567589,2022-04-22
53567589,2022-04-25
53567589,2022-04-27
53567589,2022-05-05
53567589,2022-05-08
53567589,2022-05-10
53567589,2022-05-11
53567589,2022-05-16
53567589,2022-05-18
53567589,2022-05-21
53567589,2022-05-22
53567589,2022-05-23
53567589,2022-05-28
53567589,2022-05-29
53567589,2022-06-04
53567589,2022-06-12
53567589,2022-06-13
53567589,2022-06-19
53567589,2022-06-20
53567589,2022-06-24
53567589,2022-07-01
53567589,2022-07-03
53567589,2022-07-09
53567589,2022-07-10
53567589,2022-07-16
53567589,2022-07-24
53567589,2022-07-27
53567589,2022-08-02
53567589,2022-08-09
53567589,2022-08-16
53567589,2022-08-18
53567589,2022-08-21
53567589,2022-08-22
53567589,2022-08-24
53567589,2022-08-27
53567589,2022-08-29
53567589,2022-08-30
53567589,2022-08-31
53567589,2022-09-07
53567589,2022-09-12
53567589,2022-09-15
53567589,2022-09-19
53567589,2022-09-26
53567589,2022-10-01
53567589,2022-10-02
53567589,2022-10-03
53567589,2022-10-05
53567589,2022-10-06
53567589,2022-10-07
53567589,2022-10-09
53567589,2022-10-11
53567589,2022-10-16
53567589,2022-10-28
53567589,2022-10-31
53567589,2022-11-02
53567589,2022-11-06
53567589,2022-11-12
53567589,2022-11-14
53567589,2022-11-18
53567589,2022-11-19
53567589,2022-11-21
53567589,2022-11-27
53567589,2022-11-28
53567589,2022-12-03
53567589,2022-12-16
53567589,2022-12-22
53567589,2022-12-27
53567589,2023-01-17
53567589,2023-01-20
53567589,2023-01-22
53567589,2023-02-03
53567589,2023-02-04
53567589,2023-02-09
53567589,2023-02-17
53567589,2023-02-19
53567589,2023-02-20
53567589,2023-02-22
53567589,2023-02-26
53567589,2023-02-28
53567589,2023-03-09
53567589,2023-03-11
53567589,2023-03-12
53567589,2023-03-13
53567589,2023-03-20
53567589,2023-03-26
53567589,2023-04-01
53567589,2023-04-02
53567589,2023-04-03
53567589,2023-04-08
53567589,2023-04-09
53567589,2023-04-13
53567589,2023-04-20
53567589,2023-04-22
53567589,2023-05-13
53567589,2023-05-14
53567589,2023-05-15
53567589,2023-05-17
53567589,2023-05-22
53567589,2023-05-27
53567589,2023-06-01
53567589,2023-06-06
53567589,2023-06-12
53567589,2023-06-19
53567589,2023-06-28
53567589,2023-07-03
53567589,2023-07-09
53567589,2023-07-16
53567589,2023-07-23
53567589,2023-07-28
53567589,2023-08-01
53567589,2023-08-05
53567589,2023-08-12
53567589,2023-08-13
53567589,2023-08-18
53567589,2023-08-26
53567589,2023-09-03
53567589,2023-09-04
53567589,2023-09-16
53567589,2023-09-17
53567589,2023-09-22
53567589,2023-09-23
53567589,2023-09-24
53567589,2023-09-26
53567589,2023-09-29
53567589,2023-09-30
53567589,2023-10-06
53567589,2023-10-10
53567589,2023-10-22
53567589,2023-10-24
53567589,2023-10-31
53567589,2023-11-05
53567589,2023-11-09
53567589,2023-11-19
53567589,2023-11-28
53567589,2023-12-03
53567589,2023-12-10
53567589,2023-12-17
53567589,2023-12-23
53567589,2023-12-27
53567589,2023-12-31
53567589,2024-01-01
53567589,2024-01-07
53567589,2024-01-27
53567589,2024-01-29
53567589,2024-02-11
53567589,2024-02-12
53567589,2024-02-19
53567589,2024-02-25
53567589,2024-02-29
53567589,2024-03-02
53567589,2024-03-08
53567589,2024-03-10
53567589,2024-03-13
53567589,2024-03-17
53567589,2024-03-22
53567589,2024-04-02
53567589,2024-04-03
53567589,2024-04-06
53567589,2024-04-07
53567589,2024-04-08
53567589,2024-04-14
53567589,2024-04-16
53567589,2024-04-17
53567589,2024-04-20
53567589,2024-04-21
53567589,2024-04-24
53567589,2024-04-28
53567589,2024-05-02
53567589,2024-05-04
53567589,2024-05-11
53567589,2024-05-12
53567589,2024-05-14
53567589,2024-05-15
53567589,2024-05-16
53567589,2024-05-19
53567589,2024-05-24
53567589,2024-05-27
53567589,2024-06-08
53567589,2024-06-13
53567589,2024-06-16
53567589,2024-06-19
53567589,2024-06-25
53567589,2024-06-30
53567589,2024-07-06
53567589,2024-07-08
53567589,2024-07-11
53567589,2024-07-12
53567589,2024-07-14
53567589,2024-07-21
53567589,2024-08-01
53567589,2024-08-03
53567589,2024-08-18
53567589,2024-08-21
53567589,2024-08-25
53567589,2024-09-08
53567589,2024-09-15
53567589,2024-09-17
53567589,2024-09-20
53567589,2024-09-23
53567589,2024-10-06
53567589,2024-10-23
53567589,2024-10-29
53567589,2024-11-16
53567589,2024-11-20
53567589,2024-11-22
53567589,2024-11-23
53567589,2024-11-29
53567589,2024-12-01
53567589,2024-12-06
53567589,2024-12-09
53567589,2024-12-14
53567589,2025-01-01
53567589,2025-01-03
53567589,2025-01-05
53567589,2025-01-07
53567589,2025-01-12
53567589,2025-01-15
53567589,2025-01-19
53567589,2025-02-06
53567589,2025-02-14
53567589,2025-02-16
53567589,2025-02-23
53567589,2025-03-08
53567589,2025-03-09
53567589,2025-03-16
53567589,2025-03-23
53567589,2025-03-28
53567589,2025-03-30
53567589,2025-03-31
53567589,2025-04-06
53567589,2025-04-14
53567589,2025-04-20
53567589,2025-05-03
53567589,2025-05-10
53567589,2025-05-15
53567589,2025-05-18
53567589,2025-05-24
53567589,2025-05-31
53567589,2025-06-01
53567589,2025-06-06
53567589,2025-06-08
53567589,2025-06-21
53567589,2025-06-22
53567589,2025-06-27
53567589,2025-06-29
53567589,2025-07-02
53567589,2025-07-16
53567589,2025-07-21
53567589,2025-08-10
53567589,2025-08-15
53567589,2025-08-17
53567589,2025-08-21
53567589,2025-08-30
53567589,2025-09-01
53567589,2025-09-11
53567589,2025-09-14
53567589,2025-09-17
53567589,2025-09-22
53567589,2025-09-28
53567589,2025-10-05
53567589,2025-10-12
53567589,2025-10-14
53567589,2025-10-23
53567589,2025-10-26
53645427,2021-12-12
53645427,2021-12-27
53645427,2021-12-30
53645427,2022-01-02
53645427,2022-02-28
53645427,2022-03-12
53645427,2022-03-14
53645427,2022-03-18
53645427,2022-03-25
53645427,2022-03-28
53645427,2022-04-10
53645427,2022-05-02
53645427,2022-05-04
53645427,2022-05-06
53645427,2022-05-17
53645427,2022-05-22
53645427,2022-05-30
53645427,2022-06-05
53645427,2022-06-10
53645427,2022-06-22
53645427,2022-07-04
53645427,2022-07-11
53645427,2022-07-21
53645427,2022-07-25
53645427,2022-07-29
53645427,2022-08-14
53645427,2022-08-17
53645427,2022-08-22
53645427,2022-08-28
53645427,2022-08-31
53645427,2022-09-15
53645427,2022-09-19
53645427,2022-10-02
53645427,2022-10-06
53645427,2022-10-10
53645427,2022-10-11
53645427,2022-10-17
53645427,2022-10-23
53645427,2022-10-28
53645427,2022-11-26
53645427,2022-12-01
53645427,2023-01-09
53645427,2023-01-19
53645427,2023-02-26
53645427,2023-03-09
53645427,2023-03-19
53645427,2023-03-26
53645427,2023-04-29
53645427,2023-05-02
53645427,2023-05-07
53645427,2023-05-08
53645427,2023-05-14
53645427,2023-05-22
53645427,2023-05-31
53645427,2023-06-06
53645427,2023-06-11
53645427,2023-06-19
53645427,2023-06-25
53645427,2023-06-28
53645427,2023-07-04
53645427,2023-07-09
53645427,2023-07-26
53645427,2023-08-10
53645427,2023-08-11
53645427,2023-08-13
53645427,2023-08-20
53645427,2023-09-26
53645427,2023-10-06
53645427,2023-10-23
53645427,2023-10-26
53645427,2023-10-29
53645427,2023-11-06
53645427,2023-12-23
53645427,2023-12-26
53645427,2024-01-01
53645427,2024-02-26
53645427,2024-03-08
53645427,2024-03-18
53645427,2024-03-23
53645427,2024-03-25
53645427,2024-04-01
53645427,2024-04-02
53645427,2024-04-08
53645427,2024-04-14
53645427,2024-04-26
53645427,2024-05-08
53645427,2024-05-17
53645427,2024-05-19
53645427,2024-05-21
53645427,2024-05-27
53645427,2024-06-13
53645427,2024-06-28
53645427,2024-07-02
53645427,2024-07-07
53645427,2024-07-10
53645427,2024-07-14
53645427,2024-07-19
53645427,2024-08-08
53645427,2024-08-25
53645427,2024-09-08
53645427,2024-09-29
53645427,2024-10-05
53645427,2024-10-11
53645427,2024-10-13
53645427,2024-10-20
53645427,2024-10-26
53645427,2024-11-30
53645427,2024-12-07
53645427,2024-12-26
53645427,2024-12-31
53645427,2025-01-03
53645427,2025-01-19
53645427,2025-02-18
53645427,2025-02-26
53645427,2025-03-02
53645427,2025-03-17
53645427,2025-05-08
53645427,2025-05-21
53645427,2025-05-25
53645427,2025-06-10
53645427,2025-06-22
53645427,2025-07-06
53645427,2025-07-13
53645427,2025-07-18
53645427,2025-08-10
53645427,2025-08-12
53645427,2025-08-15
53645427,2025-09-01
53645427,2025-09-05
53645427,2025-09-29
53645427,2025-10-07
53645427,2025-10-09
53645427,2025-10-13
53645427,2025-10-17
53860077,2022-03-19
53860077,2022-04-28
53860077,2022-05-04
53860077,2022-07-17
53860077,2022-08-19
53860077,2022-08-26
53860077,2022-12-31
53860077,2023-01-04
53860077,2023-02-12
53860077,2023-02-20
53860077,2023-02-27
53860077,2023-03-17
53860077,2023-08-29
53860077,2023-10-08
53860077,2023-10-17
53860077,2023-11-18
53860077,2024-03-08
53860077,2024-03-10
53860077,2024-03-30
53860077,2024-04-12
53860077,2024-04-17
53860077,2024-08-18
53860077,2024-08-22
53860077,2024-08-24
53860077,2024-08-25
53860077,2024-09-02
53860077,2024-09-07
53860077,2024-10-28
53860077,2024-11-07
53860077,2024-11-11
53860077,2024-11-30
53860077,2024-12-01
53860077,2024-12-07
53860077,2024-12-08
53860077,2024-12-10
53860077,2025-02-16
53860077,2025-03-22
53860077,2025-03-30
53860077,2025-04-13
53860077,2025-04-14
53860077,2025-06-30
53860077,2025-07-28
53860077,2025-08-04
53860077,2025-08-06
53860077,2025-08-10
53860077,2025-08-13
53860077,2025-08-17
53860077,2025-08-20
53860077,2025-09-12
53860077,2025-09-21
53860077,2025-10-22
53971505,2022-02-28
53971505,2022-04-30
53971505,2022-12-31
54126420,2022-06-12
54126420,2022-06-26
54126420,2022-07-02
54126420,2022-07-04
54126420,2022-07-21
54126420,2022-07-25
54126420,2022-07-31
54126420,2022-08-07
54126420,2022-08-13
54126420,2022-08-14
54126420,2022-08-20
54126420,2022-08-21
54126420,2022-08-26
54126420,2022-08-28
54126420,2022-09-02
54126420,2022-09-09
54126420,2022-09-10
54126420,2022-09-11
54126420,2022-09-18
54126420,2022-10-01
54126420,2022-10-02
54126420,2022-10-06
54126420,2022-10-08
54126420,2022-10-09
54126420,2022-10-15
54126420,2022-10-16
54126420,2022-10-20
54126420,2022-10-23
54126420,2022-10-24
54126420,2022-10-28
54126420,2022-10-30
54126420,2022-11-09
54126420,2022-11-13
54126420,2022-11-17
54126420,2022-11-22
54126420,2022-11-25
54126420,2022-11-27
54126420,2022-12-04
54126420,2022-12-16
54126420,2023-01-16
54126420,2023-01-22
54126420,2023-02-06
54126420,2023-02-11
54126420,2023-02-19
54126420,2023-02-26
54126420,2023-03-28
54126420,2023-04-02
54126420,2023-04-09
54126420,2023-04-17
54126420,2023-04-20
54126420,2023-04-23
54126420,2023-04-27
54126420,2023-05-09
54126420,2023-05-10
54126420,2023-05-27
54126420,2023-09-04
54126420,2023-10-01
54126420,2023-10-11
54126420,2023-10-31
54126420,2023-12-17
54126420,2023-12-20
54126420,2024-01-02
54126420,2024-01-15
54126420,2024-01-22
54126420,2024-02-04
54126420,2024-02-18
54126420,2024-03-01
54126420,2024-03-07
54126420,2024-03-11
54126420,2024-03-15
54126420,2024-03-21
54126420,2024-04-07
54126420,2024-04-08
54126420,2024-04-12
54126420,2024-05-02
54126420,2024-05-17
54126420,2024-05-20
54126420,2024-05-24
54126420,2024-08-04
54126420,2024-08-22
54126420,2024-08-23
54126420,2024-08-29
54126420,2024-09-01
54126420,2024-09-03
54126420,2024-09-16
54126420,2024-09-22
54126420,2024-09-27
54126420,2024-10-03
54126420,2024-10-14
54126420,2024-10-25
54126420,2024-11-02
54126420,2024-11-09
54126420,2024-11-23
54126420,2024-12-07
54126420,2024-12-09
54126420,2024-12-26
54126420,2025-01-06
54126420,2025-02-08
54126420,2025-02-15
54126420,2025-02-21
54126420,2025-04-05
54126420,2025-04-17
54126420,2025-04-24
54126420,2025-04-30
54126420,2025-05-08
54126420,2025-06-28
54126420,2025-07-15
54126420,2025-07-18
54126420,2025-07-25
54126420,2025-07-31
54126420,2025-08-01
54126420,2025-08-02
54126420,2025-08-03
54126420,2025-08-16
54126420,2025-08-28
54126420,2025-09-21
54126420,2025-09-22
54126420,2025-09-26
54126421,2022-03-27
54126421,2022-03-30
54126421,2022-04-08
54126421,2022-04-11
54126421,2022-04-17
54126421,2022-04-20
54126421,2022-04-24
54126421,2022-04-29
54126421,2022-05-01
54126421,2022-05-08
54126421,2022-05-13
54126421,2022-05-15
54126421,2022-05-20
54126421,2022-05-23
54126421,2022-06-11
54126421,2022-07-31
54126421,2022-08-14
54126421,2022-08-21
54126421,2022-08-31
54126421,2022-09-05
54126421,2022-09-18
54126421,2022-09-19
54126421,2022-10-01
54126421,2022-10-02
54126421,2022-10-10
54126421,2022-10-12
54126421,2022-12-08
54126421,2022-12-31
54126421,2023-01-19
54126421,2023-02-01
54126421,2023-02-23
54126421,2023-02-26
54126421,2023-04-15
54126421,2023-08-05
54126421,2023-09-05
54126421,2023-09-18
54126421,2023-09-21
54126421,2023-09-23
54126421,2023-09-24
54126421,2023-09-26
54126421,2023-09-29
54126421,2023-10-01
54126421,2023-10-09
54126421,2023-10-13
54126421,2023-10-14
54126421,2023-10-21
54126421,2023-10-23
54126421,2023-10-28
54126421,2023-10-30
54126421,2023-11-03
54126421,2023-11-05
54126421,2023-11-06
54126421,2023-11-21
54126421,2024-02-04
54126421,2024-02-17
54126421,2024-02-18
54126421,2024-03-13
54126421,2024-03-21
54126421,2024-03-26
54126421,2024-04-02
54126421,2024-09-01
54126421,2024-09-12
54126421,2024-10-25
54126421,2024-10-28
54126421,2025-01-23
54126421,2025-02-09
54126421,2025-02-15
54126421,2025-03-03
54126421,2025-03-12
54126421,2025-07-14
54126421,2025-07-25
54126421,2025-08-03
54126421,2025-08-18
54126421,2025-09-13
54126421,2025-09-22
54126421,2025-10-01
54126421,2025-10-10
54126421,2025-10-12
54126421,2025-10-17
54126421,2025-11-02
54126427,2022-01-08
54126427,2022-01-09
54126427,2022-01-13
54126427,2022-01-15
54126427,2022-01-16
54126427,2022-01-20
54126427,2022-02-11
54126427,2022-02-15
54126427,2022-02-18
54126427,2022-02-19
54126427,2022-02-21
54126427,2022-02-26
54126427,2022-02-28
54126427,2022-03-04
54126427,2022-03-06
54126427,2022-03-09
54126427,2022-03-11
54126427,2022-03-18
54126427,2022-03-20
54126427,2022-03-24
54126427,2022-03-27
54126427,2022-03-30
54126427,2022-04-01
54126427,2022-04-02
54126427,2022-04-04
54126427,2022-04-07
54126427,2022-04-11
54126427,2022-04-14
54126427,2022-04-26
54126427,2022-04-29
54126427,2022-04-30
54126427,2022-05-01
54126427,2022-05-08
54126427,2022-05-13
54126427,2022-05-15
54126427,2022-05-17
54126427,2022-05-21
54126427,2022-05-22
54126427,2022-05-25
54126427,2022-05-30
54126427,2022-06-03
54126427,2022-06-11
54126427,2022-06-12
54126427,2022-06-17
54126427,2022-06-18
54126427,2022-06-19
54126427,2022-06-21
54126427,2022-06-22
54126427,2022-06-23
54126427,2022-06-30
54126427,2022-07-01
54126427,2022-07-04
54126427,2022-07-05
54126427,2022-07-10
54126427,2022-07-13
54126427,2022-07-20
54126427,2022-07-21
54126427,2022-07-23
54126427,2022-07-30
54126427,2022-08-01
54126427,2022-08-04
54126427,2022-08-11
54126427,2022-08-13
54126427,2022-08-14
54126427,2022-08-15
54126427,2022-08-16
54126427,2022-08-21
54126427,2022-08-28
54126427,2022-08-29
54126427,2022-09-01
54126427,2022-09-04
54126427,2022-09-11
54126427,2022-09-18
54126427,2022-09-21
54126427,2022-09-25
54126427,2022-09-29
54126427,2022-09-30
54126427,2022-10-01
54126427,2022-10-02
54126427,2022-10-04
54126427,2022-10-07
54126427,2022-10-08
54126427,2022-10-17
54126427,2022-10-29
54126427,2022-11-04
54126427,2022-11-05
54126427,2022-11-06
54126427,2022-11-13
54126427,2022-11-14
54126427,2022-11-22
54126427,2022-11-24
54126427,2022-11-27
54126427,2022-12-04
54126427,2022-12-11
54126427,2022-12-17
54126427,2022-12-26
54126427,2023-02-01
54126427,2023-05-11
54126427,2023-09-01
54126427,2024-01-01
54126427,2024-01-14
54126427,2024-04-08
54126427,2024-10-02
54126427,2024-10-04
54126427,2024-10-11
54126427,2024-10-14
54126427,2024-10-21
54126427,2024-10-27
54126427,2024-10-31
54126427,2024-11-07
54126427,2024-11-18
54126427,2024-12-04
54126427,2024-12-08
54126427,2024-12-12
54126427,2025-01-12
54126427,2025-01-16
54126427,2025-01-26
54126427,2025-02-02
54126427,2025-02-15
54126427,2025-02-16
54126427,2025-02-18
54126427,2025-02-23
54126427,2025-02-27
54126427,2025-03-08
54126427,2025-03-09
54126427,2025-03-13
54126427,2025-03-17
54126427,2025-03-23
54126427,2025-04-06
54126427,2025-04-07
54126427,2025-04-27
54126427,2025-05-19
54126427,2025-05-23
54126427,2025-06-03
54126427,2025-06-14
54126427,2025-06-15
54126427,2025-06-20
54126427,2025-06-21
54126427,2025-06-24
54126427,2025-07-03
54126427,2025-07-09
54126427,2025-07-16
54126427,2025-07-23
54126427,2025-07-30
54126427,2025-08-03
54126427,2025-08-13
54126427,2025-08-20
54126427,2025-08-24
54126427,2025-09-03
54126427,2025-09-06
54126427,2025-09-12
54126427,2025-09-13
54126427,2025-09-16
54126427,2025-09-24
54126427,2025-09-29
54126427,2025-10-01
54126427,2025-10-05
54126427,2025-10-15
54126427,2025-10-16
54126427,2025-10-17
54126427,2025-10-26
54126427,2025-10-28
54126427,2025-10-30
54126427,2025-11-02
54128829,2022-02-20
54128829,2022-02-27
54128829,2022-03-02
54128829,2022-03-05
54128829,2022-03-06
54128829,2022-03-08
54128829,2022-03-13
54128829,2022-03-18
54128829,2022-03-20
54128829,2022-03-22
54128829,2022-03-24
54128829,2022-03-26
54128829,2022-03-27
54128829,2022-03-30
54128829,2022-03-31
54128829,2022-04-02
54128829,2022-04-03
54128829,2022-04-05
54128829,2022-04-15
54128829,2022-04-19
54128829,2022-04-21
54128829,2022-04-24
54128829,2022-04-25
54128829,2022-04-29
54128829,2022-05-05
54128829,2022-05-08
54128829,2022-05-11
54128829,2022-05-21
54128829,2022-05-23
54128829,2022-05-26
54128829,2022-05-30
54128829,2022-06-04
54128829,2022-06-05
54128829,2022-06-06
54128829,2022-06-11
54128829,2022-06-12
54128829,2022-06-15
54128829,2022-06-17
54128829,2022-06-18
54128829,2022-06-19
54128829,2022-06-21
54128829,2022-06-23
54128829,2022-06-26
54128829,2022-06-27
54128829,2022-06-28
54128829,2022-07-09
54128829,2022-07-12
54128829,2022-07-14
54128829,2022-07-15
54128829,2022-07-16
54128829,2022-07-17
54128829,2022-07-18
54128829,2022-07-19
54128829,2022-07-21
54128829,2022-07-25
54128829,2022-07-28
54128829,2022-07-30
54128829,2022-07-31
54128829,2022-08-01
54128829,2022-08-05
54128829,2022-08-06
54128829,2022-08-12
54128829,2022-08-25
54128829,2022-08-27
54128829,2022-08-28
54128829,2022-09-04
54128829,2022-09-05
54128829,2022-09-22
54128829,2022-09-24
54128829,2022-09-25
54128829,2022-09-30
54128829,2022-10-02
54128829,2022-10-07
54128829,2022-10-09
54128829,2022-10-14
54128829,2022-10-16
54128829,2022-10-19
54128829,2022-10-22
54128829,2022-10-23
54128829,2022-10-26
54128829,2022-10-30
54128829,2022-11-04
54128829,2022-11-06
54128829,2022-11-11
54128829,2022-11-12
54128829,2022-11-13
54128829,2022-11-23
54128829,2022-11-27
54128829,2022-11-29
54128829,2022-12-04
54128829,2022-12-10
54128829,2022-12-23
54128829,2022-12-26
54128829,2022-12-30
54128829,2023-01-02
54128829,2023-01-03
54128829,2023-01-08
54128829,2023-01-11
54128829,2023-01-12
54128829,2023-01-19
54128829,2023-01-22
54128829,2023-01-29
54128829,2023-02-08
54128829,2023-02-11
54128829,2023-02-19
54128829,2023-02-20
54128829,2023-02-23
54128829,2023-02-26
54128829,2023-03-01
54128829,2023-03-04
54128829,2023-03-07
54128829,2023-03-19
54128829,2023-03-21
54128829,2023-03-24
54128829,2023-03-26
54128829,2023-03-28
54128829,2023-04-01
54128829,2023-04-13
54128829,2023-04-16
54128829,2023-04-22
54128829,2023-04-29
54128829,2023-04-30
54128829,2023-05-07
54128829,2023-05-22
54128829,2023-05-27
54128829,2023-05-28
54128829,2023-05-30
54128829,2023-05-31
54128829,2023-06-11
54128829,2023-06-18
54128829,2023-06-22
54128829,2023-06-30
54128829,2023-07-02
54128829,2023-07-05
54128829,2023-07-19
54128829,2023-07-27
54128829,2023-07-28
54128829,2023-07-31
54128829,2023-08-02
54128829,2023-08-03
54128829,2023-08-05
54128829,2023-08-06
54128829,2023-08-07
54128829,2023-08-10
54128829,2023-08-12
54128829,2023-08-13
54128829,2023-08-16
54128829,2023-08-18
54128829,2023-08-19
54128829,2023-08-20
54128829,2023-08-25
54128829,2023-08-29
54128829,2023-08-31
54128829,2023-09-02
54128829,2023-09-03
54128829,2023-09-05
54128829,2023-09-10
54128829,2023-09-12
54128829,2023-09-15
54128829,2023-09-16
54128829,2023-09-24
54128829,2023-09-30
54128829,2023-10-01
54128829,2023-10-03
54128829,2023-10-06
54128829,2023-10-07
54128829,2023-10-08
54128829,2023-10-12
54128829,2023-10-14
54128829,2023-10-15
54128829,2023-10-28
54128829,2023-10-29
54128829,2023-11-05
54128829,2023-11-08
54128829,2023-11-10
54128829,2023-11-17
54128829,2023-12-03
54128829,2023-12-13
54128829,2023-12-15
54128829,2023-12-18
54128829,2023-12-27
54128829,2023-12-29
54128829,2024-01-08
54128829,2024-01-15
54128829,2024-01-21
54128829,2024-01-27
54128829,2024-02-03
54128829,2024-02-11
54128829,2024-02-29
54128829,2024-03-03
54128829,2024-03-16
54128829,2024-03-17
54128829,2024-03-24
54128829,2024-04-02
54128829,2024-04-12
54128829,2024-04-16
54128829,2024-04-27
54128829,2024-05-05
54128829,2024-05-17
54128829,2024-05-19
54128829,2024-05-22
54128829,2024-05-26
54128829,2024-05-28
54128829,2024-06-11
54128829,2024-06-19
54128829,2024-06-23
54128829,2024-07-07
54128829,2024-07-28
54128829,2024-08-04
54128829,2024-08-08
54128829,2024-08-11
54128829,2024-08-15
54128829,2024-08-16
54128829,2024-08-21
54128829,2024-08-23
54128829,2024-08-30
54128829,2024-09-22
54128829,2024-09-27
54128829,2024-10-04
54128829,2024-10-13
54128829,2024-10-15
54128829,2024-10-19
54128829,2024-11-02
54128829,2024-11-03
54128829,2024-11-05
54128829,2024-11-09
54128829,2024-12-03
54128829,2025-01-01
54128829,2025-01-18
54128829,2025-02-01
54128829,2025-02-02
54128829,2025-02-04
54128829,2025-02-09
54128829,2025-02-23
54128829,2025-02-26
54128829,2025-03-02
54128829,2025-03-04
54128829,2025-03-16
54128829,2025-03-21
54128829,2025-03-23
54128829,2025-03-30
54128829,2025-05-03
54128829,2025-05-18
54128829,2025-06-01
54128829,2025-06-04
54128829,2025-06-18
54128829,2025-06-21
54128829,2025-07-04
54128829,2025-07-06
54128829,2025-07-13
54128829,2025-07-19
54128829,2025-07-20
54128829,2025-07-22
54128829,2025-08-01
54128829,2025-08-07
54128829,2025-08-24
54128829,2025-08-30
54128829,2025-09-06
54128829,2025-09-13
54128829,2025-09-20
54128829,2025-09-27
54128829,2025-09-28
54128829,2025-10-17
54128829,2025-10-19
54150131,2022-03-20
54150131,2022-03-27
54150131,2022-04-03
54150131,2022-04-10
54150131,2022-04-17
54150131,2022-05-01
54150131,2022-05-15
54150131,2022-05-22
54150131,2022-05-30
54150131,2022-06-12
54150131,2022-06-19
54150131,2022-06-27
54150131,2022-07-29
54150131,2022-08-07
54150131,2022-08-15
54150131,2022-08-21
54150131,2022-08-29
54150131,2022-09-25
54150131,2022-10-02
54150131,2022-10-16
54150131,2022-10-22
54150131,2022-10-28
54150131,2022-10-30
54150131,2022-11-03
54150131,2022-11-06
54150131,2022-11-14
54150131,2022-11-19
54150131,2022-11-21
54150131,2022-11-27
54150131,2022-12-04
54150131,2022-12-08
54150131,2022-12-12
54150131,2022-12-21
54150131,2022-12-26
54150131,2022-12-30
54150131,2023-01-06
54150131,2023-01-16
54150131,2023-01-22
54150131,2023-01-25
54150131,2023-01-29
54150131,2023-02-05
54150131,2023-02-09
54150131,2023-02-12
54150131,2023-02-19
54150131,2023-02-22
54150131,2023-02-25
54150131,2023-02-26
54150131,2023-03-04
54150131,2023-03-12
54150131,2023-03-20
54150131,2023-03-24
54150131,2023-03-26
54150131,2023-03-27
54150131,2023-04-03
54150131,2023-04-05
54150131,2023-04-09
54150131,2023-04-12
54150131,2023-04-18
54150131,2023-04-22
54150131,2023-04-23
54150131,2023-04-29
54150131,2023-05-07
54150131,2023-05-14
54150131,2023-05-22
54150131,2023-05-27
54150131,2023-05-28
54150131,2023-05-29
54150131,2023-06-04
54150131,2023-06-07
54150131,2023-06-11
54150131,2023-06-15
54150131,2023-06-17
54150131,2023-06-18
54150131,2023-06-20
54150131,2023-06-22
54150131,2023-06-24
54150131,2023-06-26
54150131,2023-07-01
54150131,2023-07-09
54150131,2023-07-16
54150131,2023-07-19
54150131,2023-07-23
54150131,2023-07-29
54150131,2023-08-31
54150131,2023-09-04
54150131,2023-09-05
54150131,2023-09-10
54150131,2023-09-23
54150131,2023-09-29
54150131,2023-10-01
54150131,2023-10-07
54150131,2023-10-08
54150131,2023-10-09
54150131,2023-10-13
54150131,2023-10-15
54150131,2023-10-18
54150131,2023-10-22
54150131,2023-11-04
54150131,2023-11-05
54150131,2023-11-12
54150131,2023-11-13
54150131,2023-11-19
54150131,2023-11-24
54150131,2023-11-26
54150131,2023-12-10
54150131,2023-12-11
54150131,2023-12-23
54150131,2023-12-26
54150131,2023-12-29
54150131,2023-12-30
54150131,2024-01-01
54150131,2024-01-30
54150131,2024-02-03
54150131,2024-02-04
54150131,2024-02-11
54150131,2024-02-13
54150131,2024-02-20
54150131,2024-02-25
54150131,2024-03-05
54150131,2024-03-08
54150131,2024-03-10
54150131,2024-03-17
54150131,2024-03-23
54150131,2024-03-24
54150131,2024-03-25
54150131,2024-04-02
54150131,2024-04-04
54150131,2024-04-14
54150131,2024-04-16
54150131,2024-04-18
54150131,2024-04-21
54150131,2024-04-28
54150131,2024-05-04
54150131,2024-05-05
54150131,2024-05-12
54150131,2024-05-16
54150131,2024-05-19
54150131,2024-05-23
54150131,2024-05-25
54150131,2024-06-02
54150131,2024-06-03
54150131,2024-06-06
54150131,2024-06-13
54150131,2024-06-16
54150131,2024-06-25
54150131,2024-06-29
54150131,2024-06-30
54150131,2024-07-06
54150131,2024-07-11
54150131,2024-07-14
54150131,2024-07-18
54150131,2024-07-20
54150131,2024-07-21
54150131,2024-07-22
54150131,2024-07-24
54150131,2024-07-26
54150131,2024-08-08
54150131,2024-08-11
54150131,2024-08-16
54150131,2024-08-18
54150131,2024-08-19
54150131,2024-08-25
54150131,2024-08-28
54150131,2024-08-31
54150131,2024-09-07
54150131,2024-09-08
54150131,2024-09-15
54150131,2024-09-21
54150131,2024-09-22
54150131,2024-09-25
54150131,2024-10-05
54150131,2024-10-06
54150131,2024-10-09
54150131,2024-10-13
54150131,2024-10-14
54150131,2024-10-17
54150131,2024-10-23
54150131,2024-10-26
54150131,2024-10-27
54150131,2024-10-28
54150131,2024-11-03
54150131,2024-11-10
54150131,2024-11-22
54150131,2024-11-30
54150131,2024-12-07
54150131,2024-12-08
54150131,2024-12-22
54150131,2024-12-27
54150131,2024-12-29
54150131,2025-01-05
54150131,2025-01-11
54150131,2025-01-14
54150131,2025-01-17
54150131,2025-01-18
54150131,2025-01-19
54150131,2025-01-21
54150131,2025-01-31
54150131,2025-02-01
54150131,2025-02-02
54150131,2025-02-04
54150131,2025-02-16
54150131,2025-02-18
54150131,2025-02-23
54150131,2025-02-27
54150131,2025-03-02
54150131,2025-03-03
54150131,2025-03-07
54150131,2025-03-09
54150131,2025-03-16
54150131,2025-03-18
54150131,2025-03-26
54150131,2025-04-06
54150131,2025-04-13
54150131,2025-04-17
54150131,2025-04-27
54150131,2025-04-30
54150131,2025-05-04
54150131,2025-05-08
54150131,2025-05-11
54150131,2025-05-12
54150131,2025-05-19
54150131,2025-05-21
54150131,2025-05-24
54150131,2025-05-25
54150131,2025-06-10
54150131,2025-06-15
54150131,2025-06-21
54150131,2025-07-06
54150131,2025-07-20
54150131,2025-07-26
54150131,2025-07-28
54150131,2025-08-03
54150131,2025-08-08
54150131,2025-08-09
54150131,2025-08-17
54150131,2025-08-18
54150131,2025-08-19
54150131,2025-08-23
54150131,2025-08-27
54150131,2025-08-29
54150131,2025-09-06
54150131,2025-09-13
54150131,2025-09-14
54150131,2025-09-21
54150131,2025-09-23
54150131,2025-09-25
54150131,2025-10-05
54150131,2025-10-10
54150131,2025-10-22
54150131,2025-10-26
54369238,2022-09-26
54369238,2022-10-04
54369238,2022-10-10
54369238,2022-11-19
54369238,2022-11-23
54369238,2022-12-10
54369238,2022-12-19
54369238,2022-12-28
54369238,2023-05-09
54369238,2023-05-27
54369238,2023-06-05
54369238,2023-06-14
54369238,2023-06-19
54369238,2023-06-25
54369238,2023-07-16
54369238,2023-07-23
54369238,2023-07-27
54369238,2023-08-01
54369238,2023-08-06
54369238,2023-08-18
54369238,2023-08-28
54369238,2023-09-06
54369238,2023-09-15
54369238,2023-09-20
54369238,2023-10-01
54369238,2023-10-06
54369238,2023-10-13
54369238,2023-10-17
54369238,2023-10-23
54369238,2023-11-19
54369238,2023-12-25
54369238,2024-06-09
54369238,2024-06-15
54369238,2024-07-29
54369238,2024-08-08
54369238,2024-08-19
54369238,2024-08-24
54369238,2024-08-27
54369238,2024-09-03
54369238,2024-09-06
54369238,2024-10-20
54369238,2024-11-02
54369238,2024-11-27
54369238,2025-01-02
54369238,2025-01-13
54369238,2025-02-13
54369238,2025-02-17
54369238,2025-03-15
54369238,2025-03-23
54369238,2025-03-30
54369238,2025-04-13
54369238,2025-04-27
54369238,2025-05-05
54369238,2025-05-12
54369238,2025-05-26
54369238,2025-06-01
54369238,2025-06-07
54369238,2025-06-13
54369238,2025-06-16
54369238,2025-06-20
54369238,2025-06-27
54369238,2025-07-01
54369238,2025-07-07
54369238,2025-07-16
54369238,2025-07-26
54369238,2025-08-04
54369238,2025-08-10
54369238,2025-08-19
54369238,2025-08-24
54369238,2025-09-21
54369238,2025-09-29
54369238,2025-10-05
54369238,2025-10-17
54369240,2022-05-25
54369240,2022-05-31
54369240,2022-06-03
54369240,2022-07-02
54369240,2022-07-13
54369240,2022-07-28
54369240,2022-07-31
54369240,2022-08-28
54369240,2022-10-10
54369240,2022-10-16
54369240,2023-01-29
54369240,2023-02-10
54369240,2023-02-22
54369240,2023-04-05
54369240,2023-04-23
54369240,2023-04-28
54369240,2023-05-14
54369240,2023-05-21
54369240,2023-05-29
54369240,2023-06-12
54369240,2023-07-05
54369240,2023-07-15
54369240,2023-07-23
54369240,2023-07-28
54369240,2023-08-16
54369240,2023-08-19
54369240,2023-09-04
54369240,2023-10-07
54369240,2023-10-16
54369240,2023-11-26
54369240,2023-12-04
54369240,2023-12-11
54369240,2023-12-22
54369240,2024-01-06
54369240,2024-01-28
54369240,2024-02-09
54369240,2024-02-20
54369240,2024-02-28
54369240,2024-03-06
54369240,2024-03-25
54369240,2024-04-09
54369240,2024-05-05
54369240,2024-05-27
54369240,2024-06-04
54369240,2024-06-30
54369240,2024-08-01
54369240,2024-08-22
54369240,2024-11-30
54369240,2024-12-14
54369240,2025-01-25
54369240,2025-03-09
54369240,2025-03-25
54369240,2025-03-31
54369240,2025-04-20
54369240,2025-05-06
54369240,2025-05-12
54369240,2025-05-20
54369240,2025-06-24
54369240,2025-07-03
54369240,2025-07-07
54369240,2025-09-01
54369240,2025-09-16
54369240,2025-11-03
559249822516788574,2022-10-22
559249822516788574,2023-06-26
588298411730694861,2022-06-24
588298411730694861,2022-07-27
588298411730694861,2022-08-31
588298411730694861,2022-09-14
588298411730694861,2022-10-23
588298411730694861,2023-03-31
588298411730694861,2023-05-01
588298411730694861,2023-08-05
588298411730694861,2023-12-15
588298411730694861,2024-01-10
588298411730694861,2024-05-08
588298411730694861,2024-09-29
588298411730694861,2024-11-09
588298411730694861,2025-05-31
588298411730694861,2025-08-08
593272120497643087,2022-07-05
593272120497643087,2022-07-10
593272120497643087,2022-09-16
593272120497643087,2022-09-18
593272120497643087,2022-09-25
593272120497643087,2022-10-02
593272120497643087,2022-10-17
593272120497643087,2022-10-20
593272120497643087,2022-10-23
593272120497643087,2022-10-30
593272120497643087,2022-11-13
593272120497643087,2022-11-20
593272120497643087,2022-12-04
593272120497643087,2022-12-17
593272120497643087,2022-12-27
593272120497643087,2022-12-28
593272120497643087,2023-01-02
593272120497643087,2023-01-11
593272120497643087,2023-01-16
593272120497643087,2023-01-21
593272120497643087,2023-01-23
593272120497643087,2023-02-11
593272120497643087,2023-02-12
593272120497643087,2023-02-17
593272120497643087,2023-02-19
593272120497643087,2023-02-26
593272120497643087,2023-03-02
593272120497643087,2023-03-05
593272120497643087,2023-03-08
593272120497643087,2023-03-12
593272120497643087,2023-03-19
593272120497643087,2023-03-21
593272120497643087,2023-03-26
593272120497643087,2023-04-12
593272120497643087,2023-04-15
593272120497643087,2023-04-17
593272120497643087,2023-04-29
593272120497643087,2023-04-30
593272120497643087,2023-05-01
593272120497643087,2023-05-07
593272120497643087,2023-05-11
593272120497643087,2023-05-14
593272120497643087,2023-05-18
593272120497643087,2023-05-21
593272120497643087,2023-05-25
593272120497643087,2023-05-28
593272120497643087,2023-05-29
593272120497643087,2023-06-09
593272120497643087,2023-06-18
593272120497643087,2023-06-19
593272120497643087,2023-06-23
593272120497643087,2023-06-30
593272120497643087,2023-07-02
593272120497643087,2023-07-04
593272120497643087,2023-07-21
593272120497643087,2023-07-27
593272120497643087,2023-08-02
593272120497643087,2023-08-19
593272120497643087,2023-08-25
593272120497643087,2023-08-26
593272120497643087,2023-08-28
593272120497643087,2023-09-03
593272120497643087,2023-09-15
593272120497643087,2023-09-22
593272120497643087,2023-09-23
593272120497643087,2023-09-26
593272120497643087,2023-09-28
593272120497643087,2023-09-30
593272120497643087,2023-10-10
593272120497643087,2023-10-14
593272120497643087,2023-10-15
593272120497643087,2023-10-19
593272120497643087,2023-10-29
593272120497643087,2023-12-09
593272120497643087,2023-12-10
593272120497643087,2023-12-20
593272120497643087,2023-12-22
593272120497643087,2024-01-22
593272120497643087,2024-01-30
593272120497643087,2024-02-07
593272120497643087,2024-02-12
593272120497643087,2024-02-19
593272120497643087,2024-02-24
593272120497643087,2024-02-29
593272120497643087,2024-03-02
593272120497643087,2024-03-08
593272120497643087,2024-03-22
593272120497643087,2024-03-23
593272120497643087,2024-03-24
593272120497643087,2024-04-06
593272120497643087,2024-04-09
593272120497643087,2024-04-16
593272120497643087,2024-04-21
593272120497643087,2024-04-26
593272120497643087,2024-05-03
593272120497643087,2024-05-05
593272120497643087,2024-05-07
593272120497643087,2024-05-13
593272120497643087,2024-07-04
593272120497643087,2024-07-31
593272120497643087,2024-08-09
593272120497643087,2024-08-13
593272120497643087,2024-09-27
593272120497643087,2024-09-29
593272120497643087,2024-09-30
593272120497643087,2024-10-11
593272120497643087,2024-10-14
593272120497643087,2024-10-16
593272120497643087,2024-10-18
593272120497643087,2024-10-20
593272120497643087,2024-10-25
593272120497643087,2024-10-26
593272120497643087,2024-10-28
593272120497643087,2024-10-29
593272120497643087,2024-11-03
593272120497643087,2024-11-17
593272120497643087,2024-11-24
593272120497643087,2024-12-29
593272120497643087,2025-04-21
593272120497643087,2025-05-03
593272120497643087,2025-05-22
593272120497643087,2025-06-02
593272120497643087,2025-06-05
593272120497643087,2025-06-12
593272120497643087,2025-06-15
593272120497643087,2025-06-19
593272120497643087,2025-06-22
593272120497643087,2025-06-25
593272120497643087,2025-07-05
593272120497643087,2025-08-14
593272120497643087,2025-08-21
593272120497643087,2025-08-23
593272120497643087,2025-08-26
593272120497643087,2025-09-02
593272120497643087,2025-09-14
593272120497643087,2025-09-18
593272120497643087,2025-09-20
593272120497643087,2025-09-21
593272120497643087,2025-10-07
593272120497643087,2025-10-11
593272120497643087,2025-10-13
617242073954595468,2022-05-08
617242073954595468,2022-05-13
617242073954595468,2022-05-27
617242073954595468,2022-05-29
617242073954595468,2022-06-13
617242073954595468,2022-06-19
617242073954595468,2022-06-25
617242073954595468,2022-07-01
617242073954595468,2022-07-04
617242073954595468,2022-07-08
617242073954595468,2022-07-13
617242073954595468,2022-07-17
617242073954595468,2022-07-19
617242073954595468,2022-07-21
617242073954595468,2022-07-24
617242073954595468,2022-08-20
617242073954595468,2022-08-31
617242073954595468,2022-09-03
617242073954595468,2022-09-04
617242073954595468,2022-09-09
617242073954595468,2022-09-11
617242073954595468,2022-09-17
617242073954595468,2022-09-18
617242073954595468,2022-09-28
617242073954595468,2022-09-30
617242073954595468,2022-10-01
617242073954595468,2022-10-02
617242073954595468,2022-10-06
617242073954595468,2022-10-07
617242073954595468,2022-10-09
617242073954595468,2022-10-10
617242073954595468,2022-10-16
617242073954595468,2022-10-21
617242073954595468,2022-10-23
617242073954595468,2022-10-28
617242073954595468,2022-10-30
617242073954595468,2022-11-02
617242073954595468,2022-11-06
617242073954595468,2022-11-13
617242073954595468,2022-11-24
617242073954595468,2022-11-26
617242073954595468,2022-11-27
617242073954595468,2022-12-11
617242073954595468,2023-01-01
617242073954595468,2023-01-14
617242073954595468,2023-01-19
617242073954595468,2023-01-29
617242073954595468,2023-02-01
617242073954595468,2023-02-05
617242073954595468,2023-02-07
617242073954595468,2023-02-10
617242073954595468,2023-02-11
617242073954595468,2023-02-12
617242073954595468,2023-02-18
617242073954595468,2023-02-23
617242073954595468,2023-02-26
617242073954595468,2023-03-05
617242073954595468,2023-03-11
617242073954595468,2023-03-19
617242073954595468,2023-03-23
617242073954595468,2023-03-26
617242073954595468,2023-04-03
617242073954595468,2023-04-10
617242073954595468,2023-04-19
617242073954595468,2023-04-23
617242073954595468,2023-04-30
617242073954595468,2023-05-03
617242073954595468,2023-05-07
617242073954595468,2023-05-12
617242073954595468,2023-05-26
617242073954595468,2023-05-28
617242073954595468,2023-06-04
617242073954595468,2023-06-09
617242073954595468,2023-06-11
617242073954595468,2023-06-29
617242073954595468,2023-07-01
617242073954595468,2023-07-09
617242073954595468,2023-07-12
617242073954595468,2023-07-21
617242073954595468,2023-07-23
617242073954595468,2023-07-27
617242073954595468,2023-07-30
617242073954595468,2023-08-04
617242073954595468,2023-08-06
617242073954595468,2023-08-12
617242073954595468,2023-09-09
617242073954595468,2023-09-10
617242073954595468,2023-09-17
617242073954595468,2023-10-08
617242073954595468,2023-10-18
617242073954595468,2023-10-22
617242073954595468,2023-10-30
617242073954595468,2023-11-05
617242073954595468,2023-11-20
617242073954595468,2023-12-03
617242073954595468,2023-12-28
617242073954595468,2024-01-01
617242073954595468,2024-01-03
617242073954595468,2024-01-08
617242073954595468,2024-01-17
617242073954595468,2024-01-25
617242073954595468,2024-01-27
617242073954595468,2024-01-28
617242073954595468,2024-02-04
617242073954595468,2024-02-08
617242073954595468,2024-02-10
617242073954595468,2024-02-11
617242073954595468,2024-02-16
617242073954595468,2024-02-19
617242073954595468,2024-02-21
617242073954595468,2024-02-28
617242073954595468,2024-03-02
617242073954595468,2024-03-03
617242073954595468,2024-03-10
617242073954595468,2024-03-13
617242073954595468,2024-03-18
617242073954595468,2024-04-02
617242073954595468,2024-04-08
617242073954595468,2024-04-10
617242073954595468,2024-04-13
617242073954595468,2024-04-16
617242073954595468,2024-04-21
617242073954595468,2024-04-28
617242073954595468,2024-04-29
617242073954595468,2024-05-04
617242073954595468,2024-05-09
617242073954595468,2024-05-26
617242073954595468,2024-05-27
617242073954595468,2024-06-02
617242073954595468,2024-06-03
617242073954595468,2024-06-08
617242073954595468,2024-06-18
617242073954595468,2024-06-20
617242073954595468,2024-06-30
617242073954595468,2024-07-02
617242073954595468,2024-08-09
617242073954595468,2024-08-16
617242073954595468,2024-08-24
617242073954595468,2024-09-10
617242073954595468,2024-09-15
617242073954595468,2024-09-29
617242073954595468,2024-10-02
617242073954595468,2024-10-05
617242073954595468,2024-10-10
617242073954595468,2024-10-12
617242073954595468,2024-10-18
617242073954595468,2024-10-28
617242073954595468,2024-11-03
617242073954595468,2024-11-10
617242073954595468,2024-11-15
617242073954595468,2024-12-18
617242073954595468,2024-12-29
617242073954595468,2025-01-02
617242073954595468,2025-01-26
617242073954595468,2025-02-02
617242073954595468,2025-02-09
617242073954595468,2025-02-12
617242073954595468,2025-02-27
617242073954595468,2025-03-05
617242073954595468,2025-03-07
617242073954595468,2025-03-09
617242073954595468,2025-03-16
617242073954595468,2025-03-22
617242073954595468,2025-03-23
617242073954595468,2025-03-26
617242073954595468,2025-03-30
617242073954595468,2025-04-04
617242073954595468,2025-04-06
617242073954595468,2025-04-09
617242073954595468,2025-04-19
617242073954595468,2025-04-27
617242073954595468,2025-05-03
617242073954595468,2025-05-11
617242073954595468,2025-05-16
617242073954595468,2025-05-22
617242073954595468,2025-05-25
617242073954595468,2025-05-26
617242073954595468,2025-06-08
617242073954595468,2025-06-11
617242073954595468,2025-06-19
617242073954595468,2025-06-22
617242073954595468,2025-06-27
617242073954595468,2025-06-30
617242073954595468,2025-07-04
617242073954595468,2025-07-05
617242073954595468,2025-07-15
617242073954595468,2025-07-20
617242073954595468,2025-07-24
617242073954595468,2025-07-31
617242073954595468,2025-08-05
617242073954595468,2025-08-06
617242073954595468,2025-08-10
617242073954595468,2025-08-17
617242073954595468,2025-08-21
617242073954595468,2025-08-26
617242073954595468,2025-08-31
617242073954595468,2025-09-01
617242073954595468,2025-09-04
617242073954595468,2025-09-10
617242073954595468,2025-09-12
617242073954595468,2025-09-14
617242073954595468,2025-09-18
617242073954595468,2025-09-22
617242073954595468,2025-09-26
617242073954595468,2025-09-28
617242073954595468,2025-10-10
617242073954595468,2025-10-11
617242073954595468,2025-10-12
617242073954595468,2025-10-13
617242073954595468,2025-10-15
617242073954595468,2025-10-20
617242073954595468,2025-10-22
617242073954595468,2025-10-24
617242073954595468,2025-10-31
617242073954595468,2025-11-05
619695112394148331,2022-07-22
619695112394148331,2022-08-29
619695112394148331,2022-12-13
619695112394148331,2023-06-10
619695112394148331,2023-08-03
619695112394148331,2024-01-31
619695112394148331,2024-03-12
619695112394148331,2024-04-30
619695112394148331,2024-06-10
619695112394148331,2024-08-01
621960198566758900,2022-07-17
621960198566758900,2022-07-24
621960198566758900,2022-08-07
621960198566758900,2022-08-21
621960198566758900,2022-08-28
621960198566758900,2023-12-26
621960198566758900,2023-12-28
621960198566758900,2024-05-27
621960198566758900,2024-06-01
621960198566758900,2024-06-21
621960198566758900,2024-07-28
621960198566758900,2024-09-15
621960198566758900,2024-09-20
621960198566758900,2024-11-29
621960198566758900,2025-02-06
621960198566758900,2025-07-19
621960198566758900,2025-07-20
621960198566758900,2025-09-25
628163387057233327,2022-06-07
628163387057233327,2022-07-05
628163387057233327,2022-07-15
628163387057233327,2022-07-21
628163387057233327,2022-08-01
628163387057233327,2022-08-28
628163387057233327,2022-08-31
628163387057233327,2022-10-02
628163387057233327,2022-10-09
628163387057233327,2022-10-15
628163387057233327,2022-11-20
628163387057233327,2022-11-27
628163387057233327,2023-02-07
628163387057233327,2023-02-20
628163387057233327,2023-02-22
628163387057233327,2023-02-26
628163387057233327,2023-03-12
628163387057233327,2023-03-19
628163387057233327,2023-04-01
628163387057233327,2023-04-15
628163387057233327,2023-04-22
628163387057233327,2023-05-07
628163387057233327,2023-05-19
628163387057233327,2023-05-26
628163387057233327,2023-05-27
628163387057233327,2023-06-04
628163387057233327,2023-06-11
628163387057233327,2023-06-20
628163387057233327,2023-06-25
628163387057233327,2023-07-03
628163387057233327,2023-07-06
628163387057233327,2023-07-12
628163387057233327,2023-07-28
628163387057233327,2023-08-04
628163387057233327,2023-10-06
628163387057233327,2023-10-29
628163387057233327,2024-02-29
628163387057233327,2024-03-03
628163387057233327,2024-03-25
628163387057233327,2024-04-08
628163387057233327,2024-05-01
628163387057233327,2024-05-19
628163387057233327,2024-06-02
628163387057233327,2024-06-09
628163387057233327,2024-07-12
628163387057233327,2024-07-21
628163387057233327,2024-08-04
628163387057233327,2024-09-23
628163387057233327,2024-10-06
628163387057233327,2024-10-19
628163387057233327,2024-10-21
628163387057233327,2024-10-28
628163387057233327,2025-02-01
628163387057233327,2025-02-27
628163387057233327,2025-03-14
628163387057233327,2025-05-20
628163387057233327,2025-05-27
628163387057233327,2025-06-20
628163387057233327,2025-07-07
628163387057233327,2025-07-21
628163387057233327,2025-07-31
628163387057233327,2025-08-17
628163387057233327,2025-10-05
628163387057233327,2025-10-12
631035244220396236,2022-05-30
631035244220396236,2022-07-10
631035244220396236,2022-07-21
631035244220396236,2022-07-24
631035244220396236,2022-07-30
631035244220396236,2022-08-02
631035244220396236,2022-08-16
631035244220396236,2022-08-25
631035244220396236,2022-09-02
631035244220396236,2022-10-05
631035244220396236,2022-10-06
631035244220396236,2022-10-16
631035244220396236,2022-10-29
631035244220396236,2022-12-26
631035244220396236,2023-01-02
631035244220396236,2023-01-08
631035244220396236,2023-01-16
631035244220396236,2023-02-12
631035244220396236,2023-02-18
631035244220396236,2023-02-19
631035244220396236,2023-02-23
631035244220396236,2023-02-25
631035244220396236,2023-03-12
631035244220396236,2023-03-20
631035244220396236,2023-04-02
631035244220396236,2023-05-27
631035244220396236,2023-06-11
631035244220396236,2023-06-13
631035244220396236,2023-06-18
631035244220396236,2023-06-20
631035244220396236,2023-07-02
631035244220396236,2023-07-23
631035244220396236,2023-07-26
631035244220396236,2023-07-28
631035244220396236,2023-08-13
631035244220396236,2023-08-21
631035244220396236,2023-08-27
631035244220396236,2023-09-30
631035244220396236,2023-10-09
631035244220396236,2023-10-30
631035244220396236,2024-03-25
631035244220396236,2024-04-08
631035244220396236,2024-05-03
631035244220396236,2024-05-12
631035244220396236,2024-05-20
631035244220396236,2024-05-26
631035244220396236,2024-06-05
631035244220396236,2024-06-15
631035244220396236,2024-07-21
631035244220396236,2024-09-03
631035244220396236,2024-09-08
631035244220396236,2024-10-06
631035244220396236,2024-10-13
631035244220396236,2024-10-20
631035244220396236,2025-01-17
631035244220396236,2025-04-28
631035244220396236,2025-05-23
631035244220396236,2025-06-02
631035244220396236,2025-10-19
634108143238179968,2022-06-05
634108143238179968,2022-06-15
634108143238179968,2022-06-18
634108143238179968,2022-06-23
634108143238179968,2022-06-25
634108143238179968,2022-07-05
634108143238179968,2022-07-10
634108143238179968,2022-07-15
634108143238179968,2022-07-16
634108143238179968,2022-07-21
634108143238179968,2022-07-24
634108143238179968,2022-07-28
634108143238179968,2022-08-02
634108143238179968,2022-08-08
634108143238179968,2022-08-15
634108143238179968,2022-08-18
634108143238179968,2022-09-16
634108143238179968,2022-09-19
634108143238179968,2022-10-01
634108143238179968,2022-10-02
634108143238179968,2022-10-04
634108143238179968,2022-10-09
634108143238179968,2022-10-23
634108143238179968,2022-10-28
634108143238179968,2022-10-30
634108143238179968,2022-11-03
634108143238179968,2022-11-13
634108143238179968,2022-11-20
634108143238179968,2022-11-23
634108143238179968,2022-11-27
634108143238179968,2022-12-18
634108143238179968,2023-01-28
634108143238179968,2023-02-03
634108143238179968,2023-02-06
634108143238179968,2023-02-12
634108143238179968,2023-02-19
634108143238179968,2023-02-23
634108143238179968,2023-02-26
634108143238179968,2023-03-05
634108143238179968,2023-03-12
634108143238179968,2023-03-15
634108143238179968,2023-03-20
634108143238179968,2023-03-29
634108143238179968,2023-04-01
634108143238179968,2023-04-05
634108143238179968,2023-04-09
634108143238179968,2023-04-13
634108143238179968,2023-04-24
634108143238179968,2023-05-01
634108143238179968,2023-05-07
634108143238179968,2023-05-14
634108143238179968,2023-05-21
634108143238179968,2023-06-06
634108143238179968,2023-06-07
634108143238179968,2023-06-12
634108143238179968,2023-06-17
634108143238179968,2023-06-18
634108143238179968,2023-06-21
634108143238179968,2023-06-24
634108143238179968,2023-06-25
634108143238179968,2023-06-27
634108143238179968,2023-06-29
634108143238179968,2023-07-02
634108143238179968,2023-07-09
634108143238179968,2023-07-13
634108143238179968,2023-07-16
634108143238179968,2023-07-17
634108143238179968,2023-07-31
634108143238179968,2023-08-07
634108143238179968,2023-08-13
634108143238179968,2023-08-21
634108143238179968,2023-08-23
634108143238179968,2023-08-29
634108143238179968,2023-09-04
634108143238179968,2024-01-08
634108143238179968,2024-01-19
634108143238179968,2024-01-28
634108143238179968,2024-02-04
634108143238179968,2024-02-11
634108143238179968,2024-02-14
634108143238179968,2024-02-19
634108143238179968,2024-02-24
634108143238179968,2024-02-25
634108143238179968,2024-02-29
634108143238179968,2024-03-06
634108143238179968,2024-03-10
634108143238179968,2024-03-24
634108143238179968,2024-03-25
634108143238179968,2024-04-02
634108143238179968,2024-04-04
634108143238179968,2024-04-16
634108143238179968,2024-04-21
634108143238179968,2024-04-29
634108143238179968,2024-05-16
634108143238179968,2024-05-17
634108143238179968,2024-05-24
634108143238179968,2024-06-09
634108143238179968,2024-06-23
634108143238179968,2024-07-14
634108143238179968,2024-07-21
634108143238179968,2024-07-28
634108143238179968,2025-07-20
634108143238179968,2025-07-30
638900897313146306,2022-06-06
638900897313146306,2022-06-20
638900897313146306,2022-06-26
638900897313146306,2022-07-09
638900897313146306,2022-07-15
638900897313146306,2022-07-28
638900897313146306,2022-08-06
638900897313146306,2022-08-07
638900897313146306,2022-10-01
638900897313146306,2023-08-26
649973892551492641,2022-08-21
649973892551492641,2022-09-25
649973892551492641,2022-12-02
649973892551492641,2023-05-28
649973892551492641,2023-08-05
649973892551492641,2024-06-28
649973892551492641,2024-07-31
649973892551492641,2024-11-26
658638185191740358,2022-07-16
658638185191740358,2022-12-17
658638185191740358,2023-02-14
658638185191740358,2023-09-09
658638185191740358,2023-09-22
662132809952482192,2022-07-15
662132809952482192,2024-08-12
667644674529935702,2022-07-30
667644674529935702,2022-08-07
667644674529935702,2022-08-14
667644674529935702,2022-08-21
667644674529935702,2022-08-28
667644674529935702,2022-09-05
667644674529935702,2022-09-10
667644674529935702,2022-09-15
667644674529935702,2022-09-18
667644674529935702,2022-09-25
667644674529935702,2022-10-02
667644674529935702,2022-10-07
667644674529935702,2022-11-14
667644674529935702,2022-11-25
667644674529935702,2022-12-11
667644674529935702,2022-12-19
667644674529935702,2022-12-26
667644674529935702,2023-01-01
667644674529935702,2023-01-04
667644674529935702,2023-01-08
667644674529935702,2023-01-16
667644674529935702,2023-01-20
667644674529935702,2023-01-29
667644674529935702,2023-02-05
667644674529935702,2023-02-19
667644674529935702,2023-03-02
667644674529935702,2023-03-10
667644674529935702,2023-03-17
667644674529935702,2023-03-26
667644674529935702,2023-04-04
667644674529935702,2023-04-16
667644674529935702,2023-04-29
667644674529935702,2023-05-07
667644674529935702,2023-05-17
667644674529935702,2023-05-21
667644674529935702,2023-05-28
667644674529935702,2023-06-08
667644674529935702,2023-06-11
667644674529935702,2023-06-19
667644674529935702,2023-06-23
667644674529935702,2023-07-02
667644674529935702,2023-07-09
667644674529935702,2023-07-21
667644674529935702,2023-07-23
667644674529935702,2023-07-26
667644674529935702,2023-07-30
667644674529935702,2023-08-06
667644674529935702,2023-08-10
667644674529935702,2023-08-14
667644674529935702,2023-08-17
667644674529935702,2023-08-20
667644674529935702,2023-08-25
667644674529935702,2023-08-28
667644674529935702,2023-09-03
667644674529935702,2023-09-12
667644674529935702,2023-09-17
667644674529935702,2023-10-15
667644674529935702,2023-10-28
667644674529935702,2023-11-05
667644674529935702,2023-11-21
667644674529935702,2023-12-11
667644674529935702,2024-02-02
667644674529935702,2024-02-11
667644674529935702,2024-02-25
667644674529935702,2024-02-28
667644674529935702,2024-03-09
667644674529935702,2024-03-22
667644674529935702,2024-03-25
667644674529935702,2024-03-31
667644674529935702,2024-04-04
667644674529935702,2024-04-08
667644674529935702,2024-04-16
667644674529935702,2024-04-21
667644674529935702,2024-05-05
667644674529935702,2024-05-11
667644674529935702,2024-05-19
667644674529935702,2024-05-22
667644674529935702,2024-05-27
667644674529935702,2024-06-26
667644674529935702,2024-07-10
667644674529935702,2024-07-17
667644674529935702,2024-07-22
667644674529935702,2024-07-28
667644674529935702,2024-08-01
667644674529935702,2024-08-08
667644674529935702,2024-08-15
667644674529935702,2024-08-22
667644674529935702,2024-08-25
667644674529935702,2024-09-16
667644674529935702,2024-09-26
667644674529935702,2024-11-03
667644674529935702,2024-12-16
667644674529935702,2024-12-26
667644674529935702,2025-01-26
667644674529935702,2025-02-09
667644674529935702,2025-02-26
667644674529935702,2025-03-16
667644674529935702,2025-03-23
667644674529935702,2025-04-20
667644674529935702,2025-04-27
667644674529935702,2025-05-04
667644674529935702,2025-05-20
667644674529935702,2025-05-26
667644674529935702,2025-06-01
667644674529935702,2025-06-07
667644674529935702,2025-06-22
667644674529935702,2025-06-27
667644674529935702,2025-06-30
667644674529935702,2025-07-13
667644674529935702,2025-07-27
667644674529935702,2025-08-03
667644674529935702,2025-08-10
667644674529935702,2025-09-02
667644674529935702,2025-10-04
667644674529935702,2025-10-12
667644674529935702,2025-10-19
667644674529935702,2025-10-26
667644674529935702,2025-11-02
668608096674070882,2022-07-15
668608096674070882,2022-07-19
668608096674070882,2022-07-23
668608096674070882,2022-07-28
668608096674070882,2022-08-04
668608096674070882,2022-08-08
668608096674070882,2022-08-10
668608096674070882,2022-08-16
668608096674070882,2022-08-25
668608096674070882,2022-08-31
668608096674070882,2022-09-02
668608096674070882,2022-09-19
668608096674070882,2022-10-06
668608096674070882,2022-10-08
668608096674070882,2022-10-10
668608096674070882,2022-10-17
668608096674070882,2022-10-20
668608096674070882,2022-10-23
668608096674070882,2022-10-27
668608096674070882,2022-11-06
668608096674070882,2022-11-12
668608096674070882,2022-11-15
668608096674070882,2022-11-18
668608096674070882,2022-11-19
668608096674070882,2022-11-21
668608096674070882,2022-12-19
668608096674070882,2023-01-01
668608096674070882,2023-01-13
668608096674070882,2023-01-20
668608096674070882,2023-01-30
668608096674070882,2023-02-05
668608096674070882,2023-02-10
668608096674070882,2023-02-12
668608096674070882,2023-02-14
668608096674070882,2023-02-18
668608096674070882,2023-02-25
668608096674070882,2023-03-01
668608096674070882,2023-03-04
668608096674070882,2023-03-05
668608096674070882,2023-03-15
668608096674070882,2023-03-17
668608096674070882,2023-03-18
668608096674070882,2023-03-23
668608096674070882,2023-03-26
668608096674070882,2023-03-31
668608096674070882,2023-04-04
668608096674070882,2023-04-09
668608096674070882,2023-04-21
668608096674070882,2023-05-02
668608096674070882,2023-05-07
668608096674070882,2023-05-09
668608096674070882,2023-05-13
668608096674070882,2023-05-17
668608096674070882,2023-05-20
668608096674070882,2023-05-25
668608096674070882,2023-06-04
668608096674070882,2023-06-08
668608096674070882,2023-06-09
668608096674070882,2023-06-12
668608096674070882,2023-06-16
668608096674070882,2023-06-18
668608096674070882,2023-06-24
668608096674070882,2023-06-25
668608096674070882,2023-07-09
668608096674070882,2023-07-22
668608096674070882,2023-07-23
668608096674070882,2023-07-26
668608096674070882,2023-08-26
668608096674070882,2023-08-29
668608096674070882,2023-09-03
668608096674070882,2023-09-19
668608096674070882,2023-09-25
668608096674070882,2023-09-30
668608096674070882,2023-10-03
668608096674070882,2023-10-13
668608096674070882,2023-10-15
668608096674070882,2023-10-19
668608096674070882,2023-11-14
668608096674070882,2023-11-16
668608096674070882,2023-11-19
668608096674070882,2023-11-23
668608096674070882,2023-11-26
668608096674070882,2023-12-01
668608096674070882,2023-12-02
668608096674070882,2023-12-13
668608096674070882,2023-12-29
668608096674070882,2024-01-08
668608096674070882,2024-01-12
668608096674070882,2024-02-01
668608096674070882,2024-02-02
668608096674070882,2024-02-07
668608096674070882,2024-02-22
668608096674070882,2024-02-25
668608096674070882,2024-02-29
668608096674070882,2024-03-03
668608096674070882,2024-03-16
668608096674070882,2024-04-28
668608096674070882,2024-04-30
668608096674070882,2024-05-05
668608096674070882,2024-05-25
668608096674070882,2024-05-28
668608096674070882,2024-06-06
668608096674070882,2024-06-26
668608096674070882,2024-06-27
668608096674070882,2024-06-29
668608096674070882,2024-07-04
668608096674070882,2024-07-06
668608096674070882,2024-07-07
668608096674070882,2024-07-11
668608096674070882,2024-07-15
668608096674070882,2024-07-18
668608096674070882,2024-08-02
668608096674070882,2024-08-09
668608096674070882,2024-08-10
668608096674070882,2024-08-13
668608096674070882,2024-08-19
668608096674070882,2024-08-20
668608096674070882,2024-08-31
668608096674070882,2024-09-08
668608096674070882,2024-10-21
668608096674070882,2024-10-26
668608096674070882,2024-10-28
668608096674070882,2024-11-10
668608096674070882,2024-12-12
668608096674070882,2024-12-28
668608096674070882,2025-01-16
668608096674070882,2025-02-24
668608096674070882,2025-02-28
668608096674070882,2025-03-09
668608096674070882,2025-03-29
668608096674070882,2025-04-29
668608096674070882,2025-05-04
668608096674070882,2025-05-06
668608096674070882,2025-05-08
668608096674070882,2025-05-19
668608096674070882,2025-05-23
668608096674070882,2025-06-15
668608096674070882,2025-06-23
668608096674070882,2025-07-03
668608096674070882,2025-07-23
668608096674070882,2025-08-21
668608096674070882,2025-08-24
668608096674070882,2025-08-30
668608096674070882,2025-08-31
668608096674070882,2025-09-18
668608096674070882,2025-10-11
668608096674070882,2025-10-14
668608096674070882,2025-10-17
668608096674070882,2025-10-22
668608096674070882,2025-10-23
668608096674070882,2025-10-27
668608096674070882,2025-10-29
668608096674070882,2025-10-31
668608486588067880,2022-07-19
668608486588067880,2022-07-23
668608486588067880,2022-07-29
668608486588067880,2022-08-05
668608486588067880,2022-08-17
668608486588067880,2022-08-29
668608486588067880,2022-08-31
668608486588067880,2022-09-25
668608486588067880,2022-09-28
668608486588067880,2022-09-29
668608486588067880,2022-10-08
668608486588067880,2022-10-16
668608486588067880,2022-10-22
668608486588067880,2022-10-29
668608486588067880,2022-10-30
668608486588067880,2022-11-09
668608486588067880,2022-11-20
668608486588067880,2022-12-06
668608486588067880,2022-12-18
668608486588067880,2022-12-22
668608486588067880,2022-12-28
668608486588067880,2023-01-01
668608486588067880,2023-01-08
668608486588067880,2023-01-12
668608486588067880,2023-02-15
668608486588067880,2023-02-18
668608486588067880,2023-02-24
668608486588067880,2023-03-04
668608486588067880,2023-03-09
668608486588067880,2023-03-17
668608486588067880,2023-03-18
668608486588067880,2023-03-19
668608486588067880,2023-03-24
668608486588067880,2023-03-31
668608486588067880,2023-04-01
668608486588067880,2023-04-02
668608486588067880,2023-04-15
668608486588067880,2023-04-23
668608486588067880,2023-04-25
668608486588067880,2023-04-28
668608486588067880,2023-04-29
668608486588067880,2023-05-27
668608486588067880,2023-06-01
668608486588067880,2023-06-03
668608486588067880,2023-06-04
668608486588067880,2023-06-07
668608486588067880,2023-06-09
668608486588067880,2023-06-10
668608486588067880,2023-06-24
668608486588067880,2023-06-25
668608486588067880,2023-06-30
668608486588067880,2023-07-01
668608486588067880,2023-07-02
668608486588067880,2023-07-05
668608486588067880,2023-07-23
668608486588067880,2023-08-19
668608486588067880,2023-08-26
668608486588067880,2023-08-27
668608486588067880,2023-09-16
668608486588067880,2023-09-19
668608486588067880,2023-09-22
668608486588067880,2023-09-24
668608486588067880,2023-09-30
668608486588067880,2023-10-15
668608486588067880,2023-10-20
668608486588067880,2023-10-28
668608486588067880,2023-10-29
668608486588067880,2023-11-04
668608486588067880,2023-12-02
668608486588067880,2023-12-10
668608486588067880,2023-12-15
668608486588067880,2023-12-20
668608486588067880,2024-01-05
668608486588067880,2024-01-06
668608486588067880,2024-01-12
668608486588067880,2024-01-26
668608486588067880,2024-01-27
668608486588067880,2024-02-03
668608486588067880,2024-02-17
668608486588067880,2024-02-25
668608486588067880,2024-03-25
668608486588067880,2024-04-04
668608486588067880,2024-04-08
668608486588067880,2024-04-30
668608486588067880,2024-05-04
668608486588067880,2024-05-21
668608486588067880,2024-06-03
668608486588067880,2024-06-24
668608486588067880,2024-07-06
668608486588067880,2024-07-14
668608486588067880,2024-07-22
668608486588067880,2024-07-31
668608486588067880,2024-08-02
668608486588067880,2024-08-09
668608486588067880,2024-08-31
668608486588067880,2024-09-01
668608486588067880,2024-09-03
668608486588067880,2024-10-19
668608486588067880,2024-10-28
668608486588067880,2024-11-08
668608486588067880,2024-11-11
668608486588067880,2025-01-06
668608486588067880,2025-02-16
668608486588067880,2025-02-20
668608486588067880,2025-03-17
668608486588067880,2025-03-20
668608486588067880,2025-03-30
668608486588067880,2025-04-04
668608486588067880,2025-04-08
668608486588067880,2025-04-10
668608486588067880,2025-04-15
668608486588067880,2025-04-29
668608486588067880,2025-05-21
668608486588067880,2025-05-25
668608486588067880,2025-06-20
668608486588067880,2025-06-22
668608486588067880,2025-06-23
668608486588067880,2025-06-25
668608486588067880,2025-07-10
668608486588067880,2025-08-29
668608486588067880,2025-08-31
668608486588067880,2025-09-05
668608486588067880,2025-09-14
668608486588067880,2025-09-18
668608486588067880,2025-09-19
668608486588067880,2025-09-29
668608486588067880,2025-10-02
668608486588067880,2025-10-09
668608486588067880,2025-10-20
668608486588067880,2025-10-21
668608486588067880,2025-10-22
668608486588067880,2025-10-26
668608486588067880,2025-11-02
677623197606854496,2022-08-19
677623197606854496,2022-08-30
677623197606854496,2022-09-01
677623197606854496,2022-09-11
677623197606854496,2022-09-24
677623197606854496,2022-10-02
677623197606854496,2022-10-08
677623197606854496,2022-10-17
677623197606854496,2022-10-20
677623197606854496,2022-10-25
677623197606854496,2022-11-17
677623197606854496,2022-11-20
677623197606854496,2022-12-10
677623197606854496,2022-12-16
677623197606854496,2022-12-18
677623197606854496,2022-12-30
677623197606854496,2023-01-08
677623197606854496,2023-03-09
677623197606854496,2023-03-20
677623197606854496,2023-03-26
677623197606854496,2023-04-03
677623197606854496,2023-04-09
677623197606854496,2023-04-17
677623197606854496,2023-04-26
677623197606854496,2023-05-01
677623197606854496,2023-05-07
677623197606854496,2023-05-27
677623197606854496,2023-09-29
681952268271889535,2023-02-26
681952268271889535,2023-08-20
681952268271889535,2024-03-31
687496906843024117,2022-10-03
687496906843024117,2022-10-28
687496906843024117,2023-03-20
687496906843024117,2023-05-28
689719338468663432,2022-08-19
689719338468663432,2022-08-26
689719338468663432,2022-08-29
689719338468663432,2022-09-05
689719338468663432,2022-09-07
689719338468663432,2022-09-09
689719338468663432,2022-09-11
689719338468663432,2022-09-18
689719338468663432,2022-09-23
689719338468663432,2022-09-26
689719338468663432,2022-09-30
689719338468663432,2022-10-01
689719338468663432,2022-10-02
689719338468663432,2022-10-04
689719338468663432,2022-10-08
689719338468663432,2022-10-10
689719338468663432,2022-10-11
689719338468663432,2022-10-13
689719338468663432,2022-10-16
689719338468663432,2022-10-23
689719338468663432,2022-12-13
689719338468663432,2023-01-13
689719338468663432,2023-01-17
689719338468663432,2023-01-19
689719338468663432,2023-01-21
689719338468663432,2023-01-24
689719338468663432,2023-01-28
689719338468663432,2023-01-30
689719338468663432,2023-02-04
689719338468663432,2023-02-07
689719338468663432,2023-02-09
689719338468663432,2023-02-10
689719338468663432,2023-02-12
689719338468663432,2023-02-15
689719338468663432,2023-02-25
689719338468663432,2023-03-01
689719338468663432,2023-03-06
689719338468663432,2023-03-09
689719338468663432,2023-03-12
689719338468663432,2023-03-16
689719338468663432,2023-03-20
689719338468663432,2023-03-25
689719338468663432,2023-03-27
689719338468663432,2023-03-31
689719338468663432,2023-04-02
689719338468663432,2023-04-03
689719338468663432,2023-04-04
689719338468663432,2023-04-15
689719338468663432,2023-04-16
689719338468663432,2023-04-18
689719338468663432,2023-04-20
689719338468663432,2023-04-22
689719338468663432,2023-04-28
689719338468663432,2023-04-29
689719338468663432,2023-04-30
689719338468663432,2023-05-04
689719338468663432,2023-05-09
689719338468663432,2023-05-12
689719338468663432,2023-05-14
689719338468663432,2023-05-17
689719338468663432,2023-05-18
689719338468663432,2023-05-20
689719338468663432,2023-05-22
689719338468663432,2023-05-23
689719338468663432,2023-05-27
689719338468663432,2023-05-28
689719338468663432,2023-05-31
689719338468663432,2023-06-13
689719338468663432,2023-06-16
689719338468663432,2023-06-25
689719338468663432,2023-06-27
689719338468663432,2023-07-02
689719338468663432,2023-07-04
689719338468663432,2023-07-08
689719338468663432,2023-07-09
689719338468663432,2023-07-12
689719338468663432,2023-07-15
689719338468663432,2023-07-16
689719338468663432,2023-07-17
689719338468663432,2023-07-20
689719338468663432,2023-07-23
689719338468663432,2023-07-24
689719338468663432,2023-07-26
689719338468663432,2023-07-27
689719338468663432,2023-07-28
689719338468663432,2023-07-29
689719338468663432,2023-08-01
689719338468663432,2023-08-04
689719338468663432,2023-08-08
689719338468663432,2023-08-10
689719338468663432,2023-08-13
689719338468663432,2023-08-15
689719338468663432,2023-08-20
689719338468663432,2023-08-21
689719338468663432,2023-08-23
689719338468663432,2023-08-25
689719338468663432,2023-09-02
689719338468663432,2023-09-03
689719338468663432,2023-09-04
689719338468663432,2023-09-08
689719338468663432,2023-09-10
689719338468663432,2023-09-12
689719338468663432,2023-09-17
689719338468663432,2023-09-18
689719338468663432,2023-09-19
689719338468663432,2023-09-20
689719338468663432,2023-09-24
689719338468663432,2023-09-28
689719338468663432,2023-09-29
689719338468663432,2023-10-01
689719338468663432,2023-10-02
689719338468663432,2023-10-03
689719338468663432,2023-10-05
689719338468663432,2023-10-06
689719338468663432,2023-10-07
689719338468663432,2023-10-09
689719338468663432,2023-10-11
689719338468663432,2023-10-14
689719338468663432,2023-10-24
689719338468663432,2023-10-28
689719338468663432,2023-11-01
689719338468663432,2023-11-05
689719338468663432,2023-11-17
689719338468663432,2023-11-19
689719338468663432,2023-11-24
689719338468663432,2023-11-27
689719338468663432,2023-12-03
689719338468663432,2023-12-13
689719338468663432,2023-12-16
689719338468663432,2023-12-21
689719338468663432,2023-12-23
689719338468663432,2023-12-24
689719338468663432,2023-12-26
689719338468663432,2023-12-28
689719338468663432,2023-12-29
689719338468663432,2023-12-31
689719338468663432,2024-01-01
689719338468663432,2024-01-02
689719338468663432,2024-01-09
689719338468663432,2024-01-12
689719338468663432,2024-01-17
689719338468663432,2024-01-21
689719338468663432,2024-01-24
689719338468663432,2024-01-29
689719338468663432,2024-02-07
689719338468663432,2024-02-11
689719338468663432,2024-02-13
689719338468663432,2024-02-25
689719338468663432,2024-02-28
689719338468663432,2024-03-04
689719338468663432,2024-03-08
689719338468663432,2024-03-10
689719338468663432,2024-03-17
689719338468663432,2024-03-24
689719338468663432,2024-03-28
689719338468663432,2024-04-01
689719338468663432,2024-04-04
689719338468663432,2024-04-06
689719338468663432,2024-04-08
689719338468663432,2024-04-09
689719338468663432,2024-04-15
689719338468663432,2024-04-16
689719338468663432,2024-04-27
689719338468663432,2024-04-29
689719338468663432,2024-05-05
689719338468663432,2024-05-09
689719338468663432,2024-05-10
689719338468663432,2024-05-11
689719338468663432,2024-05-12
689719338468663432,2024-05-17
689719338468663432,2024-05-18
689719338468663432,2024-05-23
689719338468663432,2024-05-24
689719338468663432,2024-05-26
689719338468663432,2024-05-28
689719338468663432,2024-06-02
689719338468663432,2024-06-06
689719338468663432,2024-06-07
689719338468663432,2024-06-09
689719338468663432,2024-06-10
689719338468663432,2024-06-15
689719338468663432,2024-06-21
689719338468663432,2024-06-27
689719338468663432,2024-06-29
689719338468663432,2024-06-30
689719338468663432,2024-07-06
689719338468663432,2024-07-08
689719338468663432,2024-07-11
689719338468663432,2024-07-14
689719338468663432,2024-07-15
689719338468663432,2024-07-19
689719338468663432,2024-07-25
689719338468663432,2024-07-27
689719338468663432,2024-08-01
689719338468663432,2024-08-05
689719338468663432,2024-08-09
689719338468663432,2024-08-11
689719338468663432,2024-08-16
689719338468663432,2024-08-21
689719338468663432,2024-08-22
689719338468663432,2024-08-24
689719338468663432,2024-09-03
689719338468663432,2024-09-06
689719338468663432,2024-09-07
689719338468663432,2024-09-08
689719338468663432,2024-09-10
689719338468663432,2024-09-16
689719338468663432,2024-09-18
689719338468663432,2024-09-22
689719338468663432,2024-09-25
689719338468663432,2024-09-27
689719338468663432,2024-09-28
689719338468663432,2024-10-04
689719338468663432,2024-10-05
689719338468663432,2024-10-12
689719338468663432,2024-10-13
689719338468663432,2024-10-24
689719338468663432,2024-10-26
689719338468663432,2024-10-27
689719338468663432,2024-11-13
689719338468663432,2024-11-16
689719338468663432,2024-11-21
689719338468663432,2024-11-24
689719338468663432,2024-11-28
689719338468663432,2024-11-30
689719338468663432,2024-12-12
689719338468663432,2024-12-14
689719338468663432,2024-12-22
689719338468663432,2024-12-25
689719338468663432,2024-12-30
689719338468663432,2025-01-02
689719338468663432,2025-01-06
689719338468663432,2025-01-12
689719338468663432,2025-01-20
689719338468663432,2025-01-26
689719338468663432,2025-02-05
689719338468663432,2025-02-12
689719338468663432,2025-02-15
689719338468663432,2025-03-02
689719338468663432,2025-03-04
689719338468663432,2025-03-16
689719338468663432,2025-03-23
689719338468663432,2025-03-24
689719338468663432,2025-03-27
689719338468663432,2025-03-30
689719338468663432,2025-04-07
689719338468663432,2025-04-10
689719338468663432,2025-04-12
689719338468663432,2025-04-23
689719338468663432,2025-04-27
689719338468663432,2025-05-02
689719338468663432,2025-05-04
689719338468663432,2025-05-06
689719338468663432,2025-05-07
689719338468663432,2025-05-08
689719338468663432,2025-05-09
689719338468663432,2025-05-11
689719338468663432,2025-05-14
689719338468663432,2025-05-16
689719338468663432,2025-05-17
689719338468663432,2025-05-18
689719338468663432,2025-05-20
689719338468663432,2025-05-22
689719338468663432,2025-05-24
689719338468663432,2025-05-29
689719338468663432,2025-05-30
689719338468663432,2025-05-31
689719338468663432,2025-06-08
689719338468663432,2025-06-26
689719338468663432,2025-06-29
689719338468663432,2025-07-02
689719338468663432,2025-07-06
689719338468663432,2025-07-08
689719338468663432,2025-07-14
689719338468663432,2025-07-15
689719338468663432,2025-07-20
689719338468663432,2025-07-26
689719338468663432,2025-07-27
689719338468663432,2025-07-31
689719338468663432,2025-08-07
689719338468663432,2025-08-09
689719338468663432,2025-08-16
689719338468663432,2025-08-23
689719338468663432,2025-08-28
689719338468663432,2025-09-03
689719338468663432,2025-09-09
689719338468663432,2025-09-10
689719338468663432,2025-09-11
689719338468663432,2025-09-13
689719338468663432,2025-09-20
689719338468663432,2025-09-22
689719338468663432,2025-09-27
689719338468663432,2025-09-28
689719338468663432,2025-10-01
689719338468663432,2025-10-02
689719338468663432,2025-10-10
689719338468663432,2025-10-13
689719338468663432,2025-10-15
689719338468663432,2025-10-19
689719338468663432,2025-10-21
689719338468663432,2025-11-02
689719338468663432,2025-11-05
692807914756117019,2022-12-29
692807914756117019,2023-01-02
692807914756117019,2023-01-15
692807914756117019,2023-02-15
692807914756117019,2023-02-19
692807914756117019,2023-02-24
692807914756117019,2023-02-25
692807914756117019,2023-03-04
692807914756117019,2023-03-08
692807914756117019,2023-03-11
692807914756117019,2023-03-20
692807914756117019,2023-03-26
692807914756117019,2023-04-01
692807914756117019,2023-04-05
692807914756117019,2023-04-15
692807914756117019,2023-04-16
692807914756117019,2023-04-23
692807914756117019,2023-04-24
692807914756117019,2023-04-25
692807914756117019,2023-05-01
692807914756117019,2023-05-14
692807914756117019,2023-05-18
692807914756117019,2023-05-20
692807914756117019,2023-05-22
692807914756117019,2023-05-26
692807914756117019,2023-05-29
692807914756117019,2023-06-11
692807914756117019,2023-06-17
692807914756117019,2023-06-25
692807914756117019,2023-06-30
692807914756117019,2023-07-02
692807914756117019,2023-07-04
692807914756117019,2023-07-09
692807914756117019,2023-07-16
692807914756117019,2023-07-28
692807914756117019,2023-08-02
692807914756117019,2023-08-07
692807914756117019,2023-08-08
692807914756117019,2023-08-14
692807914756117019,2023-08-16
692807914756117019,2023-08-20
692807914756117019,2023-08-27
692807914756117019,2023-09-01
692807914756117019,2023-09-09
692807914756117019,2023-09-14
692807914756117019,2023-09-18
692807914756117019,2023-09-21
692807914756117019,2023-10-05
692807914756117019,2023-10-06
692807914756117019,2023-10-07
692807914756117019,2023-10-15
692807914756117019,2023-10-22
692807914756117019,2023-10-30
692807914756117019,2023-11-03
692807914756117019,2023-11-05
692807914756117019,2023-11-07
692807914756117019,2023-11-13
692807914756117019,2023-11-30
692807914756117019,2023-12-03
692807914756117019,2023-12-12
692807914756117019,2023-12-23
692807914756117019,2024-01-09
692807914756117019,2024-01-12
692807914756117019,2024-01-19
692807914756117019,2024-01-29
692807914756117019,2024-02-06
692807914756117019,2024-02-11
692807914756117019,2024-02-18
692807914756117019,2024-02-21
692807914756117019,2024-03-10
692807914756117019,2024-03-18
692807914756117019,2024-03-24
692807914756117019,2024-04-03
692807914756117019,2024-04-06
692807914756117019,2024-04-08
692807914756117019,2024-04-10
692807914756117019,2024-04-16
692807914756117019,2024-04-21
692807914756117019,2024-04-27
692807914756117019,2024-05-04
692807914756117019,2024-05-09
692807914756117019,2024-05-12
692807914756117019,2024-05-16
692807914756117019,2024-05-20
692807914756117019,2024-05-26
692807914756117019,2024-06-02
692807914756117019,2024-06-09
692807914756117019,2024-06-16
692807914756117019,2024-06-24
692807914756117019,2024-07-06
692807914756117019,2024-07-15
692807914756117019,2024-07-20
692807914756117019,2024-08-01
692807914756117019,2024-08-11
692807914756117019,2024-08-22
692807914756117019,2024-08-25
692807914756117019,2024-08-28
692807914756117019,2024-09-02
692807914756117019,2024-09-16
692807914756117019,2024-09-23
692807914756117019,2024-09-25
692807914756117019,2024-10-14
692807914756117019,2024-10-28
692807914756117019,2025-02-23
699073700185633508,2022-10-07
699073700185633508,2022-12-17
699073700185633508,2022-12-28
699073700185633508,2023-04-03
699073700185633508,2023-05-14
699073700185633508,2025-06-22
699073700185633508,2025-07-27
699073700185633508,2025-07-30
699073700185633508,2025-08-04
703551649845095095,2024-07-26
703551649845095095,2024-08-16
703551649845095095,2024-08-25
703551649845095095,2025-05-09
703551649845095095,2025-07-05
704544922160063127,2022-10-04
704544922160063127,2022-10-16
704544922160063127,2025-05-10
704544922160063127,2025-08-09
704544922160063127,2025-10-26
705660262559003663,2022-12-28
705660262559003663,2023-03-12
705660262559003663,2023-08-13
705660262559003663,2024-04-02
705660262559003663,2024-08-17
705660262559003663,2024-11-21
705660262559003663,2025-01-20
705660262559003663,2025-05-02
705660262559003663,2025-08-03
705660262559003663,2025-09-28
717373135846408345,2022-10-28
717373135846408345,2022-11-07
717373135846408345,2022-11-25
717373135846408345,2022-11-28
717373135846408345,2022-12-07
717373135846408345,2022-12-09
717373135846408345,2023-01-15
717373135846408345,2023-02-05
717373135846408345,2023-02-26
717373135846408345,2023-03-05
717373135846408345,2023-03-16
717373135846408345,2023-03-19
717373135846408345,2023-03-25
717373135846408345,2023-04-16
717373135846408345,2023-04-24
717373135846408345,2023-05-14
717373135846408345,2023-05-21
717373135846408345,2023-05-29
717373135846408345,2023-06-09
717373135846408345,2023-06-11
717373135846408345,2023-06-20
717373135846408345,2023-07-03
717373135846408345,2023-07-16
717373135846408345,2023-07-30
717373135846408345,2023-08-18
717373135846408345,2023-08-27
717373135846408345,2023-09-03
717373135846408345,2023-11-25
717373135846408345,2023-12-03
717373135846408345,2024-01-08
717373135846408345,2024-03-02
717373135846408345,2024-03-24
717373135846408345,2024-04-07
717373135846408345,2024-04-21
717373135846408345,2024-05-07
717373135846408345,2024-06-09
717373135846408345,2024-06-15
717373135846408345,2024-06-19
717373135846408345,2024-07-02
717373135846408345,2024-07-21
717373135846408345,2024-07-31
717373135846408345,2024-08-03
717373135846408345,2024-08-11
717373135846408345,2024-08-15
717373135846408345,2024-08-18
717373135846408345,2024-08-22
717373135846408345,2024-08-31
717373135846408345,2024-09-02
717373135846408345,2024-09-15
717373135846408345,2024-09-20
717373135846408345,2024-09-22
717373135846408345,2024-09-29
717373135846408345,2024-10-13
717373135846408345,2024-10-28
717373135846408345,2024-11-10
717373135846408345,2024-11-30
717373135846408345,2024-12-25
717373135846408345,2024-12-31
717373135846408345,2025-02-02
717373135846408345,2025-02-15
717373135846408345,2025-02-16
717373135846408345,2025-03-01
717373135846408345,2025-03-20
717373135846408345,2025-05-02
717373135846408345,2025-05-18
717373135846408345,2025-06-20
717373135846408345,2025-07-27
717373135846408345,2025-08-20
717373135846408345,2025-09-01
717373135846408345,2025-09-14
723956857052424266,2022-11-17
723956857052424266,2022-11-18
723956857052424266,2022-11-20
723956857052424266,2022-11-23
723956857052424266,2022-11-25
723956857052424266,2022-11-27
723956857052424266,2022-12-04
723956857052424266,2022-12-08
723956857052424266,2022-12-09
723956857052424266,2022-12-10
723956857052424266,2022-12-11
723956857052424266,2022-12-18
723956857052424266,2022-12-27
723956857052424266,2022-12-30
723956857052424266,2023-01-02
723956857052424266,2023-01-06
723956857052424266,2023-01-08
723956857052424266,2023-01-13
723956857052424266,2023-01-19
723956857052424266,2023-01-22
723956857052424266,2023-02-03
723956857052424266,2023-02-08
723956857052424266,2023-02-12
723956857052424266,2023-02-17
723956857052424266,2023-02-19
723956857052424266,2023-02-20
723956857052424266,2023-02-26
723956857052424266,2023-03-13
723956857052424266,2023-03-17
723956857052424266,2023-03-18
723956857052424266,2023-03-19
723956857052424266,2023-03-20
723956857052424266,2023-03-26
723956857052424266,2023-04-06
723956857052424266,2023-04-13
723956857052424266,2023-04-14
723956857052424266,2023-04-19
723956857052424266,2023-04-23
723956857052424266,2023-05-01
723956857052424266,2023-05-07
723956857052424266,2023-05-09
723956857052424266,2023-05-13
723956857052424266,2023-05-14
723956857052424266,2023-05-21
723956857052424266,2023-05-28
723956857052424266,2023-05-29
723956857052424266,2023-06-02
723956857052424266,2023-06-11
723956857052424266,2023-06-12
723956857052424266,2023-06-14
723956857052424266,2023-06-19
723956857052424266,2023-06-24
723956857052424266,2023-06-25
723956857052424266,2023-06-27
723956857052424266,2023-06-29
723956857052424266,2023-07-02
723956857052424266,2023-07-03
723956857052424266,2023-07-06
723956857052424266,2023-07-11
723956857052424266,2023-07-16
723956857052424266,2023-07-17
723956857052424266,2023-07-18
723956857052424266,2023-07-21
723956857052424266,2023-07-22
723956857052424266,2023-07-24
723956857052424266,2023-07-29
723956857052424266,2023-07-30
723956857052424266,2023-08-04
723956857052424266,2023-08-06
723956857052424266,2023-08-11
723956857052424266,2023-08-15
723956857052424266,2023-08-18
723956857052424266,2023-08-19
723956857052424266,2023-08-20
723956857052424266,2023-08-21
723956857052424266,2023-08-25
723956857052424266,2023-08-28
723956857052424266,2023-09-03
723956857052424266,2023-09-14
723956857052424266,2023-09-17
723956857052424266,2023-09-19
723956857052424266,2023-09-24
723956857052424266,2023-09-29
723956857052424266,2023-10-01
723956857052424266,2023-10-05
723956857052424266,2023-10-06
723956857052424266,2023-10-08
723956857052424266,2023-10-09
723956857052424266,2023-10-14
723956857052424266,2023-10-15
723956857052424266,2023-10-16
723956857052424266,2023-10-17
723956857052424266,2023-10-21
723956857052424266,2023-10-22
723956857052424266,2023-10-26
723956857052424266,2023-10-27
723956857052424266,2023-10-29
723956857052424266,2023-11-05
723956857052424266,2023-11-11
723956857052424266,2023-11-12
723956857052424266,2023-11-16
723956857052424266,2023-11-20
723956857052424266,2023-11-22
723956857052424266,2023-11-25
723956857052424266,2023-12-01
723956857052424266,2023-12-03
723956857052424266,2023-12-05
723956857052424266,2023-12-10
723956857052424266,2023-12-11
723956857052424266,2023-12-18
723956857052424266,2023-12-23
723956857052424266,2023-12-27
723956857052424266,2023-12-29
723956857052424266,2024-01-07
723956857052424266,2024-01-16
723956857052424266,2024-01-21
723956857052424266,2024-01-28
723956857052424266,2024-02-01
723956857052424266,2024-02-08
723956857052424266,2024-02-11
723956857052424266,2024-02-19
723956857052424266,2024-02-25
723956857052424266,2024-03-04
723956857052424266,2024-03-10
723956857052424266,2024-03-18
723956857052424266,2024-03-20
723956857052424266,2024-03-21
723956857052424266,2024-03-25
723956857052424266,2024-04-02
723956857052424266,2024-04-07
723956857052424266,2024-04-08
723956857052424266,2024-04-14
723956857052424266,2024-04-16
723956857052424266,2024-04-17
723956857052424266,2024-04-22
723956857052424266,2024-04-24
723956857052424266,2024-04-25
723956857052424266,2024-04-28
723956857052424266,2024-05-01
723956857052424266,2024-05-04
723956857052424266,2024-05-05
723956857052424266,2024-05-08
723956857052424266,2024-05-12
723956857052424266,2024-05-19
723956857052424266,2024-05-21
723956857052424266,2024-05-26
723956857052424266,2024-05-27
723956857052424266,2024-05-28
723956857052424266,2024-06-02
723956857052424266,2024-06-05
723956857052424266,2024-06-06
723956857052424266,2024-06-08
723956857052424266,2024-06-10
723956857052424266,2024-06-17
723956857052424266,2024-06-19
723956857052424266,2024-06-20
723956857052424266,2024-06-21
723956857052424266,2024-06-24
723956857052424266,2024-06-25
723956857052424266,2024-06-30
723956857052424266,2024-07-04
723956857052424266,2024-07-11
723956857052424266,2024-07-13
723956857052424266,2024-07-15
723956857052424266,2024-07-22
723956857052424266,2024-07-23
723956857052424266,2024-07-25
723956857052424266,2024-07-27
723956857052424266,2024-08-01
723956857052424266,2024-08-09
723956857052424266,2024-08-11
723956857052424266,2024-08-15
723956857052424266,2024-08-17
723956857052424266,2024-08-19
723956857052424266,2024-08-23
723956857052424266,2024-08-24
723956857052424266,2024-08-25
723956857052424266,2024-08-26
723956857052424266,2024-08-27
723956857052424266,2024-08-29
723956857052424266,2024-08-31
723956857052424266,2024-09-02
723956857052424266,2024-09-08
723956857052424266,2024-09-10
723956857052424266,2024-09-15
723956857052424266,2024-09-25
723956857052424266,2024-10-07
723956857052424266,2024-10-08
723956857052424266,2024-10-09
723956857052424266,2024-10-14
723956857052424266,2024-10-16
723956857052424266,2024-10-18
723956857052424266,2024-10-23
723956857052424266,2024-11-04
723956857052424266,2024-11-11
723956857052424266,2024-11-13
723956857052424266,2024-11-15
723956857052424266,2024-11-17
723956857052424266,2024-11-24
723956857052424266,2024-11-30
723956857052424266,2024-12-01
723956857052424266,2024-12-05
723956857052424266,2024-12-09
723956857052424266,2024-12-13
723956857052424266,2024-12-16
723956857052424266,2024-12-23
723956857052424266,2024-12-26
723956857052424266,2025-01-01
723956857052424266,2025-01-24
723956857052424266,2025-01-26
723956857052424266,2025-02-02
723956857052424266,2025-02-09
723956857052424266,2025-02-11
723956857052424266,2025-02-23
723956857052424266,2025-02-26
723956857052424266,2025-03-02
723956857052424266,2025-03-10
723956857052424266,2025-03-12
723956857052424266,2025-03-23
723956857052424266,2025-04-13
723956857052424266,2025-04-18
723956857052424266,2025-04-21
723956857052424266,2025-04-24
723956857052424266,2025-04-27
723956857052424266,2025-04-29
723956857052424266,2025-05-04
723956857052424266,2025-05-06
723956857052424266,2025-05-08
723956857052424266,2025-05-13
723956857052424266,2025-05-17
723956857052424266,2025-05-18
723956857052424266,2025-05-26
723956857052424266,2025-05-30
723956857052424266,2025-06-05
723956857052424266,2025-06-08
723956857052424266,2025-06-11
723956857052424266,2025-06-14
723956857052424266,2025-06-16
723956857052424266,2025-06-22
723956857052424266,2025-06-28
723956857052424266,2025-06-29
723956857052424266,2025-07-01
723956857052424266,2025-07-03
723956857052424266,2025-07-06
723956857052424266,2025-07-11
723956857052424266,2025-07-20
723956857052424266,2025-07-27
723956857052424266,2025-07-31
723956857052424266,2025-08-03
723956857052424266,2025-08-07
723956857052424266,2025-08-10
723956857052424266,2025-08-17
723956857052424266,2025-08-19
723956857052424266,2025-08-21
723956857052424266,2025-08-29
723956857052424266,2025-09-01
723956857052424266,2025-09-20
723956857052424266,2025-09-21
723956857052424266,2025-09-30
723956857052424266,2025-10-05
723956857052424266,2025-10-06
723956857052424266,2025-10-09
723956857052424266,2025-10-11
723956857052424266,2025-10-13
723956857052424266,2025-10-20
723956857052424266,2025-10-26
723956857052424266,2025-10-29
724566770267420045,2023-09-03
724566770267420045,2023-09-10
724566770267420045,2023-09-14
724566770267420045,2023-09-22
724566770267420045,2023-09-24
724566770267420045,2023-10-02
724566770267420045,2023-10-11
724566770267420045,2023-10-22
724566770267420045,2023-10-27
724566770267420045,2023-10-30
724566770267420045,2023-11-05
724566770267420045,2023-11-09
724566770267420045,2023-11-24
724566770267420045,2023-11-26
724566770267420045,2023-12-03
724566770267420045,2023-12-07
724566770267420045,2023-12-29
724566770267420045,2024-01-10
724566770267420045,2024-01-21
724566770267420045,2024-02-21
724566770267420045,2024-02-29
724566770267420045,2024-03-04
724566770267420045,2024-03-14
724566770267420045,2024-03-21
724566770267420045,2024-03-27
724566770267420045,2024-04-12
724566770267420045,2024-04-17
724566770267420045,2024-04-21
724566770267420045,2024-05-05
724566770267420045,2024-05-08
724566770267420045,2024-05-12
724566770267420045,2024-05-19
724566770267420045,2024-06-02
724566770267420045,2024-06-09
724566770267420045,2024-06-17
724566770267420045,2024-06-23
724566770267420045,2024-07-01
724566770267420045,2024-07-11
724566770267420045,2024-07-27
724566770267420045,2024-08-12
724566770267420045,2024-08-18
724566770267420045,2024-08-25
724566770267420045,2024-09-01
724566770267420045,2024-09-09
724566770267420045,2024-09-15
724566770267420045,2024-09-19
724566770267420045,2024-10-04
724566770267420045,2024-10-13
724566770267420045,2024-10-20
724566770267420045,2024-10-28
724566770267420045,2024-11-01
724566770267420045,2024-11-24
724566770267420045,2024-12-25
724566770267420045,2024-12-30
724566770267420045,2025-01-13
724566770267420045,2025-01-26
724566770267420045,2025-02-18
724566770267420045,2025-02-27
724566770267420045,2025-03-09
724566770267420045,2025-03-28
724566770267420045,2025-04-11
724566770267420045,2025-05-04
724566770267420045,2025-05-21
724566770267420045,2025-05-28
724566770267420045,2025-06-01
724566770267420045,2025-06-09
724566770267420045,2025-06-15
724566770267420045,2025-06-29
724566770267420045,2025-07-04
724566770267420045,2025-07-10
724566770267420045,2025-07-13
724566770267420045,2025-07-21
724566770267420045,2025-07-31
724566770267420045,2025-08-20
724566770267420045,2025-08-24
724566770267420045,2025-09-05
724566770267420045,2025-09-27
724566770267420045,2025-10-17
733964865705013296,2023-03-26
735879623743921266,2022-10-31
735879623743921266,2022-11-26
735879623743921266,2022-12-31
735879623743921266,2023-01-22
735879623743921266,2023-01-27
735879623743921266,2023-01-30
735879623743921266,2023-02-11
735879623743921266,2023-02-23
735879623743921266,2023-02-26
735879623743921266,2023-03-25
735879623743921266,2023-04-24
735879623743921266,2023-05-14
735879623743921266,2023-05-27
735879623743921266,2023-06-05
735879623743921266,2023-06-11
735879623743921266,2023-06-19
735879623743921266,2023-06-27
735879623743921266,2023-07-16
735879623743921266,2023-07-24
735879623743921266,2023-08-06
735879623743921266,2023-08-09
735879623743921266,2023-08-15
735879623743921266,2023-08-20
735879623743921266,2023-08-26
735879623743921266,2023-10-21
735879623743921266,2023-10-22
735879623743921266,2023-10-26
735879623743921266,2023-12-01
735879623743921266,2023-12-21
735879623743921266,2024-01-03
735879623743921266,2024-01-10
735879623743921266,2024-02-10
735879623743921266,2024-02-18
735879623743921266,2024-02-29
735879623743921266,2024-03-10
735879623743921266,2024-03-14
735879623743921266,2024-03-21
735879623743921266,2024-03-23
735879623743921266,2024-04-02
735879623743921266,2024-04-08
735879623743921266,2024-04-10
735879623743921266,2024-04-14
735879623743921266,2024-04-26
735879623743921266,2024-04-28
735879623743921266,2024-05-08
735879623743921266,2024-05-15
735879623743921266,2024-05-20
735879623743921266,2024-05-29
735879623743921266,2024-05-31
735879623743921266,2024-06-02
735879623743921266,2024-06-13
735879623743921266,2024-06-15
735879623743921266,2024-07-05
735879623743921266,2024-07-20
735879623743921266,2024-08-13
735879623743921266,2024-08-16
735879623743921266,2024-08-23
735879623743921266,2024-08-30
735879623743921266,2024-09-06
735879623743921266,2024-09-25
735879623743921266,2024-10-25
735879623743921266,2024-11-09
735879623743921266,2024-11-16
735879623743921266,2024-12-09
735879623743921266,2024-12-21
735879623743921266,2024-12-29
735879623743921266,2025-01-02
735879623743921266,2025-02-16
735879623743921266,2025-02-22
735879623743921266,2025-02-28
735879623743921266,2025-03-02
735879623743921266,2025-03-21
735879623743921266,2025-04-06
735879623743921266,2025-04-12
735879623743921266,2025-04-20
735879623743921266,2025-04-27
735879623743921266,2025-05-06
735879623743921266,2025-05-14
735879623743921266,2025-06-02
735879623743921266,2025-06-06
735879623743921266,2025-06-11
735879623743921266,2025-06-27
735879623743921266,2025-07-02
735879623743921266,2025-07-06
735879623743921266,2025-07-14
735879623743921266,2025-07-31
735879623743921266,2025-08-04
735879623743921266,2025-08-06
735879623743921266,2025-08-12
735879623743921266,2025-08-25
735879623743921266,2025-08-31
735879623743921266,2025-09-23
735879623743921266,2025-10-03
735879623743921266,2025-10-05
735879623743921266,2025-10-17
737574278276037589,2022-11-13
737574278276037589,2022-11-24
737574278276037589,2023-01-01
737574278276037589,2023-01-15
737574278276037589,2023-02-19
737574278276037589,2023-02-26
737574278276037589,2023-03-18
737574278276037589,2023-03-29
737574278276037589,2023-04-22
737574278276037589,2023-04-30
737574278276037589,2023-05-11
737574278276037589,2023-05-21
737574278276037589,2023-05-27
737574278276037589,2023-05-28
737574278276037589,2023-06-04
737574278276037589,2023-06-11
737574278276037589,2023-06-25
737574278276037589,2023-07-09
737574278276037589,2023-07-13
737574278276037589,2023-07-16
737574278276037589,2023-07-23
737574278276037589,2023-07-27
737574278276037589,2023-07-30
737574278276037589,2023-08-06
737574278276037589,2023-08-10
737574278276037589,2023-08-26
737574278276037589,2023-08-27
737574278276037589,2023-09-04
737574278276037589,2023-10-01
737574278276037589,2023-10-09
737574278276037589,2023-10-15
737574278276037589,2023-10-23
737574278276037589,2024-04-14
737574278276037589,2024-04-16
737574278276037589,2024-05-06
737574278276037589,2024-05-19
737574278276037589,2024-05-27
737574278276037589,2024-06-02
737574278276037589,2024-07-20
737574278276037589,2024-07-21
737574278276037589,2024-07-28
737574278276037589,2024-07-31
737574278276037589,2024-08-17
737574278276037589,2024-10-27
737574278276037589,2025-01-31
737574278276037589,2025-03-02
739722503092755616,2022-10-28
739722503092755616,2022-11-10
739722503092755616,2023-02-12
739722503092755616,2023-03-05
739722503092755616,2023-03-20
739722503092755616,2023-04-07
739722503092755616,2023-04-09
739722503092755616,2023-06-28
739722503092755616,2023-07-09
739722503092755616,2023-07-14
739722503092755616,2023-07-24
739722503092755616,2023-09-20
739722503092755616,2023-09-24
739722503092755616,2023-10-11
739722503092755616,2023-10-17
739722503092755616,2023-10-21
739722503092755616,2023-11-12
739722503092755616,2023-12-07
739722503092755616,2023-12-16
739722503092755616,2024-01-12
739722503092755616,2024-02-16
739722503092755616,2024-02-29
739722503092755616,2024-03-31
739722503092755616,2024-05-17
739722503092755616,2024-09-12
739722503092755616,2024-09-16
739722503092755616,2024-09-20
739722503092755616,2024-09-23
739722503092755616,2024-09-28
739722503092755616,2024-10-19
739722503092755616,2024-10-22
739722503092755616,2024-10-28
739722503092755616,2024-11-20
739722503092755616,2024-11-24
739722503092755616,2024-12-28
739722503092755616,2025-02-17
739722503092755616,2025-05-10
739722503092755616,2025-05-25
739722503092755616,2025-07-06
739722503092755616,2025-09-28
739722503092755616,2025-10-14
743600140734706394,2022-12-28
743600140734706394,2022-12-31
743600140734706394,2023-01-18
743600140734706394,2023-01-26
743600140734706394,2024-02-27
743600140734706394,2024-05-12
743600140734706394,2024-08-03
743600140734706394,2024-10-27
743600140734706394,2024-11-10
743600140734706394,2024-11-23
743600140734706394,2024-12-31
743600140734706394,2025-02-01
743600140734706394,2025-02-27
743600140734706394,2025-03-02
743600140734706394,2025-03-22
743600140734706394,2025-04-13
743600140734706394,2025-05-23
743600140734706394,2025-06-01
743600140734706394,2025-06-30
743600140734706394,2025-07-25
743600140734706394,2025-08-10
744430701454304507,2023-04-14
744430701454304507,2023-05-06
744430701454304507,2023-05-14
744430701454304507,2023-05-25
744430701454304507,2023-10-23
744430701454304507,2023-11-12
744430701454304507,2023-11-25
744430701454304507,2023-12-10
744430701454304507,2023-12-30
744430701454304507,2024-04-30
744430701454304507,2024-05-17
744430701454304507,2024-06-01
744430701454304507,2024-06-07
744430701454304507,2024-07-03
744430701454304507,2024-07-07
744430701454304507,2024-07-13
744430701454304507,2024-07-23
744430701454304507,2024-07-26
744430701454304507,2024-08-01
744430701454304507,2024-08-11
744430701454304507,2024-10-02
744430701454304507,2024-10-14
744430701454304507,2024-10-28
744430701454304507,2024-11-13
744430701454304507,2024-12-01
744430701454304507,2024-12-30
744430701454304507,2025-02-16
744430701454304507,2025-04-07
744430701454304507,2025-04-13
744430701454304507,2025-05-15
744430701454304507,2025-05-18
744430701454304507,2025-05-31
744430701454304507,2025-06-19
744430701454304507,2025-06-22
744430701454304507,2025-07-10
744430701454304507,2025-07-19
744430701454304507,2025-07-31
744430701454304507,2025-08-03
744430701454304507,2025-08-29
744430701454304507,2025-09-19
744430701454304507,2025-10-04
751421033442627559,2023-02-19
751421033442627559,2023-02-27
751421033442627559,2023-03-12
751421033442627559,2023-03-19
751421033442627559,2023-03-25
751421033442627559,2023-04-09
751421033442627559,2023-05-21
751421033442627559,2023-08-27
751421033442627559,2023-09-17
751421033442627559,2023-10-01
751421033442627559,2023-10-09
751421033442627559,2023-10-15
751421033442627559,2023-10-22
751421033442627559,2024-02-28
751421033442627559,2024-03-10
751421033442627559,2024-04-21
751421033442627559,2024-05-11
751421033442627559,2024-05-19
751421033442627559,2024-06-05
751421033442627559,2024-06-23
751421033442627559,2024-06-30
751421033442627559,2024-07-06
751421033442627559,2024-07-13
751421033442627559,2024-07-23
751421033442627559,2024-07-31
751421033442627559,2024-10-20
751421033442627559,2025-02-16
751421033442627559,2025-06-22
751421033442627559,2025-06-29
751421033442627559,2025-07-20
751421033442627559,2025-08-04
756752556396798800,2023-01-01
756752556396798800,2023-02-05
756752556396798800,2023-02-22
756752556396798800,2023-04-02
756752556396798800,2023-04-11
756752556396798800,2023-04-13
756752556396798800,2023-06-06
756752556396798800,2023-08-12
756752556396798800,2023-08-20
756752556396798800,2023-10-22
756752556396798800,2023-10-28
756752556396798800,2023-11-10
756752556396798800,2024-01-26
756752556396798800,2024-02-29
756752556396798800,2024-03-23
756752556396798800,2025-02-20
756752556396798800,2025-02-27
756752556396798800,2025-06-10
756752556396798800,2025-07-12
757342235277207834,2022-11-25
757342235277207834,2023-01-01
757342235277207834,2023-01-30
757342235277207834,2023-02-15
757342235277207834,2023-06-24
757342235277207834,2023-08-04
757342235277207834,2023-08-31
757342235277207834,2023-09-10
757342235277207834,2023-09-30
757342235277207834,2024-01-21
757342235277207834,2024-04-02
757342235277207834,2024-04-26
757342235277207834,2024-12-05
757342235277207834,2025-03-31
757978037279611051,2023-02-25
757978037279611051,2023-02-26
757978037279611051,2023-03-04
757978037279611051,2023-03-19
757978037279611051,2023-04-16
757978037279611051,2023-05-03
757978037279611051,2023-05-14
757978037279611051,2023-05-21
757978037279611051,2023-06-11
757978037279611051,2023-06-14
757978037279611051,2023-06-18
757978037279611051,2023-06-25
757978037279611051,2023-07-24
757978037279611051,2023-07-27
757978037279611051,2023-08-21
757978037279611051,2023-10-01
757978037279611051,2023-10-06
757978037279611051,2023-10-08
757978037279611051,2023-10-15
757978037279611051,2023-10-22
757978037279611051,2023-10-29
757978037279611051,2023-12-03
757978037279611051,2024-02-16
757978037279611051,2024-02-18
757978037279611051,2024-02-25
757978037279611051,2024-03-03
757978037279611051,2024-03-31
757978037279611051,2024-05-05
757978037279611051,2024-05-12
757978037279611051,2024-05-19
757978037279611051,2024-06-01
757978037279611051,2024-06-16
757978037279611051,2024-06-22
757978037279611051,2024-06-30
757978037279611051,2024-07-06
757978037279611051,2024-07-14
757978037279611051,2024-07-31
757978037279611051,2024-09-27
757978037279611051,2024-10-06
757978037279611051,2024-10-21
757978037279611051,2024-10-28
757978037279611051,2024-12-27
757978037279611051,2025-01-12
757978037279611051,2025-01-21
757978037279611051,2025-02-10
757978037279611051,2025-02-17
757978037279611051,2025-02-26
757978037279611051,2025-03-09
757978037279611051,2025-04-06
757978037279611051,2025-05-16
757978037279611051,2025-05-25
757978037279611051,2025-06-08
757978037279611051,2025-06-26
757978037279611051,2025-07-06
757978037279611051,2025-07-09
757978037279611051,2025-07-29
757978037279611051,2025-08-06
757978037279611051,2025-08-12
757978037279611051,2025-08-28
761141715827746314,2022-12-17
761141715827746314,2022-12-18
761141715827746314,2023-01-01
761141715827746314,2023-01-21
761141715827746314,2023-02-02
761141715827746314,2023-02-22
761141715827746314,2023-02-25
761141715827746314,2023-03-13
761141715827746314,2023-03-18
761141715827746314,2023-03-19
761141715827746314,2023-03-22
761141715827746314,2023-03-25
761141715827746314,2023-06-29
761141715827746314,2023-08-19
761141715827746314,2023-08-23
761141715827746314,2023-09-15
761141715827746314,2023-09-24
761141715827746314,2023-10-13
761141715827746314,2023-10-16
761141715827746314,2023-10-22
761141715827746314,2024-02-16
761141715827746314,2024-02-17
761141715827746314,2024-02-18
761141715827746314,2024-02-28
761141715827746314,2024-03-06
761141715827746314,2024-03-31
761141715827746314,2024-04-18
761141715827746314,2024-04-21
761141715827746314,2024-04-26
761141715827746314,2024-05-18
761141715827746314,2024-05-23
761141715827746314,2024-05-30
761141715827746314,2024-06-02
761141715827746314,2024-06-10
761141715827746314,2024-06-14
761141715827746314,2024-06-17
761141715827746314,2024-06-28
761141715827746314,2024-06-29
761141715827746314,2024-07-07
761141715827746314,2024-07-09
761141715827746314,2024-07-12
761141715827746314,2024-07-25
761141715827746314,2024-08-11
761141715827746314,2024-09-28
761141715827746314,2025-05-03
761141715827746314,2025-06-15
764508866835218670,2022-12-01
764508866835218670,2023-05-14
764508866835218670,2023-05-27
764508866835218670,2023-06-17
764508866835218670,2023-08-07
764508866835218670,2023-08-08
764508866835218670,2023-08-20
764508866835218670,2023-11-05
764508866835218670,2024-03-25
764508866835218670,2024-04-28
764508866835218670,2024-05-12
764508866835218670,2024-06-09
764508866835218670,2024-06-13
764508866835218670,2024-06-18
764508866835218670,2024-07-17
764508866835218670,2024-07-21
764508866835218670,2024-07-26
764508866835218670,2024-07-27
764508866835218670,2024-07-31
764508866835218670,2024-08-15
764508866835218670,2024-08-17
764508866835218670,2024-08-25
764508866835218670,2024-08-31
764508866835218670,2024-09-22
764508866835218670,2024-10-13
764508866835218670,2024-10-19
764508866835218670,2024-10-20
764508866835218670,2024-10-21
764508866835218670,2024-10-28
764508866835218670,2024-11-11
764508866835218670,2025-01-16
764508866835218670,2025-07-20
764508866835218670,2025-07-27
764508866835218670,2025-07-30
764508866835218670,2025-07-31
764508866835218670,2025-08-03
764508866835218670,2025-09-09
764508866835218670,2025-10-12
774701102203414342,2023-01-01
774701102203414342,2023-01-05
774701102203414342,2023-01-13
774701102203414342,2023-01-20
774701102203414342,2023-01-28
774701102203414342,2023-02-16
774701102203414342,2023-02-20
774701102203414342,2023-03-03
774701102203414342,2023-03-07
774701102203414342,2023-04-01
774701102203414342,2023-04-14
774701102203414342,2023-04-17
774701102203414342,2023-04-24
774701102203414342,2023-04-29
774701102203414342,2023-05-07
774701102203414342,2023-05-10
774701102203414342,2023-05-24
774701102203414342,2023-05-29
774701102203414342,2023-06-05
774701102203414342,2023-06-12
774701102203414342,2023-06-28
774701102203414342,2023-07-03
774701102203414342,2023-07-27
774701102203414342,2023-07-30
774701102203414342,2023-08-27
774701102203414342,2023-09-07
774701102203414342,2023-09-15
774701102203414342,2023-10-02
774701102203414342,2023-10-20
774701102203414342,2023-11-13
774701102203414342,2023-11-26
774701102203414342,2023-11-29
774701102203414342,2023-12-04
774701102203414342,2024-01-06
774701102203414342,2024-01-27
774701102203414342,2024-02-10
774701102203414342,2024-02-17
774701102203414342,2024-03-02
774701102203414342,2024-03-07
774701102203414342,2024-03-19
774701102203414342,2024-04-26
774701102203414342,2024-05-10
774701102203414342,2024-05-24
774701102203414342,2024-05-31
774701102203414342,2024-06-08
774701102203414342,2024-06-24
774701102203414342,2024-08-24
774701102203414342,2024-09-06
774701102203414342,2024-09-13
774701102203414342,2024-10-07
774701102203414342,2024-10-18
774701102203414342,2024-10-29
774701102203414342,2024-12-03
774701102203414342,2024-12-21
774701102203414342,2025-01-09
774701102203414342,2025-01-29
774701102203414342,2025-03-16
774701102203414342,2025-03-28
774701102203414342,2025-04-06
774701102203414342,2025-05-09
774701102203414342,2025-05-15
774701102203414342,2025-05-21
774701102203414342,2025-05-26
774701102203414342,2025-06-23
774701102203414342,2025-07-01
774701102203414342,2025-07-27
774701102203414342,2025-08-01
774701102203414342,2025-08-25
774701102203414342,2025-09-26
774701102203414342,2025-10-13
784781397995494758,2023-02-15
784781397995494758,2023-02-23
784781397995494758,2023-02-26
784781397995494758,2023-04-07
784781397995494758,2023-04-21
784781397995494758,2023-06-12
784781397995494758,2023-06-25
784781397995494758,2023-07-27
784781397995494758,2023-08-25
784781397995494758,2023-10-09
784781397995494758,2023-10-20
784781397995494758,2024-05-16
784781397995494758,2024-05-18
784781397995494758,2024-07-01
784781397995494758,2024-07-31
784781397995494758,2025-05-08
784781397995494758,2025-05-22
784781397995494758,2025-06-01
784781397995494758,2025-06-06
784781397995494758,2025-06-08
784781397995494758,2025-06-27
784781397995494758,2025-07-02
784781397995494758,2025-07-06
784781397995494758,2025-07-10
784781397995494758,2025-07-13
784781397995494758,2025-07-19
784781397995494758,2025-07-21
784781397995494758,2025-07-26
784781397995494758,2025-07-27
784781397995494758,2025-07-29
784781397995494758,2025-08-03
784781397995494758,2025-08-04
784781397995494758,2025-08-05
784781397995494758,2025-08-09
784781397995494758,2025-08-10
784781397995494758,2025-08-13
784781397995494758,2025-08-14
784781397995494758,2025-08-19
784781397995494758,2025-08-21
784781397995494758,2025-08-24
784781397995494758,2025-09-04
784781397995494758,2025-09-10
784781397995494758,2025-09-18
784781397995494758,2025-09-25
784781397995494758,2025-10-04
784781397995494758,2025-10-05
784781397995494758,2025-10-10
784781397995494758,2025-10-19
784781397995494758,2025-10-22
784781397995494758,2025-11-02
786181179052991690,2023-08-11
786181179052991690,2023-10-08
786181179052991690,2024-01-27
786228331433922432,2023-10-02
786228331433922432,2024-01-14
786228331433922432,2024-02-18
786228331433922432,2024-11-09
786316043239579100,2023-02-03
786316043239579100,2023-02-11
786316043239579100,2023-02-26
786316043239579100,2023-03-06
786316043239579100,2023-03-28
786316043239579100,2023-04-02
786316043239579100,2023-04-08
786316043239579100,2023-04-16
786316043239579100,2023-05-05
786316043239579100,2023-05-14
786316043239579100,2023-05-21
786316043239579100,2023-05-23
786316043239579100,2023-05-27
786316043239579100,2023-06-12
786316043239579100,2023-06-17
786316043239579100,2023-07-03
786316043239579100,2023-07-09
786316043239579100,2023-07-14
786316043239579100,2023-07-16
786316043239579100,2023-07-18
786316043239579100,2023-08-13
786316043239579100,2023-08-19
786316043239579100,2023-08-26
786316043239579100,2023-08-31
786316043239579100,2023-09-17
786316043239579100,2023-09-20
786316043239579100,2023-09-24
786316043239579100,2023-10-07
786316043239579100,2023-10-16
786316043239579100,2023-10-21
786316043239579100,2023-12-13
786316043239579100,2024-05-13
786316043239579100,2024-05-26
786316043239579100,2024-06-26
786316043239579100,2024-07-31
786316043239579100,2024-09-09
787023821243442039,2023-02-27
787023821243442039,2023-06-11
787023821243442039,2023-06-24
787023821243442039,2023-06-30
787023821243442039,2023-07-03
787023821243442039,2023-07-07
787023821243442039,2023-07-15
787023821243442039,2023-07-16
787023821243442039,2023-07-17
787023821243442039,2023-07-20
787023821243442039,2023-07-26
787023821243442039,2023-07-27
787023821243442039,2023-08-03
787023821243442039,2023-08-08
787023821243442039,2023-08-13
787023821243442039,2023-08-14
787023821243442039,2023-08-20
787023821243442039,2023-08-23
787023821243442039,2023-08-26
787023821243442039,2023-08-28
787023821243442039,2023-08-31
787023821243442039,2023-09-09
787023821243442039,2023-09-10
787023821243442039,2023-09-12
787023821243442039,2023-09-22
787023821243442039,2023-09-24
787023821243442039,2023-09-30
787023821243442039,2023-10-13
787023821243442039,2023-10-15
787023821243442039,2023-10-17
787023821243442039,2023-10-21
787023821243442039,2023-10-22
787023821243442039,2023-11-12
787023821243442039,2023-11-15
787023821243442039,2023-11-25
787023821243442039,2023-12-11
787023821243442039,2023-12-17
787023821243442039,2023-12-21
787023821243442039,2023-12-26
787023821243442039,2023-12-27
787023821243442039,2023-12-29
787023821243442039,2023-12-30
787023821243442039,2024-01-03
787023821243442039,2024-01-15
787023821243442039,2024-01-21
787023821243442039,2024-01-28
787023821243442039,2024-01-31
787023821243442039,2024-02-03
787023821243442039,2024-02-04
787023821243442039,2024-02-19
787023821243442039,2024-02-25
787023821243442039,2024-02-27
787023821243442039,2024-03-29
787023821243442039,2024-04-08
787023821243442039,2024-04-13
787023821243442039,2024-04-21
787023821243442039,2024-04-25
787023821243442039,2024-04-27
787023821243442039,2024-05-09
787023821243442039,2024-05-10
787023821243442039,2024-05-12
787023821243442039,2024-05-16
787023821243442039,2024-05-19
787023821243442039,2024-06-07
787023821243442039,2024-06-14
787023821243442039,2024-06-16
787023821243442039,2024-06-23
787023821243442039,2024-06-28
787023821243442039,2024-07-02
787023821243442039,2024-07-10
787023821243442039,2024-07-12
787023821243442039,2024-07-21
787023821243442039,2024-07-28
787023821243442039,2024-08-03
787023821243442039,2024-08-07
787023821243442039,2024-08-11
787023821243442039,2024-08-18
787023821243442039,2024-08-24
787023821243442039,2024-08-25
787023821243442039,2024-09-01
787023821243442039,2024-09-02
787023821243442039,2024-09-09
787023821243442039,2024-09-29
787023821243442039,2024-10-11
787023821243442039,2024-10-13
787023821243442039,2024-10-14
787023821243442039,2024-10-20
787023821243442039,2024-10-25
787023821243442039,2024-11-30
787023821243442039,2024-12-09
787023821243442039,2024-12-14
787023821243442039,2024-12-28
787023821243442039,2024-12-29
787023821243442039,2024-12-30
787023821243442039,2025-01-12
787023821243442039,2025-01-18
787023821243442039,2025-01-19
787023821243442039,2025-01-20
787023821243442039,2025-03-01
787023821243442039,2025-03-05
787023821243442039,2025-03-09
787023821243442039,2025-03-16
787023821243442039,2025-03-20
787023821243442039,2025-03-30
787023821243442039,2025-04-23
787023821243442039,2025-05-03
787023821243442039,2025-05-08
787023821243442039,2025-05-10
787023821243442039,2025-05-16
787023821243442039,2025-05-25
787023821243442039,2025-06-02
787023821243442039,2025-06-10
787023821243442039,2025-06-22
787023821243442039,2025-06-29
787023821243442039,2025-06-30
787023821243442039,2025-07-11
787023821243442039,2025-07-15
787023821243442039,2025-07-18
787023821243442039,2025-07-20
787023821243442039,2025-08-10
787023821243442039,2025-08-17
787023821243442039,2025-08-18
787023821243442039,2025-08-19
787023821243442039,2025-08-24
787023821243442039,2025-09-04
787023821243442039,2025-09-08
787023821243442039,2025-09-21
787023821243442039,2025-09-28
787023821243442039,2025-10-06
787023821243442039,2025-10-19
794723189688979530,2023-05-28
794723189688979530,2023-06-19
794723189688979530,2023-08-06
794723189688979530,2023-11-03
794723189688979530,2023-11-11
794723189688979530,2023-11-21
794723189688979530,2024-06-08
794723189688979530,2024-07-31
794723189688979530,2024-10-12
794723189688979530,2024-10-28
794723189688979530,2024-11-17
794723189688979530,2024-11-22
794723189688979530,2024-12-21
794723189688979530,2025-04-27
794723189688979530,2025-06-13
794723189688979530,2025-06-20
794723189688979530,2025-07-20
794723189688979530,2025-07-29
794723189688979530,2025-09-01
795541666227926706,2023-08-13
795541666227926706,2024-04-28
795541666227926706,2024-06-16
795541666227926706,2024-07-11
795541666227926706,2024-08-18
795541666227926706,2025-07-17
795541666227926706,2025-08-17
796231143904004713,2023-07-23
796231143904004713,2023-08-20
796231143904004713,2023-09-16
796231143904004713,2023-09-29
796231143904004713,2023-10-27
796231143904004713,2024-01-10
796231143904004713,2024-01-19
796231143904004713,2024-03-25
796231143904004713,2024-06-19
796231143904004713,2024-06-30
796231143904004713,2024-11-13
796231143904004713,2024-12-01
797455132224782470,2023-01-29
797455132224782470,2023-05-19
797455132224782470,2023-06-12
797455132224782470,2023-07-26
797455132224782470,2023-08-12
797455132224782470,2023-08-26
797455132224782470,2023-09-03
797455132224782470,2023-09-12
797455132224782470,2023-09-18
797455132224782470,2023-11-17
797455132224782470,2024-04-03
797455132224782470,2024-08-30
797455132224782470,2024-09-11
797455132224782470,2024-09-30
797455132224782470,2025-06-29
797455132224782470,2025-07-19
797455132224782470,2025-07-21
797455132224782470,2025-07-28
797455132224782470,2025-08-01
797455132224782470,2025-08-02
797455132224782470,2025-10-01
797455132224782470,2025-10-08
802216634798169031,2023-08-06
802216634798169031,2023-08-28
802216634798169031,2023-09-03
802216634798169031,2023-11-24
802216634798169031,2024-02-10
802216634798169031,2024-10-13
803604897479679272,2023-06-20
803604897479679272,2024-06-19
803604897479679272,2024-11-09
803604897479679272,2025-06-21
803682039097862541,2024-03-24
803682039097862541,2024-03-31
803682039097862541,2024-04-15
803682039097862541,2024-04-21
803682039097862541,2024-05-10
803682039097862541,2024-05-22
803682039097862541,2024-06-09
803682039097862541,2024-11-29
803682039097862541,2025-01-19
803682039097862541,2025-02-17
803682039097862541,2025-02-22
803682039097862541,2025-03-02
803682039097862541,2025-03-09
803682039097862541,2025-04-13
803682039097862541,2025-04-25
803682039097862541,2025-04-26
803682039097862541,2025-05-03
803682039097862541,2025-05-04
803682039097862541,2025-05-11
803682039097862541,2025-05-20
803682039097862541,2025-06-15
803682039097862541,2025-06-22
803682039097862541,2025-07-18
803682039097862541,2025-07-30
803682039097862541,2025-08-05
803682039097862541,2025-08-07
803682039097862541,2025-08-23
803682039097862541,2025-08-24
803682039097862541,2025-08-26
803682039097862541,2025-09-07
803682039097862541,2025-09-20
803682039097862541,2025-09-21
803682039097862541,2025-09-27
803682039097862541,2025-09-28
803682039097862541,2025-10-12
803682039097862541,2025-10-19
803814397190632412,2023-07-22
803814397190632412,2023-07-29
803814397190632412,2023-08-27
803814397190632412,2024-05-04
803814397190632412,2024-07-07
803814397190632412,2024-10-11
803867986023966300,2023-07-17
803867986023966300,2023-07-19
803867986023966300,2023-07-22
803867986023966300,2023-07-28
803867986023966300,2024-02-28
803867986023966300,2024-03-17
803867986023966300,2024-05-03
803867986023966300,2024-06-09
803867986023966300,2024-10-29
803867986023966300,2025-08-27
806767523952124375,2023-01-29
806767523952124375,2023-01-31
806767523952124375,2023-02-04
806767523952124375,2023-02-26
806767523952124375,2023-03-25
806767523952124375,2023-04-01
806767523952124375,2023-04-08
806767523952124375,2023-04-09
806767523952124375,2023-04-16
806767523952124375,2023-06-05
806767523952124375,2023-06-13
806767523952124375,2023-06-19
806767523952124375,2023-07-07
806767523952124375,2023-07-28
806767523952124375,2023-08-01
806767523952124375,2023-08-16
806767523952124375,2023-09-05
806767523952124375,2023-09-09
806767523952124375,2023-10-29
806767523952124375,2023-11-26
806767523952124375,2024-02-04
806767523952124375,2024-04-02
806767523952124375,2024-04-26
806767523952124375,2024-05-24
806767523952124375,2024-06-19
806767523952124375,2024-06-24
806767523952124375,2024-06-25
806767523952124375,2024-06-30
806767523952124375,2024-07-03
806767523952124375,2024-07-15
806767523952124375,2024-08-10
806767523952124375,2024-08-21
806767523952124375,2024-10-04
806767523952124375,2024-10-11
806767523952124375,2024-10-13
806767523952124375,2024-10-20
806767523952124375,2025-03-09
806767523952124375,2025-03-14
806767523952124375,2025-03-16
806767523952124375,2025-05-17
806767523952124375,2025-06-28
806767523952124375,2025-06-29
806767523952124375,2025-07-01
806767523952124375,2025-07-06
806767523952124375,2025-07-18
806767523952124375,2025-07-31
806767523952124375,2025-08-03
809524698302742033,2025-05-04
809524698302742033,2025-10-20
813640070361665090,2023-08-03
813640070361665090,2023-08-20
813640070361665090,2023-08-22
813640070361665090,2023-08-25
813640070361665090,2023-09-24
813640070361665090,2023-10-15
813640070361665090,2023-10-31
813640070361665090,2023-12-02
813640070361665090,2023-12-15
813640070361665090,2023-12-31
813640070361665090,2024-08-19
813640070361665090,2024-08-31
813640070361665090,2025-01-14
813640070361665090,2025-02-16
813640070361665090,2025-02-23
813640070361665090,2025-02-27
813640070361665090,2025-06-07
813640070361665090,2025-07-07
813640070361665090,2025-08-24
813640070361665090,2025-09-05
816085193659797849,2023-02-08
816085193659797849,2023-02-22
816085193659797849,2023-02-25
816085193659797849,2023-02-26
816085193659797849,2023-03-01
816085193659797849,2023-03-25
816085193659797849,2023-07-08
816085193659797849,2023-07-16
816085193659797849,2023-07-23
816085193659797849,2023-07-28
816085193659797849,2023-08-12
816085193659797849,2023-08-13
816085193659797849,2023-08-17
816085193659797849,2023-08-20
816085193659797849,2023-08-31
816085193659797849,2023-09-02
816085193659797849,2023-09-19
816085193659797849,2023-09-26
816085193659797849,2023-09-30
816085193659797849,2023-10-07
816085193659797849,2023-10-21
816085193659797849,2023-11-19
816085193659797849,2023-11-26
816085193659797849,2023-12-03
816085193659797849,2023-12-11
816085193659797849,2024-02-18
816085193659797849,2024-03-05
816085193659797849,2024-03-18
816085193659797849,2024-03-31
816085193659797849,2024-04-09
816085193659797849,2024-12-06
816085193659797849,2025-02-03
816085193659797849,2025-02-14
816085193659797849,2025-03-10
816085193659797849,2025-03-13
816085193659797849,2025-03-27
816085193659797849,2025-05-03
816085193659797849,2025-05-06
816085193659797849,2025-05-08
816085193659797849,2025-05-13
816085193659797849,2025-07-06
816085193659797849,2025-07-11
816085193659797849,2025-07-18
816085193659797849,2025-07-31
816085193659797849,2025-08-04
816085193659797849,2025-08-08
816085193659797849,2025-08-25
816085193659797849,2025-10-02
816085193659797849,2025-10-12
816085193659797849,2025-10-15
821566342267452838,2023-03-07
821566342267452838,2023-03-09
821566342267452838,2023-11-30
826301775871257033,2023-02-20
826301775871257033,2023-02-25
826301775871257033,2023-03-07
826301775871257033,2023-03-11
826301775871257033,2023-03-19
826301775871257033,2023-05-06
826301775871257033,2023-05-18
826301775871257033,2023-05-22
826301775871257033,2023-05-27
826301775871257033,2023-05-28
826301775871257033,2023-06-10
826301775871257033,2023-07-15
826301775871257033,2023-07-23
826301775871257033,2023-09-02
826301775871257033,2023-09-03
826301775871257033,2024-01-15
826301775871257033,2024-01-28
826301775871257033,2024-12-15
826301775871257033,2024-12-27
826301775871257033,2025-01-01
826301775871257033,2025-01-23
826301775871257033,2025-01-25
826301775871257033,2025-02-10
826301775871257033,2025-02-16
826301775871257033,2025-03-02
826301775871257033,2025-03-17
826301775871257033,2025-03-22
826301775871257033,2025-03-24
826301775871257033,2025-04-13
826301775871257033,2025-05-03
826301775871257033,2025-05-18
826301775871257033,2025-06-01
826301775871257033,2025-06-06
826301775871257033,2025-06-08
826301775871257033,2025-06-15
826301775871257033,2025-06-21
826301775871257033,2025-06-22
826301775871257033,2025-06-25
826301775871257033,2025-06-29
826301775871257033,2025-07-03
826301775871257033,2025-07-11
826301775871257033,2025-07-12
826301775871257033,2025-07-18
826301775871257033,2025-07-25
826301775871257033,2025-07-27
826301775871257033,2025-08-01
826301775871257033,2025-08-03
826301775871257033,2025-08-06
826301775871257033,2025-08-10
826301775871257033,2025-08-16
826301775871257033,2025-08-22
826301775871257033,2025-08-29
826301775871257033,2025-09-07
826301775871257033,2025-09-27
826301775871257033,2025-10-03
826301775871257033,2025-10-11
831122937768017113,2023-03-12
831122937768017113,2023-03-19
831122937768017113,2023-03-26
831122937768017113,2023-04-08
831122937768017113,2023-04-16
831122937768017113,2023-04-23
831122937768017113,2023-04-28
831122937768017113,2023-04-30
831122937768017113,2023-05-07
831122937768017113,2023-05-14
831122937768017113,2023-05-21
831122937768017113,2023-05-26
831122937768017113,2023-06-18
831122937768017113,2023-06-24
831122937768017113,2023-06-26
831122937768017113,2023-06-30
831122937768017113,2023-07-08
831122937768017113,2023-07-11
831122937768017113,2023-07-16
831122937768017113,2023-07-19
831122937768017113,2023-07-27
831122937768017113,2023-07-31
831122937768017113,2023-08-04
831122937768017113,2023-08-08
831122937768017113,2023-08-13
831122937768017113,2023-08-20
831122937768017113,2023-08-24
831122937768017113,2023-08-25
831122937768017113,2023-09-08
831122937768017113,2023-09-10
831122937768017113,2023-09-15
831122937768017113,2023-09-25
831122937768017113,2023-09-29
831122937768017113,2023-10-06
831122937768017113,2023-10-08
831122937768017113,2023-11-05
831122937768017113,2023-11-20
831122937768017113,2023-11-27
831122937768017113,2023-12-01
831122937768017113,2023-12-03
831122937768017113,2023-12-10
831122937768017113,2023-12-12
831122937768017113,2023-12-27
831122937768017113,2024-01-16
831122937768017113,2024-01-21
831122937768017113,2024-01-26
831122937768017113,2024-02-04
831122937768017113,2024-02-25
831122937768017113,2024-02-28
831122937768017113,2024-03-03
831122937768017113,2024-03-10
831122937768017113,2024-03-12
831122937768017113,2024-03-17
831122937768017113,2024-03-22
831122937768017113,2024-04-02
831122937768017113,2024-04-06
831122937768017113,2024-04-14
831122937768017113,2024-04-18
831122937768017113,2024-04-23
831122937768017113,2024-05-24
831122937768017113,2024-05-27
831122937768017113,2024-05-31
831122937768017113,2024-06-02
831122937768017113,2024-06-24
831122937768017113,2024-06-29
831122937768017113,2024-07-14
831122937768017113,2024-07-21
831122937768017113,2024-07-26
831122937768017113,2024-07-29
831122937768017113,2024-08-04
831122937768017113,2024-08-08
831122937768017113,2024-08-11
831122937768017113,2024-09-02
831122937768017113,2024-09-09
831122937768017113,2024-09-13
831122937768017113,2024-09-15
831122937768017113,2024-09-18
831122937768017113,2024-10-06
831122937768017113,2024-10-20
831122937768017113,2024-10-28
831122937768017113,2024-11-17
831122937768017113,2024-11-24
831122937768017113,2024-12-08
831122937768017113,2024-12-15
831122937768017113,2024-12-22
831122937768017113,2024-12-27
831122937768017113,2024-12-29
831122937768017113,2025-01-20
831122937768017113,2025-02-02
831122937768017113,2025-02-09
831122937768017113,2025-02-23
831122937768017113,2025-02-26
831122937768017113,2025-03-02
831122937768017113,2025-03-09
831122937768017113,2025-03-21
831122937768017113,2025-03-26
831122937768017113,2025-03-31
831122937768017113,2025-04-14
831122937768017113,2025-04-20
831122937768017113,2025-05-17
831122937768017113,2025-05-18
831122937768017113,2025-06-04
831122937768017113,2025-06-07
831122937768017113,2025-06-11
831122937768017113,2025-06-15
831122937768017113,2025-06-22
831122937768017113,2025-06-29
831122937768017113,2025-07-02
831122937768017113,2025-07-06
831122937768017113,2025-07-15
831122937768017113,2025-07-21
831122937768017113,2025-07-30
831122937768017113,2025-08-22
831122937768017113,2025-08-30
831122937768017113,2025-09-18
831122937768017113,2025-09-22
831122937768017113,2025-09-28
831122937768017113,2025-10-02
831122937768017113,2025-10-05
831122937768017113,2025-10-22
841524382518312215,2023-09-04
841524382518312215,2024-03-18
841524382518312215,2024-03-26
841524382518312215,2024-04-02
841524382518312215,2024-06-10
841524382518312215,2024-07-09
841524433909352403,2023-06-28
841524433909352403,2023-06-29
841524433909352403,2023-07-09
841524433909352403,2023-07-15
841524433909352403,2023-07-22
841524433909352403,2023-07-27
841524433909352403,2023-07-30
841524433909352403,2023-08-14
841524433909352403,2023-09-30
841524433909352403,2023-10-15
841524433909352403,2023-10-29
841524433909352403,2023-12-03
843481456379840308,2023-03-21
843481456379840308,2023-09-04
845960193409947556,2023-03-25
845960193409947556,2023-04-02
845960193409947556,2023-04-06
845960193409947556,2023-04-16
845960193409947556,2023-05-08
845960193409947556,2023-05-14
845960193409947556,2023-05-18
845960193409947556,2023-05-21
845960193409947556,2023-05-28
845960193409947556,2023-05-30
845960193409947556,2023-06-05
845960193409947556,2023-06-07
845960193409947556,2023-06-11
845960193409947556,2023-06-12
845960193409947556,2023-06-16
845960193409947556,2023-06-25
845960193409947556,2023-06-29
845960193409947556,2023-07-05
845960193409947556,2023-07-12
845960193409947556,2023-07-16
845960193409947556,2023-07-23
845960193409947556,2023-07-29
845960193409947556,2023-08-01
845960193409947556,2023-08-02
845960193409947556,2023-08-04
845960193409947556,2023-08-09
845960193409947556,2023-08-13
845960193409947556,2023-08-14
845960193409947556,2023-08-17
845960193409947556,2023-08-20
845960193409947556,2023-08-21
845960193409947556,2023-09-04
845960193409947556,2023-09-11
845960193409947556,2023-09-14
845960193409947556,2023-09-29
845960193409947556,2023-10-09
845960193409947556,2023-10-13
845960193409947556,2023-10-23
845960193409947556,2023-10-29
845960193409947556,2023-11-05
845960193409947556,2023-11-18
845960193409947556,2023-11-25
845960193409947556,2024-01-04
845960193409947556,2024-01-07
845960193409947556,2024-01-14
845960193409947556,2024-01-28
845960193409947556,2024-02-11
845960193409947556,2024-02-22
845960193409947556,2024-02-24
845960193409947556,2024-02-28
845960193409947556,2024-03-05
845960193409947556,2024-03-10
845960193409947556,2024-03-24
845960193409947556,2024-03-28
845960193409947556,2024-04-02
845960193409947556,2024-04-07
845960193409947556,2024-04-08
845960193409947556,2024-04-14
845960193409947556,2024-04-16
845960193409947556,2024-04-21
845960193409947556,2024-04-22
845960193409947556,2024-04-27
845960193409947556,2024-05-12
845960193409947556,2024-05-26
845960193409947556,2024-06-02
845960193409947556,2024-06-04
845960193409947556,2024-06-09
845960193409947556,2024-06-23
845960193409947556,2024-06-26
845960193409947556,2024-07-07
845960193409947556,2024-07-10
845960193409947556,2024-07-12
845960193409947556,2024-07-13
845960193409947556,2024-07-21
845960193409947556,2024-07-25
845960193409947556,2024-07-28
845960193409947556,2024-08-07
845960193409947556,2024-08-11
845960193409947556,2024-08-14
845960193409947556,2024-08-23
845960193409947556,2024-08-28
845960193409947556,2024-09-16
845960193409947556,2024-10-01
845960193409947556,2024-10-11
845960193409947556,2024-10-13
845960193409947556,2024-10-20
845960193409947556,2024-10-21
845960193409947556,2024-10-27
845960193409947556,2024-10-28
845960193409947556,2024-11-03
845960193409947556,2024-11-10
845960193409947556,2025-01-05
845960193409947556,2025-01-14
845960193409947556,2025-01-16
845960193409947556,2025-01-19
845960193409947556,2025-01-21
845960193409947556,2025-02-06
845960193409947556,2025-02-23
845960193409947556,2025-02-26
845960193409947556,2025-03-16
845960193409947556,2025-04-06
845960193409947556,2025-04-09
845960193409947556,2025-04-14
845960193409947556,2025-04-18
845960193409947556,2025-04-21
845960193409947556,2025-04-28
845960193409947556,2025-04-29
845960193409947556,2025-05-02
845960193409947556,2025-05-04
845960193409947556,2025-05-06
845960193409947556,2025-05-19
845960193409947556,2025-05-25
845960193409947556,2025-05-29
845960193409947556,2025-06-02
845960193409947556,2025-06-06
845960193409947556,2025-06-08
845960193409947556,2025-06-15
845960193409947556,2025-06-18
845960193409947556,2025-06-24
845960193409947556,2025-06-29
845960193409947556,2025-07-04
845960193409947556,2025-07-13
845960193409947556,2025-07-17
845960193409947556,2025-07-20
845960193409947556,2025-07-22
845960193409947556,2025-07-27
845960193409947556,2025-08-17
845960193409947556,2025-08-21
845960193409947556,2025-08-25
845960193409947556,2025-08-31
845960193409947556,2025-09-07
845960193409947556,2025-09-11
845960193409947556,2025-09-18
845960193409947556,2025-09-26
845960193409947556,2025-09-28
845960193409947556,2025-10-01
845960193409947556,2025-10-05
846586211673806912,2023-04-14
846586211673806912,2023-04-27
846586211673806912,2023-04-30
846586211673806912,2023-05-15
846586211673806912,2023-05-22
846586211673806912,2023-08-12
846586211673806912,2023-08-30
846586211673806912,2023-09-03
846586211673806912,2023-09-30
846586211673806912,2023-10-07
846586211673806912,2023-12-28
846586211673806912,2024-02-02
846586211673806912,2024-05-14
846586211673806912,2024-05-19
846586211673806912,2024-05-27
846586211673806912,2024-07-13
846586211673806912,2024-07-27
846586211673806912,2024-08-24
846586211673806912,2025-01-24
850173470105833039,2023-04-07
850173470105833039,2023-04-10
850173470105833039,2023-04-15
850173470105833039,2023-04-18
850173470105833039,2023-04-22
850173470105833039,2023-04-27
850173470105833039,2023-04-29
850173470105833039,2023-05-06
850173470105833039,2023-05-13
850173470105833039,2023-05-21
850173470105833039,2023-05-31
850173470105833039,2023-06-03
850173470105833039,2023-06-05
850173470105833039,2023-06-09
850173470105833039,2023-06-11
850173470105833039,2023-06-18
850173470105833039,2023-06-22
850173470105833039,2023-06-25
850173470105833039,2023-06-28
850173470105833039,2023-07-04
850173470105833039,2023-07-12
850173470105833039,2023-07-16
850173470105833039,2023-07-24
850173470105833039,2023-07-26
850173470105833039,2023-07-27
850173470105833039,2023-07-28
850173470105833039,2023-07-30
850173470105833039,2023-08-01
850173470105833039,2023-08-03
850173470105833039,2023-08-12
850173470105833039,2023-08-19
850173470105833039,2023-08-20
850173470105833039,2023-08-22
850173470105833039,2023-08-27
850173470105833039,2023-09-01
850173470105833039,2023-09-02
850173470105833039,2023-09-04
850173470105833039,2023-09-10
850173470105833039,2023-09-15
850173470105833039,2023-09-21
850173470105833039,2023-09-22
850173470105833039,2023-09-28
850173470105833039,2023-10-01
850173470105833039,2023-10-07
850173470105833039,2023-10-09
850173470105833039,2023-10-12
850173470105833039,2023-10-14
850173470105833039,2023-10-16
850173470105833039,2023-10-22
850173470105833039,2023-10-27
850173470105833039,2023-10-29
850173470105833039,2023-11-08
850173470105833039,2023-11-12
850173470105833039,2023-12-02
850173470105833039,2023-12-03
850173470105833039,2023-12-04
850173470105833039,2023-12-17
850173470105833039,2023-12-22
850173470105833039,2023-12-28
850173470105833039,2023-12-29
850173470105833039,2024-01-12
850173470105833039,2024-02-18
850173470105833039,2024-03-02
850173470105833039,2024-03-06
850173470105833039,2024-03-10
850173470105833039,2024-03-12
850173470105833039,2024-03-26
850173470105833039,2024-03-29
850173470105833039,2024-04-01
850173470105833039,2024-04-02
850173470105833039,2024-04-06
850173470105833039,2024-04-07
850173470105833039,2024-04-13
850173470105833039,2024-04-14
850173470105833039,2024-04-16
850173470105833039,2024-04-21
850173470105833039,2024-04-22
850173470105833039,2024-04-25
850173470105833039,2024-04-27
850173470105833039,2024-04-28
850173470105833039,2024-05-04
850173470105833039,2024-05-06
850173470105833039,2024-05-12
850173470105833039,2024-05-15
850173470105833039,2024-05-20
850173470105833039,2024-05-22
850173470105833039,2024-05-26
850173470105833039,2024-05-28
850173470105833039,2024-06-01
850173470105833039,2024-06-02
850173470105833039,2024-06-05
850173470105833039,2024-06-09
850173470105833039,2024-06-13
850173470105833039,2024-06-15
850173470105833039,2024-06-16
850173470105833039,2024-06-22
850173470105833039,2024-06-23
850173470105833039,2024-06-26
850173470105833039,2024-07-07
850173470105833039,2024-07-10
850173470105833039,2024-07-14
850173470105833039,2024-07-16
850173470105833039,2024-07-18
850173470105833039,2024-07-20
850173470105833039,2024-07-21
850173470105833039,2024-07-22
850173470105833039,2024-07-29
850173470105833039,2024-07-31
850173470105833039,2024-08-02
850173470105833039,2024-08-03
850173470105833039,2024-08-05
850173470105833039,2024-08-06
850173470105833039,2024-08-09
850173470105833039,2024-08-11
850173470105833039,2024-08-14
850173470105833039,2024-08-18
850173470105833039,2024-08-20
850173470105833039,2024-08-25
850173470105833039,2024-08-31
850173470105833039,2024-09-01
850173470105833039,2024-09-07
850173470105833039,2024-09-10
850173470105833039,2024-09-11
850173470105833039,2024-09-16
850173470105833039,2024-09-21
850173470105833039,2024-09-22
850173470105833039,2024-09-25
850173470105833039,2024-09-27
850173470105833039,2024-09-29
850173470105833039,2024-09-30
850173470105833039,2024-10-03
850173470105833039,2024-10-04
850173470105833039,2024-10-05
850173470105833039,2024-10-13
850173470105833039,2024-10-14
850173470105833039,2024-10-17
850173470105833039,2024-10-18
850173470105833039,2024-10-21
850173470105833039,2024-10-25
850173470105833039,2024-10-27
850173470105833039,2024-10-28
850173470105833039,2024-10-29
850173470105833039,2024-11-06
850173470105833039,2024-11-08
850173470105833039,2024-11-11
850173470105833039,2024-11-16
850173470105833039,2024-11-29
850173470105833039,2024-11-30
850173470105833039,2024-12-05
850173470105833039,2024-12-29
850173470105833039,2025-01-04
850173470105833039,2025-01-12
850173470105833039,2025-01-20
850173470105833039,2025-01-22
850173470105833039,2025-02-03
850173470105833039,2025-02-04
850173470105833039,2025-02-09
850173470105833039,2025-02-11
850173470105833039,2025-02-15
850173470105833039,2025-02-21
850173470105833039,2025-02-24
850173470105833039,2025-03-02
850173470105833039,2025-03-05
850173470105833039,2025-03-31
850173470105833039,2025-04-19
850173470105833039,2025-04-24
850173470105833039,2025-04-27
850173470105833039,2025-04-30
850173470105833039,2025-05-04
850173470105833039,2025-05-16
850173470105833039,2025-05-18
850173470105833039,2025-05-24
850173470105833039,2025-05-31
850173470105833039,2025-06-07
850173470105833039,2025-06-10
850173470105833039,2025-06-15
850173470105833039,2025-06-21
850173470105833039,2025-06-22
850173470105833039,2025-07-06
850173470105833039,2025-07-17
850173470105833039,2025-07-18
850173470105833039,2025-07-31
850173470105833039,2025-08-05
850173470105833039,2025-08-09
850173470105833039,2025-08-16
850173470105833039,2025-08-18
850173470105833039,2025-08-22
850173470105833039,2025-08-24
850173470105833039,2025-09-07
850173470105833039,2025-09-09
850173470105833039,2025-09-10
850173470105833039,2025-09-11
850173470105833039,2025-09-16
850173470105833039,2025-09-17
850173470105833039,2025-09-22
850173470105833039,2025-09-28
850173470105833039,2025-09-30
850173470105833039,2025-10-05
850173470105833039,2025-10-11
850173470105833039,2025-10-12
850173470105833039,2025-10-15
850173470105833039,2025-10-19
850653820133738660,2023-07-31
850653820133738660,2023-08-10
850653820133738660,2023-08-20
850653820133738660,2023-09-18
850653820133738660,2023-11-03
850653820133738660,2024-03-17
850653820133738660,2024-07-01
850653820133738660,2024-08-01
850653820133738660,2024-09-26
850653820133738660,2024-09-29
850653820133738660,2024-10-06
850653820133738660,2024-10-24
850653820133738660,2024-10-29
850653820133738660,2025-02-02
850653820133738660,2025-04-12
850653820133738660,2025-05-22
850653820133738660,2025-10-11
857981934159027424,2023-05-24
857981934159027424,2023-06-30
857981934159027424,2023-07-21
857981934159027424,2023-08-25
857981934159027424,2023-09-03
857981934159027424,2023-09-22
857981934159027424,2023-09-30
857981934159027424,2023-10-21
857981934159027424,2023-11-01
857981934159027424,2023-11-08
857981934159027424,2023-12-16
857981934159027424,2024-03-26
857981934159027424,2024-05-14
857981934159027424,2024-05-30
857981934159027424,2024-06-11
857981934159027424,2024-07-09
857981934159027424,2024-08-24
857981934159027424,2024-09-07
857981934159027424,2024-11-11
857981934159027424,2025-03-01
857981934159027424,2025-04-08
857981934159027424,2025-05-17
857981934159027424,2025-06-24
857981934159027424,2025-06-29
857981934159027424,2025-07-31
857981934159027424,2025-08-04
857981934159027424,2025-10-13
870457209918967324,2023-10-01
870457209918967324,2023-10-13
870457209918967324,2024-02-02
870457209918967324,2024-03-02
881231954286264195,2023-05-02
881231954286264195,2023-05-03
881231954286264195,2023-05-14
881231954286264195,2023-05-27
881231954286264195,2023-05-29
881231954286264195,2023-06-05
881231954286264195,2023-06-10
881231954286264195,2023-06-13
881231954286264195,2024-08-19
881231954286264195,2024-08-28
881231954286264195,2024-09-01
881231954286264195,2024-11-02
881231954286264195,2024-11-13
881231954286264195,2024-11-17
881231954286264195,2024-11-23
881231954286264195,2025-01-03
881231954286264195,2025-01-15
881231954286264195,2025-02-16
881231954286264195,2025-02-27
881231954286264195,2025-04-11
881231954286264195,2025-10-05
881231954286264195,2025-10-13
881231954286264195,2025-10-20
881231954286264195,2025-11-01
882229561343619620,2023-05-18
882229561343619620,2023-05-24
882229561343619620,2023-05-31
882229561343619620,2023-06-04
882229561343619620,2023-06-11
882229561343619620,2023-06-16
882229561343619620,2023-06-17
882229561343619620,2023-06-20
882229561343619620,2023-07-22
882229561343619620,2023-08-27
882229561343619620,2023-09-04
882229561343619620,2023-09-09
882229561343619620,2023-09-11
882229561343619620,2023-09-17
882229561343619620,2023-09-21
882229561343619620,2023-09-24
882229561343619620,2023-10-14
882229561343619620,2023-10-21
882229561343619620,2023-10-25
882229561343619620,2023-10-29
882229561343619620,2023-10-31
882229561343619620,2023-11-05
882229561343619620,2023-11-10
882229561343619620,2023-11-12
882229561343619620,2023-11-24
882229561343619620,2023-12-03
882229561343619620,2023-12-31
882229561343619620,2024-01-04
882229561343619620,2024-01-15
882229561343619620,2024-01-21
882229561343619620,2024-01-25
882229561343619620,2024-02-04
882229561343619620,2024-02-21
882229561343619620,2024-02-25
882229561343619620,2024-02-28
882229561343619620,2024-03-02
882229561343619620,2024-03-14
882229561343619620,2024-03-17
882229561343619620,2024-03-29
882229561343619620,2024-04-07
882229561343619620,2024-05-05
882229561343619620,2024-05-12
882229561343619620,2024-06-08
882229561343619620,2024-06-10
882229561343619620,2024-06-22
882229561343619620,2024-06-24
882229561343619620,2024-07-04
882229561343619620,2024-07-09
882229561343619620,2024-07-12
882229561343619620,2024-07-14
882229561343619620,2024-08-02
882229561343619620,2024-08-07
882229561343619620,2024-09-08
882229561343619620,2024-09-29
882229561343619620,2024-10-06
882229561343619620,2024-10-12
882229561343619620,2024-10-28
882229561343619620,2024-12-10
882229561343619620,2025-01-25
882229561343619620,2025-02-02
882229561343619620,2025-02-15
882229561343619620,2025-05-31
882229561343619620,2025-06-13
882229561343619620,2025-06-21
882229561343619620,2025-07-06
882229561343619620,2025-07-22
882229561343619620,2025-07-27
882229561343619620,2025-08-03
882229561343619620,2025-08-11
882229561343619620,2025-08-17
882229561343619620,2025-10-07
882229561343619620,2025-10-26
882229561343619620,2025-11-01
887167811237271928,2023-06-06
887167811237271928,2023-06-11
887167811237271928,2023-06-12
887167811237271928,2023-06-18
887167811237271928,2023-06-24
887167811237271928,2023-06-25
887167811237271928,2023-07-15
887167811237271928,2023-07-17
887167811237271928,2023-07-24
887167811237271928,2023-08-01
887167811237271928,2023-08-12
887167811237271928,2023-09-05
887167811237271928,2023-09-16
887167811237271928,2024-02-02
887167811237271928,2024-02-09
887167811237271928,2024-02-18
887167811237271928,2024-04-16
887167811237271928,2024-05-18
887167811237271928,2024-06-07
887167811237271928,2024-07-07
887167811237271928,2024-07-21
887167811237271928,2024-10-26
887167811237271928,2024-10-27
887167811237271928,2024-11-02
887167811237271928,2024-11-11
887167811237271928,2025-02-17
887167811237271928,2025-05-16
887167811237271928,2025-06-20
887167811237271928,2025-08-05
887167811237271928,2025-08-23
887167811237271928,2025-10-06
887179061681202083,2023-05-19
887179061681202083,2023-05-20
887179061681202083,2023-05-21
887179061681202083,2023-06-04
887179061681202083,2023-07-11
887179061681202083,2023-08-16
887179061681202083,2023-08-18
887179061681202083,2023-08-25
887179061681202083,2023-08-26
887179061681202083,2023-08-29
887179061681202083,2023-09-15
887179061681202083,2024-02-22
887179061681202083,2024-03-07
887179061681202083,2024-05-11
887179061681202083,2024-06-01
887179061681202083,2024-06-09
887179061681202083,2024-06-13
887179061681202083,2024-06-20
887179061681202083,2024-06-22
887179061681202083,2024-06-24
887179061681202083,2024-06-30
887179061681202083,2024-10-09
887179061681202083,2024-10-10
887179061681202083,2024-10-13
887179061681202083,2024-10-19
887179061681202083,2024-10-27
887179061681202083,2024-11-04
887179061681202083,2024-11-07
887179061681202083,2024-11-15
887179061681202083,2025-06-08
888859204851381094,2023-05-21
888859204851381094,2023-06-12
888859204851381094,2023-08-27
888859204851381094,2024-02-12
888859204851381094,2024-02-25
888859204851381094,2024-03-05
888859204851381094,2024-03-24
888859204851381094,2024-03-28
888859204851381094,2024-03-31
888859204851381094,2024-07-16
888859204851381094,2024-08-09
888859204851381094,2024-08-11
888859204851381094,2024-11-03
888859204851381094,2025-02-24
888859204851381094,2025-05-03
888859204851381094,2025-05-17
898743867240851780,2023-06-19
898743867240851780,2023-06-25
898743867240851780,2023-07-03
898743867240851780,2023-07-11
898743867240851780,2023-07-14
898743867240851780,2023-07-16
898743867240851780,2023-07-21
898743867240851780,2023-07-23
898743867240851780,2023-07-26
898743867240851780,2023-07-31
898743867240851780,2023-08-04
898743867240851780,2023-08-06
898743867240851780,2023-08-13
898743867240851780,2023-08-18
898743867240851780,2023-09-01
898743867240851780,2023-09-08
898743867240851780,2023-09-10
898743867240851780,2023-09-22
898743867240851780,2023-09-29
898743867240851780,2023-10-12
898743867240851780,2023-10-15
898743867240851780,2023-10-22
898743867240851780,2023-10-27
898743867240851780,2023-10-29
898743867240851780,2023-11-05
898743867240851780,2023-11-26
898743867240851780,2023-12-04
898743867240851780,2023-12-22
898743867240851780,2024-02-03
898743867240851780,2024-02-11
898743867240851780,2024-03-18
898743867240851780,2024-03-24
898743867240851780,2024-04-02
898743867240851780,2024-04-08
898743867240851780,2024-04-21
898743867240851780,2024-05-12
898743867240851780,2024-05-19
898743867240851780,2024-06-03
898743867240851780,2024-06-07
898743867240851780,2024-06-24
898743867240851780,2024-07-21
898743867240851780,2024-07-31
898743867240851780,2024-08-19
898743867240851780,2024-09-27
898743867240851780,2024-10-15
898743867240851780,2024-11-11
898743867240851780,2024-11-30
898743867240851780,2024-12-28
898743867240851780,2025-01-26
898743867240851780,2025-03-16
898743867240851780,2025-03-19
898743867240851780,2025-03-30
898743867240851780,2025-05-25
898743867240851780,2025-06-22
898743867240851780,2025-06-27
898743867240851780,2025-06-29
898743867240851780,2025-07-13
898743867240851780,2025-08-18
898743867240851780,2025-08-26
898743867240851780,2025-09-24
898743867240851780,2025-10-02
898743867240851780,2025-10-05
902166216060824525,2023-06-19
902166216060824525,2023-06-28
902166216060824525,2023-07-09
902166216060824525,2023-07-16
902166216060824525,2023-07-17
902166216060824525,2023-07-29
902166216060824525,2023-08-13
902166216060824525,2023-08-20
902166216060824525,2023-08-25
902166216060824525,2023-08-27
902166216060824525,2023-08-31
902166216060824525,2023-09-27
902166216060824525,2023-09-29
902166216060824525,2023-10-02
902166216060824525,2023-10-08
902166216060824525,2023-10-11
902166216060824525,2023-10-29
902166216060824525,2023-11-08
902166216060824525,2023-11-13
902166216060824525,2023-11-23
902166216060824525,2023-12-26
902166216060824525,2024-02-11
902166216060824525,2024-02-19
902166216060824525,2024-02-21
902166216060824525,2024-02-26
902166216060824525,2024-03-03
902166216060824525,2024-03-07
902166216060824525,2024-03-24
902166216060824525,2024-03-28
902166216060824525,2024-04-09
902166216060824525,2024-04-16
902166216060824525,2024-04-29
902166216060824525,2024-05-05
902166216060824525,2024-05-12
902166216060824525,2024-05-18
902166216060824525,2024-05-23
902166216060824525,2024-06-09
902166216060824525,2024-06-15
902166216060824525,2024-06-30
902166216060824525,2024-07-13
902166216060824525,2024-07-28
902166216060824525,2024-08-11
902166216060824525,2024-09-01
902166216060824525,2024-09-21
902166216060824525,2024-09-29
902166216060824525,2024-10-28
902166216060824525,2024-11-10
902166216060824525,2025-02-08
902166216060824525,2025-02-26
902166216060824525,2025-06-10
902166216060824525,2025-06-22
902166216060824525,2025-07-06
902166216060824525,2025-07-12
902166216060824525,2025-07-15
902166216060824525,2025-07-26
902166216060824525,2025-08-10
904392960639597224,2023-06-11
904392960639597224,2023-06-21
904392960639597224,2023-07-06
904392960639597224,2023-09-03
904392960639597224,2023-09-10
904392960639597224,2023-10-01
904392960639597224,2023-10-09
904392960639597224,2024-03-01
904392960639597224,2024-03-03
904392960639597224,2024-03-11
904392960639597224,2024-03-15
904392960639597224,2024-03-17
904392960639597224,2024-04-02
904392960639597224,2024-04-20
904392960639597224,2024-08-19
904392960639597224,2024-11-15
904392960639597224,2024-12-06
904392960639597224,2024-12-08
904392960639597224,2025-06-07
904392960639597224,2025-06-30
904392960639597224,2025-07-25
904392960639597224,2025-08-04
905007131419044966,2023-07-14
905007131419044966,2023-07-24
905007131419044966,2023-09-01
905007131419044966,2023-09-15
905007131419044966,2023-09-16
905007131419044966,2023-09-17
905007131419044966,2023-09-23
905007131419044966,2023-09-27
905007131419044966,2023-09-29
905007131419044966,2023-10-01
905007131419044966,2023-10-30
905007131419044966,2023-11-08
905007131419044966,2023-11-18
905007131419044966,2023-11-25
905007131419044966,2023-12-02
905007131419044966,2023-12-08
905007131419044966,2023-12-25
905007131419044966,2023-12-28
905007131419044966,2024-01-15
905007131419044966,2024-01-20
905007131419044966,2024-03-29
905007131419044966,2024-03-30
905007131419044966,2024-03-31
905007131419044966,2024-04-06
905007131419044966,2024-04-07
905007131419044966,2024-04-09
905007131419044966,2024-04-21
905007131419044966,2024-05-03
905007131419044966,2024-05-04
905007131419044966,2024-05-19
905007131419044966,2024-06-01
905007131419044966,2024-06-07
905007131419044966,2024-06-10
905007131419044966,2024-06-16
905007131419044966,2024-07-05
905007131419044966,2024-07-07
905007131419044966,2024-07-13
905007131419044966,2024-07-21
905007131419044966,2024-07-23
905007131419044966,2024-07-28
905007131419044966,2024-08-01
905007131419044966,2024-09-11
905007131419044966,2024-09-16
905007131419044966,2024-09-20
905007131419044966,2024-09-21
905007131419044966,2024-09-22
905007131419044966,2024-09-29
905007131419044966,2024-10-03
905007131419044966,2024-10-11
905007131419044966,2024-10-12
905007131419044966,2024-10-13
905007131419044966,2024-10-20
905007131419044966,2024-11-16
905007131419044966,2024-11-17
905007131419044966,2024-11-24
905007131419044966,2024-11-29
905007131419044966,2024-12-27
905007131419044966,2024-12-28
905007131419044966,2024-12-29
905007131419044966,2025-04-20
905007131419044966,2025-04-22
905007131419044966,2025-05-02
905007131419044966,2025-05-10
905007131419044966,2025-05-17
905007131419044966,2025-05-19
905007131419044966,2025-05-25
905007131419044966,2025-06-01
905007131419044966,2025-06-15
905007131419044966,2025-06-21
905007131419044966,2025-06-22
905007131419044966,2025-06-29
905007131419044966,2025-07-03
905007131419044966,2025-07-05
905007131419044966,2025-07-12
905007131419044966,2025-07-17
905007131419044966,2025-07-28
905007131419044966,2025-07-30
905007131419044966,2025-08-09
905007131419044966,2025-08-10
905007131419044966,2025-08-16
905007131419044966,2025-08-22
905007131419044966,2025-08-31
905007131419044966,2025-09-07
905007131419044966,2025-09-14
905007131419044966,2025-10-05
905007131419044966,2025-10-11
905007131419044966,2025-10-13
905007131419044966,2025-10-23
905007131419044966,2025-10-24
905007131419044966,2025-10-25
905007131419044966,2025-10-26
916983723755256572,2023-07-07
916983723755256572,2023-07-24
916983723755256572,2023-07-27
916983723755256572,2023-07-31
916983723755256572,2025-06-29
916983723755256572,2025-07-31
917510613914219375,2023-07-08
917510613914219375,2023-07-26
917510613914219375,2023-08-18
917510613914219375,2023-08-20
917510613914219375,2023-10-15
917510613914219375,2023-11-14
917510613914219375,2023-12-03
917510613914219375,2024-07-03
917510613914219375,2024-08-01
917510613914219375,2024-09-29
917510613914219375,2025-06-19
917510613914219375,2025-07-04
917510613914219375,2025-07-11
917510613914219375,2025-07-14
917510613914219375,2025-07-20
917510613914219375,2025-07-29
917510613914219375,2025-08-03
921076441920995839,2023-08-09
921076441920995839,2023-09-07
921076441920995839,2024-12-21
928948908785846870,2023-07-29
928948908785846870,2023-08-02
928948908785846870,2023-09-12
928948908785846870,2023-10-20
928948908785846870,2023-11-08
928948908785846870,2023-11-12
928948908785846870,2023-11-14
928948908785846870,2023-11-17
928948908785846870,2023-11-19
928948908785846870,2023-11-22
928948908785846870,2023-11-27
928948908785846870,2023-12-19
928948908785846870,2024-01-28
928948908785846870,2024-02-04
928948908785846870,2024-02-08
928948908785846870,2024-02-17
928948908785846870,2024-03-03
928948908785846870,2024-03-23
928948908785846870,2024-04-07
928948908785846870,2024-04-09
928948908785846870,2024-04-14
928948908785846870,2024-04-17
928948908785846870,2024-04-21
928948908785846870,2024-04-23
928948908785846870,2024-04-27
928948908785846870,2024-04-28
928948908785846870,2024-04-30
928948908785846870,2024-05-04
928948908785846870,2024-05-12
928948908785846870,2024-06-14
928948908785846870,2024-06-23
928948908785846870,2024-07-05
928948908785846870,2024-07-11
928948908785846870,2024-07-21
928948908785846870,2024-07-25
928948908785846870,2024-07-28
928948908785846870,2024-07-31
928948908785846870,2024-08-17
928948908785846870,2024-08-19
928948908785846870,2024-08-23
928948908785846870,2024-08-24
928948908785846870,2024-08-25
928948908785846870,2024-09-06
928948908785846870,2024-09-08
928948908785846870,2024-09-13
928948908785846870,2024-09-15
928948908785846870,2024-09-29
928948908785846870,2024-10-31
928948908785846870,2024-11-03
928948908785846870,2024-11-27
928948908785846870,2024-12-01
928948908785846870,2024-12-05
928948908785846870,2024-12-27
928948908785846870,2024-12-31
928948908785846870,2025-01-01
928948908785846870,2025-01-26
928948908785846870,2025-01-28
928948908785846870,2025-02-02
928948908785846870,2025-02-09
928948908785846870,2025-02-14
928948908785846870,2025-02-19
928948908785846870,2025-03-09
928948908785846870,2025-03-15
928948908785846870,2025-04-17
928948908785846870,2025-04-28
928948908785846870,2025-05-01
928948908785846870,2025-05-22
928948908785846870,2025-06-15
928948908785846870,2025-06-18
928948908785846870,2025-06-22
928948908785846870,2025-06-29
928948908785846870,2025-07-17
928948908785846870,2025-07-20
928948908785846870,2025-07-24
928948908785846870,2025-07-27
928948908785846870,2025-07-31
928948908785846870,2025-08-05
928948908785846870,2025-08-26
928948908785846870,2025-09-04
928948908785846870,2025-09-09
928948908785846870,2025-09-13
928948908785846870,2025-09-28
928948908785846870,2025-10-20
928948908785846870,2025-10-22
928948908785846870,2025-11-02
932618854176539492,2023-07-16
932618854176539492,2023-07-29
932618854176539492,2023-08-23
932618854176539492,2023-08-27
932618854176539492,2023-09-03
932618854176539492,2024-01-07
932618854176539492,2024-02-04
932618854176539492,2024-04-01
932618854176539492,2024-04-06
932618854176539492,2024-04-14
932618854176539492,2024-04-21
932618854176539492,2024-04-27
932618854176539492,2024-05-04
932618854176539492,2024-05-12
932618854176539492,2024-05-19
932618854176539492,2024-05-28
932618854176539492,2024-06-08
932618854176539492,2024-06-09
932618854176539492,2024-07-01
932618854176539492,2024-07-07
932618854176539492,2024-07-13
932618854176539492,2024-07-14
932618854176539492,2024-07-31
932618854176539492,2024-08-03
932618854176539492,2024-08-04
932618854176539492,2024-08-11
932618854176539492,2024-08-24
932618854176539492,2024-09-01
932618854176539492,2024-09-08
932618854176539492,2024-09-26
932618854176539492,2024-09-29
932618854176539492,2024-10-06
932618854176539492,2024-10-12
932618854176539492,2024-10-13
932618854176539492,2024-10-20
932618854176539492,2024-10-27
932618854176539492,2024-11-09
932618854176539492,2024-11-10
932618854176539492,2024-11-17
932618854176539492,2024-12-01
932618854176539492,2025-02-16
932618854176539492,2025-02-26
932618854176539492,2025-05-19
932618854176539492,2025-05-26
932618854176539492,2025-06-09
932618854176539492,2025-06-21
932618854176539492,2025-06-29
932618854176539492,2025-07-05
932618854176539492,2025-07-19
932618854176539492,2025-08-21
932618854176539492,2025-09-04
932618854176539492,2025-10-12
932642358896439621,2023-07-23
932642358896439621,2023-07-30
932642358896439621,2023-08-06
932642358896439621,2023-08-20
932642358896439621,2023-08-26
932642358896439621,2023-09-24
932642358896439621,2023-10-01
932642358896439621,2023-10-22
932642358896439621,2023-11-05
932642358896439621,2023-12-03
932642358896439621,2024-02-17
932642358896439621,2024-03-17
932642358896439621,2024-03-31
932642358896439621,2024-04-08
932642358896439621,2024-04-20
932642358896439621,2024-05-04
932642358896439621,2024-05-12
932642358896439621,2024-06-01
932642358896439621,2024-06-08
932642358896439621,2024-06-15
932642358896439621,2024-06-16
932642358896439621,2024-07-01
932642358896439621,2024-07-07
932642358896439621,2024-07-13
932642358896439621,2024-07-14
932642358896439621,2024-07-22
932642358896439621,2024-08-01
932642358896439621,2024-08-04
932642358896439621,2024-08-10
932642358896439621,2024-08-19
932642358896439621,2024-08-24
932642358896439621,2024-10-07
932642358896439621,2024-10-14
932642358896439621,2024-10-27
932642358896439621,2024-11-10
932642358896439621,2024-11-29
932642358896439621,2025-02-15
932642358896439621,2025-02-26
932642358896439621,2025-03-02
932642358896439621,2025-03-09
932642358896439621,2025-04-13
932642358896439621,2025-06-22
932642358896439621,2025-06-29
932642358896439621,2025-07-18
932642358896439621,2025-07-19
932642358896439621,2025-07-27
932642358896439621,2025-08-03
932642358896439621,2025-10-19
932642358896439621,2025-10-21
934035097653060273,2023-07-26
934035097653060273,2023-07-30
934035097653060273,2023-09-02
934035097653060273,2024-03-18
934035097653060273,2024-03-25
934035097653060273,2024-08-30
934035097653060273,2024-09-02
934035097653060273,2024-10-06
934035097653060273,2025-08-23
937837897631191844,2023-09-03
937837897631191844,2023-12-31
937838302933205871,2023-10-08
937838302933205871,2024-01-01
937838302933205871,2024-01-02
937838302933205871,2024-01-04
937838302933205871,2024-05-04
937838302933205871,2024-07-07
937838302933205871,2024-10-16
937838302933205871,2025-07-13
937917144482762419,2023-08-13
937917144482762419,2023-08-27
937917144482762419,2023-09-30
937917144482762419,2023-10-24
937917144482762419,2024-10-11
937917144482762419,2024-10-14
937917144482762419,2025-02-11
937917144482762419,2025-07-05
937917144482762419,2025-08-02
937927979762952955,2024-09-02
937927979762952955,2024-10-12
937927979762952955,2025-07-10
937935210290408974,2023-10-22
937935210290408974,2024-04-07
937935210290408974,2024-07-07
937935210290408974,2024-10-28
937935210290408974,2024-12-29
937935210290408974,2025-05-03
937943638262956751,2023-12-27
937943638262956751,2024-10-06
937943638262956751,2025-08-18
937959604296602771,2025-08-02
938280419686165005,2023-08-09
938280419686165005,2023-08-18
938280419686165005,2023-10-09
938280419686165005,2023-12-03
938280419686165005,2024-01-20
938280419686165005,2024-02-25
938280419686165005,2024-05-05
938280419686165005,2024-05-17
938280419686165005,2024-05-19
938280419686165005,2024-06-11
938280419686165005,2024-08-18
938280419686165005,2024-09-02
938280419686165005,2024-09-08
938280419686165005,2024-09-27
938280419686165005,2024-12-08
938280419686165005,2025-01-01
938280419686165005,2025-07-06
938421117122010799,2023-07-26
938421117122010799,2023-08-01
938421117122010799,2023-08-16
938421117122010799,2023-09-02
938421117122010799,2023-10-02
938421117122010799,2023-10-08
938421117122010799,2023-10-27
938421117122010799,2023-11-30
938421117122010799,2024-01-14
938421117122010799,2024-02-02
938421117122010799,2024-02-09
938421117122010799,2024-02-27
938421117122010799,2024-05-11
938421117122010799,2024-05-17
938421117122010799,2024-06-30
938421117122010799,2024-07-10
938421117122010799,2024-07-14
938421117122010799,2024-07-24
938421117122010799,2024-08-01
938421117122010799,2024-08-05
938421117122010799,2024-08-09
938421117122010799,2024-08-17
938421117122010799,2024-12-17
938421117122010799,2025-03-31
938421117122010799,2025-04-18
938421117122010799,2025-06-12
938421117122010799,2025-09-15
938431811499141903,2023-07-23
938431811499141903,2023-12-19
938431811499141903,2023-12-29
938431811499141903,2024-01-12
938431811499141903,2024-01-26
938431811499141903,2024-02-05
938431811499141903,2024-02-14
938431811499141903,2024-02-19
938431811499141903,2024-02-23
938431811499141903,2024-02-28
938431811499141903,2024-02-29
938431811499141903,2024-03-08
938431811499141903,2024-03-24
938431811499141903,2024-04-08
938431811499141903,2024-04-21
938431811499141903,2024-04-26
938431811499141903,2024-05-01
938431811499141903,2024-05-16
938431811499141903,2024-05-18
938431811499141903,2024-05-22
938431811499141903,2024-08-02
938431811499141903,2024-08-25
938431811499141903,2024-09-02
938431811499141903,2024-09-12
938431811499141903,2024-09-25
938431811499141903,2024-09-27
938431811499141903,2025-01-02
938431811499141903,2025-01-26
938431811499141903,2025-02-15
938431811499141903,2025-02-27
938431811499141903,2025-04-13
938431811499141903,2025-04-28
938431811499141903,2025-05-04
938431811499141903,2025-06-01
938431811499141903,2025-06-06
938431811499141903,2025-06-12
938431811499141903,2025-07-12
938431811499141903,2025-08-17
938431811499141903,2025-08-22
938431811499141903,2025-09-11
940012438497375577,2023-08-23
940012438497375577,2023-10-02
940012438497375577,2024-03-02
940012438497375577,2024-11-26
940012438497375577,2024-12-07
940012438497375577,2025-04-09
940012438497375577,2025-07-21
940012438497375577,2025-08-24
942750363293463100,2024-01-14
942750363293463100,2024-03-01
942750363293463100,2024-03-05
942750363293463100,2024-03-31
942750363293463100,2024-04-18
942750363293463100,2024-04-21
942750363293463100,2024-05-03
942750363293463100,2024-07-16
942750363293463100,2024-07-21
942750363293463100,2024-07-29
942750363293463100,2024-08-02
942750363293463100,2024-08-25
942750363293463100,2024-09-18
942750363293463100,2024-09-25
942750363293463100,2024-09-28
942750363293463100,2024-10-22
942750363293463100,2024-12-31
942750363293463100,2025-01-18
942750363293463100,2025-06-01
942750363293463100,2025-10-09
950211425725610511,2023-08-19
950211425725610511,2023-08-24
950211425725610511,2023-08-25
950211425725610511,2023-09-03
950211425725610511,2023-09-10
950211425725610511,2023-09-16
950211425725610511,2023-09-17
950211425725610511,2023-09-20
950211425725610511,2023-09-23
950211425725610511,2023-10-01
950211425725610511,2023-10-08
950211425725610511,2023-10-14
950211425725610511,2023-10-15
950211425725610511,2023-10-17
950211425725610511,2023-10-22
950211425725610511,2023-10-26
950211425725610511,2023-11-01
950211425725610511,2023-11-02
950211425725610511,2023-11-04
950211425725610511,2023-11-11
950211425725610511,2023-11-12
950211425725610511,2023-11-15
950211425725610511,2023-11-18
950211425725610511,2023-11-19
950211425725610511,2023-11-22
950211425725610511,2023-11-24
950211425725610511,2023-11-25
950211425725610511,2023-11-26
950211425725610511,2023-12-05
950211425725610511,2023-12-11
950211425725610511,2023-12-15
950211425725610511,2023-12-17
950211425725610511,2023-12-18
950211425725610511,2023-12-20
950211425725610511,2023-12-22
950211425725610511,2023-12-24
950211425725610511,2023-12-26
950211425725610511,2023-12-29
950211425725610511,2023-12-31
950211425725610511,2024-01-04
950211425725610511,2024-01-07
950211425725610511,2024-01-09
950211425725610511,2024-01-14
950211425725610511,2024-01-21
950211425725610511,2024-01-28
950211425725610511,2024-01-31
950211425725610511,2024-02-03
950211425725610511,2024-02-04
950211425725610511,2024-02-07
950211425725610511,2024-02-11
950211425725610511,2024-02-13
950211425725610511,2024-02-19
950211425725610511,2024-02-25
950211425725610511,2024-02-29
950211425725610511,2024-03-05
950211425725610511,2024-03-08
950211425725610511,2024-03-13
950211425725610511,2024-03-16
950211425725610511,2024-03-22
950211425725610511,2024-03-23
950211425725610511,2024-03-25
950211425725610511,2024-03-30
950211425725610511,2024-04-02
950211425725610511,2024-04-03
950211425725610511,2024-04-06
950211425725610511,2024-04-08
950211425725610511,2024-04-14
950211425725610511,2024-04-16
950211425725610511,2024-04-18
950211425725610511,2024-04-21
950211425725610511,2024-04-29
950211425725610511,2024-05-05
950211425725610511,2024-05-12
950211425725610511,2024-05-13
950211425725610511,2024-05-16
950211425725610511,2024-05-21
950211425725610511,2024-05-24
950211425725610511,2024-05-27
950211425725610511,2024-06-02
950211425725610511,2024-06-04
950211425725610511,2024-06-05
950211425725610511,2024-06-08
950211425725610511,2024-06-22
950211425725610511,2024-06-26
950211425725610511,2024-06-28
950211425725610511,2024-06-29
950211425725610511,2024-07-01
950211425725610511,2024-07-05
950211425725610511,2024-07-07
950211425725610511,2024-07-12
950211425725610511,2024-07-14
950211425725610511,2024-07-15
950211425725610511,2024-07-17
950211425725610511,2024-07-21
950211425725610511,2024-07-22
950211425725610511,2024-07-25
950211425725610511,2024-07-27
950211425725610511,2024-07-28
950211425725610511,2024-07-29
950211425725610511,2024-07-31
950211425725610511,2024-08-04
950211425725610511,2024-08-07
950211425725610511,2024-08-08
950211425725610511,2024-08-09
950211425725610511,2024-08-11
950211425725610511,2024-08-12
950211425725610511,2024-08-14
950211425725610511,2024-08-15
950211425725610511,2024-08-22
950211425725610511,2024-08-25
950211425725610511,2024-09-02
950211425725610511,2024-09-05
950211425725610511,2024-09-09
950211425725610511,2024-09-10
950211425725610511,2024-09-19
950211425725610511,2024-09-20
950211425725610511,2024-09-21
950211425725610511,2024-09-22
950211425725610511,2024-09-23
950211425725610511,2024-09-26
950211425725610511,2024-09-27
950211425725610511,2024-09-29
950211425725610511,2024-10-01
950211425725610511,2024-10-04
950211425725610511,2024-10-09
950211425725610511,2024-10-10
950211425725610511,2024-10-27
950211425725610511,2024-10-28
950211425725610511,2024-11-05
950211425725610511,2024-11-16
950211425725610511,2024-11-17
950211425725610511,2024-11-21
950211425725610511,2024-11-27
950211425725610511,2024-12-01
950211425725610511,2024-12-06
950211425725610511,2024-12-10
950211425725610511,2024-12-13
950211425725610511,2024-12-15
950211425725610511,2024-12-25
950211425725610511,2024-12-26
950211425725610511,2024-12-31
950211425725610511,2025-01-01
950211425725610511,2025-01-05
950211425725610511,2025-01-11
950211425725610511,2025-02-02
950211425725610511,2025-02-04
950211425725610511,2025-02-06
950211425725610511,2025-02-09
950211425725610511,2025-02-16
950211425725610511,2025-02-23
950211425725610511,2025-02-28
950211425725610511,2025-03-02
950211425725610511,2025-03-03
950211425725610511,2025-03-04
950211425725610511,2025-03-17
950211425725610511,2025-03-21
950211425725610511,2025-03-28
950211425725610511,2025-03-30
950211425725610511,2025-03-31
950211425725610511,2025-04-06
950211425725610511,2025-04-17
950211425725610511,2025-04-22
950211425725610511,2025-04-24
950211425725610511,2025-04-25
950211425725610511,2025-04-26
950211425725610511,2025-04-29
950211425725610511,2025-04-30
950211425725610511,2025-05-03
950211425725610511,2025-05-12
950211425725610511,2025-05-16
950211425725610511,2025-05-18
950211425725610511,2025-05-22
950211425725610511,2025-05-28
950211425725610511,2025-06-04
950211425725610511,2025-06-05
950211425725610511,2025-06-18
950211425725610511,2025-06-25
950211425725610511,2025-07-02
950211425725610511,2025-07-03
950211425725610511,2025-07-06
950211425725610511,2025-07-15
950211425725610511,2025-07-20
950211425725610511,2025-07-24
950211425725610511,2025-07-25
950211425725610511,2025-07-28
950211425725610511,2025-08-07
950211425725610511,2025-08-08
950211425725610511,2025-08-10
950211425725610511,2025-08-13
950211425725610511,2025-08-17
950211425725610511,2025-08-25
950211425725610511,2025-08-26
950211425725610511,2025-09-04
950211425725610511,2025-09-07
950211425725610511,2025-09-11
950211425725610511,2025-09-13
950211425725610511,2025-09-14
950211425725610511,2025-09-17
950211425725610511,2025-09-27
950211425725610511,2025-10-09
950211425725610511,2025-10-11
950211425725610511,2025-10-12
950211425725610511,2025-10-13
950211425725610511,2025-10-17
950211425725610511,2025-10-19
950211425725610511,2025-10-21
950613505102507073,2025-10-25
950613505102507073,2025-11-02
958199983873241221,2023-11-24
958199983873241221,2024-04-30
958199983873241221,2024-05-05
958199983873241221,2024-05-19
958199983873241221,2024-05-27
958199983873241221,2024-06-02
958199983873241221,2024-06-06
958199983873241221,2024-07-22
958199983873241221,2024-07-24
958199983873241221,2024-08-17
958199983873241221,2024-08-22
958199983873241221,2024-09-04
958199983873241221,2024-09-15
958199983873241221,2024-09-27
958199983873241221,2024-09-29
958199983873241221,2024-10-06
958199983873241221,2024-10-24
958199983873241221,2024-10-27
958199983873241221,2024-12-17
958199983873241221,2025-10-04
963920695464462572,2023-08-29
963920695464462572,2023-08-31
963920695464462572,2023-09-01
963920695464462572,2023-10-03
963920695464462572,2023-12-21
963920695464462572,2023-12-26
963920695464462572,2023-12-28
963920695464462572,2024-01-05
963920695464462572,2024-01-07
963920695464462572,2024-01-13
963920695464462572,2024-01-14
963920695464462572,2024-01-15
963920695464462572,2024-01-22
963920695464462572,2024-02-04
963920695464462572,2024-02-17
963920695464462572,2024-02-19
963920695464462572,2024-03-08
963920695464462572,2024-03-11
963920695464462572,2024-03-15
963920695464462572,2024-03-16
963920695464462572,2024-03-21
963920695464462572,2024-03-28
963920695464462572,2024-03-31
963920695464462572,2024-04-13
963920695464462572,2024-04-14
963920695464462572,2024-04-16
963920695464462572,2024-04-17
963920695464462572,2024-04-19
963920695464462572,2024-04-21
963920695464462572,2024-04-28
963920695464462572,2024-05-03
963920695464462572,2024-05-05
963920695464462572,2024-05-28
963920695464462572,2024-06-02
963920695464462572,2024-06-09
963920695464462572,2024-06-13
963920695464462572,2024-06-15
963920695464462572,2024-06-18
963920695464462572,2024-06-29
963920695464462572,2024-07-01
963920695464462572,2024-07-03
963920695464462572,2024-07-07
963920695464462572,2024-07-08
963920695464462572,2024-07-11
963920695464462572,2024-07-14
963920695464462572,2024-07-19
963920695464462572,2024-07-28
963920695464462572,2024-08-01
963920695464462572,2024-08-02
963920695464462572,2024-08-21
963920695464462572,2024-08-23
963920695464462572,2024-08-25
963920695464462572,2024-08-31
963920695464462572,2024-09-02
963920695464462572,2024-09-09
963920695464462572,2024-09-21
963920695464462572,2024-09-22
963920695464462572,2024-09-24
963920695464462572,2024-10-05
963920695464462572,2024-10-06
963920695464462572,2024-10-09
963920695464462572,2024-10-11
963920695464462572,2024-10-14
963920695464462572,2024-10-17
963920695464462572,2024-10-19
963920695464462572,2024-10-24
963920695464462572,2024-10-27
963920695464462572,2024-10-28
963920695464462572,2024-11-04
963920695464462572,2024-11-09
963920695464462572,2024-11-20
963920695464462572,2024-11-22
963920695464462572,2024-12-29
963920695464462572,2025-01-01
963920695464462572,2025-01-05
963920695464462572,2025-01-09
963920695464462572,2025-01-12
963920695464462572,2025-01-14
963920695464462572,2025-01-19
963920695464462572,2025-01-20
963920695464462572,2025-01-25
963920695464462572,2025-02-08
963920695464462572,2025-02-24
963920695464462572,2025-02-27
963920695464462572,2025-02-28
963920695464462572,2025-03-04
963920695464462572,2025-03-08
963920695464462572,2025-03-09
963920695464462572,2025-03-12
963920695464462572,2025-03-16
963920695464462572,2025-03-20
963920695464462572,2025-04-12
963920695464462572,2025-04-13
963920695464462572,2025-04-27
963920695464462572,2025-05-03
963920695464462572,2025-05-07
963920695464462572,2025-05-08
963920695464462572,2025-05-12
963920695464462572,2025-05-18
963920695464462572,2025-05-30
963920695464462572,2025-06-05
963920695464462572,2025-06-17
963920695464462572,2025-06-21
963920695464462572,2025-06-28
963920695464462572,2025-06-29
963920695464462572,2025-07-06
963920695464462572,2025-07-12
963920695464462572,2025-08-07
963920695464462572,2025-08-10
963920695464462572,2025-08-13
963920695464462572,2025-08-14
963920695464462572,2025-08-21
963920695464462572,2025-08-23
963920695464462572,2025-11-02
965313684808466476,2025-04-09
965313684808466476,2025-04-10
965313684808466476,2025-04-27
965313684808466476,2025-04-30
965313684808466476,2025-05-03
965313684808466476,2025-05-10
966287799980701967,2023-09-25
966287799980701967,2023-10-01
966287799980701967,2023-10-07
966287799980701967,2024-01-06
966287799980701967,2024-02-15
966287799980701967,2024-03-07
966287799980701967,2024-06-08
966287799980701967,2024-06-12
966287799980701967,2024-06-18
966287799980701967,2024-08-10
966287799980701967,2024-09-07
966287799980701967,2024-09-14
966287799980701967,2024-09-20
966287799980701967,2024-09-23
966287799980701967,2024-09-28
966287799980701967,2024-10-06
966287799980701967,2024-10-16
966287799980701967,2024-10-21
966287799980701967,2024-11-19
966287799980701967,2024-12-25
966287799980701967,2025-01-01
966287799980701967,2025-06-29
966287799980701967,2025-08-03
966287799980701967,2025-08-31
966287799980701967,2025-09-22
966287799980701967,2025-10-27
969886763377526954,2023-11-01
969886763377526954,2023-11-08
969886763377526954,2024-04-16
969886763377526954,2024-05-09
969886763377526954,2024-05-15
969886763377526954,2024-05-16
969886763377526954,2024-05-20
969886763377526954,2024-05-22
969886763377526954,2024-05-24
969886763377526954,2024-05-29
969886763377526954,2024-05-30
969886763377526954,2024-06-01
969886763377526954,2024-06-02
969886763377526954,2024-06-06
969886763377526954,2024-06-07
969886763377526954,2024-06-09
969886763377526954,2024-06-10
969886763377526954,2024-06-12
969886763377526954,2024-06-24
969886763377526954,2024-06-29
969886763377526954,2024-06-30
969886763377526954,2024-07-01
969886763377526954,2024-07-12
969886763377526954,2024-07-13
969886763377526954,2024-07-14
969886763377526954,2024-07-15
969886763377526954,2024-07-16
969886763377526954,2024-07-20
969886763377526954,2024-07-22
969886763377526954,2024-07-26
969886763377526954,2024-07-27
969886763377526954,2024-08-01
969886763377526954,2024-08-04
969886763377526954,2024-08-05
969886763377526954,2024-08-06
969886763377526954,2024-08-08
969886763377526954,2024-08-09
969886763377526954,2024-08-13
969886763377526954,2024-08-14
969886763377526954,2024-08-16
969886763377526954,2024-08-18
969886763377526954,2024-08-20
969886763377526954,2024-08-22
969886763377526954,2024-08-23
969886763377526954,2024-08-25
969886763377526954,2024-08-31
969886763377526954,2024-09-01
969886763377526954,2024-09-02
969886763377526954,2024-09-06
969886763377526954,2024-09-19
969886763377526954,2024-09-21
969886763377526954,2024-09-22
969886763377526954,2024-09-23
969886763377526954,2024-09-28
969886763377526954,2024-09-29
969886763377526954,2024-09-30
969886763377526954,2024-10-03
969886763377526954,2024-10-11
969886763377526954,2024-10-14
969886763377526954,2024-10-15
969886763377526954,2024-10-16
969886763377526954,2024-10-17
969886763377526954,2024-10-18
969886763377526954,2024-10-19
969886763377526954,2024-10-20
969886763377526954,2024-10-25
969886763377526954,2024-10-28
969886763377526954,2024-11-01
969886763377526954,2024-11-02
969886763377526954,2024-11-05
969886763377526954,2024-11-14
969886763377526954,2024-11-15
969886763377526954,2024-11-18
969886763377526954,2024-11-22
969886763377526954,2024-11-27
969886763377526954,2024-12-01
969886763377526954,2024-12-04
969886763377526954,2024-12-06
969886763377526954,2024-12-13
969886763377526954,2024-12-14
969886763377526954,2024-12-16
969886763377526954,2024-12-24
969886763377526954,2024-12-27
969886763377526954,2024-12-29
969886763377526954,2025-01-26
969886763377526954,2025-01-28
969886763377526954,2025-01-29
969886763377526954,2025-01-30
969886763377526954,2025-02-01
969886763377526954,2025-02-02
969886763377526954,2025-02-05
969886763377526954,2025-02-09
969886763377526954,2025-02-16
969886763377526954,2025-02-20
969886763377526954,2025-02-24
969886763377526954,2025-02-28
969886763377526954,2025-03-01
969886763377526954,2025-03-09
969886763377526954,2025-03-12
969886763377526954,2025-03-14
969886763377526954,2025-03-20
969886763377526954,2025-04-07
969886763377526954,2025-04-12
969886763377526954,2025-04-13
969886763377526954,2025-04-18
969886763377526954,2025-04-22
969886763377526954,2025-04-26
969886763377526954,2025-04-28
969886763377526954,2025-04-29
969886763377526954,2025-04-30
969886763377526954,2025-05-02
969886763377526954,2025-05-03
969886763377526954,2025-05-04
969886763377526954,2025-05-05
969886763377526954,2025-05-09
969886763377526954,2025-05-10
969886763377526954,2025-05-18
969886763377526954,2025-05-21
969886763377526954,2025-05-22
969886763377526954,2025-05-25
969886763377526954,2025-05-26
969886763377526954,2025-05-29
969886763377526954,2025-05-31
969886763377526954,2025-06-01
969886763377526954,2025-06-05
969886763377526954,2025-06-09
969886763377526954,2025-06-10
969886763377526954,2025-06-12
969886763377526954,2025-07-03
969886763377526954,2025-07-25
969886763377526954,2025-07-27
969886763377526954,2025-07-31
969886763377526954,2025-08-03
969886763377526954,2025-08-07
969886763377526954,2025-08-09
969886763377526954,2025-08-14
969886763377526954,2025-08-15
969886763377526954,2025-08-16
969886763377526954,2025-08-19
969886763377526954,2025-08-23
969886763377526954,2025-08-24
969886763377526954,2025-08-28
969886763377526954,2025-08-29
969886763377526954,2025-08-31
969886763377526954,2025-09-04
969886763377526954,2025-09-11
969886763377526954,2025-09-13
969886763377526954,2025-09-24
969886763377526954,2025-09-25
969886763377526954,2025-09-27
969886763377526954,2025-10-04
969886763377526954,2025-10-15
969886763377526954,2025-10-29
980034348801186320,2023-10-13
980034348801186320,2023-10-15
980034348801186320,2023-10-29
980034348801186320,2023-11-12
980034348801186320,2024-02-29
980034348801186320,2024-03-10
980034348801186320,2024-03-25
980034348801186320,2024-04-22
980034348801186320,2024-05-04
980034348801186320,2024-05-12
980034348801186320,2024-05-15
980034348801186320,2024-06-09
980034348801186320,2024-07-22
980034348801186320,2024-07-30
980034348801186320,2024-08-02
980034348801186320,2024-08-11
980034348801186320,2024-09-26
980034348801186320,2024-10-14
980034348801186320,2024-10-20
980034348801186320,2024-10-24
980034348801186320,2024-11-13
980034348801186320,2025-02-22
980034348801186320,2025-03-10
980034348801186320,2025-05-20
980034348801186320,2025-05-28
980034348801186320,2025-06-20
980034348801186320,2025-07-13
980034348801186320,2025-07-18
980034348801186320,2025-07-23
980034348801186320,2025-07-28
980034348801186320,2025-07-31
980034348801186320,2025-08-24
980034348801186320,2025-10-07
983306819910081094,2023-10-22
983306819910081094,2024-02-20
983306819910081094,2024-03-16
983306819910081094,2024-04-18
983306819910081094,2025-06-13
983306819910081094,2025-09-02
989010058281318863,2023-10-03
989010058281318863,2023-11-07
989010058281318863,2024-07-08
989010058281318863,2024-08-17
989010058281318863,2024-10-01
989010058281318863,2025-01-18
989010058281318863,2025-04-20
989010058281318863,2025-06-19
989010058281318863,2025-08-01
990935487146379699,2024-01-23
990935487146379699,2024-02-11
990935487146379699,2024-02-14
990935487146379699,2024-02-24
990935487146379699,2024-02-28
990935487146379699,2024-03-09
990935487146379699,2024-03-10
990935487146379699,2024-03-26
990935487146379699,2024-03-31
990935487146379699,2024-04-01
990935487146379699,2024-04-02
990935487146379699,2024-04-16
990935487146379699,2024-05-12
990935487146379699,2024-05-15
990935487146379699,2024-06-01
990935487146379699,2024-06-08
990935487146379699,2024-06-28
990935487146379699,2024-07-13
990935487146379699,2024-07-14
990935487146379699,2025-06-28
990935487146379699,2025-07-20
990935487146379699,2025-07-27
990935487146379699,2025-07-30
990935487146379699,2025-08-01
990935487146379699,2025-08-03
990935487146379699,2025-08-22
990935487146379699,2025-09-09
990935487146379699,2025-09-13
990935487146379699,2025-09-14
990935487146379699,2025-09-18
990935487146379699,2025-10-04
990935487146379699,2025-10-05
990935487146379699,2025-10-12
990935487146379699,2025-10-15
992119832780871644,2023-10-07
992119832780871644,2023-10-17
992119832780871644,2023-10-22
992119832780871644,2023-12-03
992119832780871644,2024-03-10
992119832780871644,2024-03-28
992119832780871644,2024-04-02
992119832780871644,2024-04-08
992119832780871644,2024-04-21
992119832780871644,2024-05-03
992119832780871644,2024-05-20
992119832780871644,2024-05-30
992119832780871644,2024-07-07
992119832780871644,2024-08-01
992119832780871644,2024-10-28
992119832780871644,2025-04-02
992119832780871644,2025-04-28
992119832780871644,2025-05-19
992119832780871644,2025-07-13
992119832780871644,2025-07-21
992119832780871644,2025-08-03
992119832780871644,2025-08-08
992119832780871644,2025-08-17
992119832780871644,2025-08-21
992119832780871644,2025-08-25
992554549672159765,2024-02-09
992554549672159765,2024-02-10
992554549672159765,2024-02-25
992554549672159765,2024-03-25
992554549672159765,2024-03-31
992554549672159765,2024-04-06
992554549672159765,2025-05-17
992554549672159765,2025-05-19
992554549672159765,2025-05-25
992554549672159765,2025-05-30
992554549672159765,2025-06-20
992554549672159765,2025-06-22
992554549672159765,2025-06-29
992554549672159765,2025-07-04
992554549672159765,2025-07-10
992554549672159765,2025-07-13
992554549672159765,2025-07-20
992554549672159765,2025-07-28
992554549672159765,2025-08-05
992554549672159765,2025-08-17
992554549672159765,2025-08-30
993431459821117738,2023-10-14
993431459821117738,2023-10-28
993431459821117738,2023-11-12
993431459821117738,2023-11-25
993431459821117738,2023-12-22
993431459821117738,2024-01-15
993431459821117738,2024-01-26
993431459821117738,2024-02-11
993431459821117738,2024-02-17
993431459821117738,2024-02-24
993431459821117738,2024-02-26
993431459821117738,2024-02-29
999161887055542119,2023-10-18
999161887055542119,2023-10-21
999161887055542119,2023-10-22
999161887055542119,2023-10-29
999161887055542119,2023-11-05
999161887055542119,2024-01-19
999161887055542119,2024-01-21
999161887055542119,2024-02-25
999161887055542119,2024-03-31
999161887055542119,2024-04-16
999161887055542119,2024-05-04
999161887055542119,2024-06-15
999161887055542119,2024-06-18
999161887055542119,2024-06-30
999161887055542119,2024-07-12
999161887055542119,2024-07-13
999161887055542119,2024-07-14
999161887055542119,2024-07-20
999161887055542119,2024-07-29
999161887055542119,2024-09-02
999161887055542119,2024-09-20
999161887055542119,2024-09-21
999161887055542119,2024-09-25
999161887055542119,2024-10-06
999161887055542119,2024-10-12
999161887055542119,2024-10-18
999161887055542119,2024-10-19
999161887055542119,2024-10-20
999161887055542119,2024-10-28
999161887055542119,2024-11-16
999161887055542119,2024-12-06
999161887055542119,2024-12-29
999161887055542119,2025-05-17
999161887055542119,2025-05-25
999161887055542119,2025-06-01
999161887055542119,2025-06-25
999161887055542119,2025-06-30
999161887055542119,2025-07-05
999161887055542119,2025-07-16
999161887055542119,2025-07-19
999161887055542119,2025-08-16
999161887055542119,2025-09-13
999161887055542119,2025-09-14
999161887055542119,2025-10-02
999161887055542119,2025-10-18
1004978540001566331,2024-02-17
1004978540001566331,2024-03-09
1004978540001566331,2024-03-31
1004978540001566331,2024-04-05
1004978540001566331,2024-04-22
1004978540001566331,2024-05-11
1004978540001566331,2024-05-17
1004978540001566331,2024-05-19
1004978540001566331,2024-05-28
1004978540001566331,2024-05-31
1004978540001566331,2024-06-09
1004978540001566331,2024-06-12
1004978540001566331,2024-06-15
1004978540001566331,2024-06-22
1004978540001566331,2024-07-01
1004978540001566331,2024-07-07
1004978540001566331,2024-07-11
1004978540001566331,2024-07-13
1004978540001566331,2024-07-28
1004978540001566331,2024-08-01
1004978540001566331,2024-08-04
1004978540001566331,2024-08-08
1004978540001566331,2024-08-15
1004978540001566331,2024-08-19
1004978540001566331,2024-08-24
1004978540001566331,2024-09-29
1004978540001566331,2024-10-02
1004978540001566331,2024-10-04
1004978540001566331,2024-10-06
1004978540001566331,2024-10-15
1004978540001566331,2024-10-20
1004978540001566331,2024-10-27
1004978540001566331,2024-10-29
1004978540001566331,2024-11-03
1004978540001566331,2024-11-10
1004978540001566331,2024-11-17
1004978540001566331,2024-11-24
1004978540001566331,2024-11-30
1004978540001566331,2024-12-02
1004978540001566331,2024-12-23
1004978540001566331,2024-12-25
1004978540001566331,2025-01-09
1004978540001566331,2025-02-01
1004978540001566331,2025-03-02
1004978540001566331,2025-03-04
1004978540001566331,2025-03-13
1004978540001566331,2025-03-18
1004978540001566331,2025-03-23
1004978540001566331,2025-04-20
1004978540001566331,2025-05-03
1004978540001566331,2025-05-11
1004978540001566331,2025-05-17
1004978540001566331,2025-05-19
1004978540001566331,2025-05-24
1004978540001566331,2025-05-26
1004978540001566331,2025-06-08
1004978540001566331,2025-06-29
1004978540001566331,2025-07-12
1004978540001566331,2025-07-17
1004978540001566331,2025-07-20
1004978540001566331,2025-07-27
1004978540001566331,2025-08-03
1004978540001566331,2025-08-10
1004978540001566331,2025-08-17
1004978540001566331,2025-08-26
1004978540001566331,2025-08-31
1004978540001566331,2025-09-14
1004978540001566331,2025-09-19
1004978540001566331,2025-09-23
1004978540001566331,2025-09-28
1004978540001566331,2025-10-05
1004978540001566331,2025-10-17
1005978346817864540,2023-10-29
1005978346817864540,2023-12-10
1005978346817864540,2023-12-15
1005978346817864540,2023-12-28
1005978346817864540,2023-12-30
1005978346817864540,2024-01-01
1005978346817864540,2024-01-15
1005978346817864540,2024-01-23
1005978346817864540,2024-02-05
1005978346817864540,2024-02-11
1005978346817864540,2024-02-25
1005978346817864540,2024-03-10
1005978346817864540,2024-03-25
1005978346817864540,2024-04-10
1005978346817864540,2024-04-28
1005978346817864540,2024-05-04
1005978346817864540,2024-05-05
1005978346817864540,2024-05-17
1005978346817864540,2024-05-19
1005978346817864540,2024-05-24
1005978346817864540,2024-06-09
1005978346817864540,2024-06-12
1005978346817864540,2024-06-19
1005978346817864540,2024-06-20
1005978346817864540,2024-06-23
1005978346817864540,2024-06-25
1005978346817864540,2024-07-02
1005978346817864540,2024-07-08
1005978346817864540,2024-07-19
1005978346817864540,2024-07-20
1005978346817864540,2024-07-31
1005978346817864540,2024-08-10
1005978346817864540,2024-08-12
1005978346817864540,2024-08-16
1005978346817864540,2024-09-08
1005978346817864540,2024-09-10
1005978346817864540,2024-09-15
1005978346817864540,2024-10-15
1005978346817864540,2024-10-18
1005978346817864540,2024-10-22
1005978346817864540,2024-11-15
1005978346817864540,2024-11-17
1005978346817864540,2024-11-21
1005978346817864540,2024-12-30
1005978346817864540,2025-01-01
1005978346817864540,2025-01-04
1005978346817864540,2025-01-12
1005978346817864540,2025-01-20
1005978346817864540,2025-01-26
1005978346817864540,2025-02-27
1005978346817864540,2025-03-04
1005978346817864540,2025-03-05
1005978346817864540,2025-03-09
1005978346817864540,2025-03-11
1005978346817864540,2025-03-29
1005978346817864540,2025-03-30
1005978346817864540,2025-04-14
1005978346817864540,2025-04-17
1005978346817864540,2025-04-28
1005978346817864540,2025-05-03
1005978346817864540,2025-05-25
1005978346817864540,2025-05-26
1005978346817864540,2025-06-02
1005978346817864540,2025-06-03
1005978346817864540,2025-06-08
1005978346817864540,2025-06-11
1005978346817864540,2025-06-14
1005978346817864540,2025-06-22
1005978346817864540,2025-07-12
1005978346817864540,2025-07-16
1005978346817864540,2025-07-27
1005978346817864540,2025-08-04
1005978346817864540,2025-08-10
1005978346817864540,2025-08-22
1005978346817864540,2025-08-24
1005978346817864540,2025-09-01
1005978346817864540,2025-09-08
1005978346817864540,2025-09-21
1005978346817864540,2025-09-27
1005978346817864540,2025-10-03
1005978346817864540,2025-10-05
1005978346817864540,2025-10-10
1005978346817864540,2025-10-16
1005978346817864540,2025-10-26
1005978346817864540,2025-11-02
1007354086435981132,2023-11-05
1007354086435981132,2023-11-08
1007354086435981132,2023-11-19
1007354086435981132,2023-11-23
1007354086435981132,2023-12-03
1007354086435981132,2023-12-10
1007354086435981132,2023-12-31
1007354086435981132,2024-02-04
1007354086435981132,2024-02-17
1007354086435981132,2024-03-11
1007354086435981132,2024-04-07
1007354086435981132,2024-04-09
1007354086435981132,2024-04-13
1007354086435981132,2024-04-14
1007354086435981132,2024-04-21
1007354086435981132,2024-05-03
1007354086435981132,2024-05-04
1007354086435981132,2024-05-12
1007354086435981132,2024-05-19
1007354086435981132,2024-06-02
1007354086435981132,2024-06-08
1007354086435981132,2024-06-09
1007354086435981132,2024-06-26
1007354086435981132,2024-07-28
1007354086435981132,2024-08-01
1007354086435981132,2024-08-09
1007354086435981132,2024-08-10
1007354086435981132,2024-08-25
1007354086435981132,2024-09-01
1007354086435981132,2024-09-15
1007354086435981132,2024-10-14
1007354086435981132,2024-10-28
1007354086435981132,2024-11-29
1007354086435981132,2025-01-04
1007354086435981132,2025-03-16
1007354086435981132,2025-05-10
1007354086435981132,2025-05-19
1007354086435981132,2025-06-08
1007354086435981132,2025-06-21
1010759793485911351,2023-11-03
1010759793485911351,2023-11-05
1010759793485911351,2023-11-09
1010759793485911351,2023-11-12
1010759793485911351,2023-11-13
1010759793485911351,2023-12-04
1010759793485911351,2023-12-11
1010759793485911351,2023-12-25
1010759793485911351,2023-12-31
1010759793485911351,2024-01-02
1010759793485911351,2024-01-04
1010759793485911351,2024-01-07
1010759793485911351,2024-01-22
1010759793485911351,2024-02-12
1010759793485911351,2024-02-29
1010759793485911351,2024-04-10
1010759793485911351,2024-04-13
1010759793485911351,2024-04-16
1010759793485911351,2024-04-26
1010759793485911351,2024-04-27
1010759793485911351,2024-05-15
1010759793485911351,2024-05-17
1010759793485911351,2024-05-18
1010759793485911351,2024-05-20
1010759793485911351,2024-05-23
1010759793485911351,2024-05-27
1010759793485911351,2024-05-30
1010759793485911351,2024-06-02
1010759793485911351,2024-06-06
1010759793485911351,2024-06-07
1010759793485911351,2024-06-08
1010759793485911351,2024-06-14
1010759793485911351,2024-06-20
1010759793485911351,2024-06-22
1010759793485911351,2024-06-27
1010759793485911351,2024-06-29
1010759793485911351,2024-06-30
1010759793485911351,2024-07-16
1010759793485911351,2024-07-27
1010759793485911351,2024-08-01
1010759793485911351,2024-08-03
1010759793485911351,2024-08-06
1010759793485911351,2024-10-20
1010759793485911351,2024-11-11
1010759793485911351,2024-11-19
1010759793485911351,2024-11-25
1010759793485911351,2024-11-29
1010759793485911351,2024-12-10
1010759793485911351,2024-12-17
1010759793485911351,2024-12-24
1010759793485911351,2025-01-04
1010759793485911351,2025-01-08
1010759793485911351,2025-02-07
1010759793485911351,2025-02-22
1010759793485911351,2025-02-28
1010759793485911351,2025-04-23
1010759793485911351,2025-04-24
1010759793485911351,2025-04-29
1010759793485911351,2025-05-01
1010759793485911351,2025-05-03
1010759793485911351,2025-05-12
1010759793485911351,2025-05-13
1010759793485911351,2025-05-15
1010759793485911351,2025-05-25
1010759793485911351,2025-07-11
1010759793485911351,2025-08-24
1010759793485911351,2025-08-28
1010759793485911351,2025-09-03
1010759793485911351,2025-09-05
1010759793485911351,2025-09-08
1010759793485911351,2025-09-26
1010759799610182054,2023-11-05
1010759799610182054,2023-11-12
1010759799610182054,2023-11-30
1010759799610182054,2023-12-02
1010759799610182054,2023-12-08
1010759799610182054,2023-12-14
1010759799610182054,2023-12-21
1010759799610182054,2023-12-22
1010759799610182054,2023-12-27
1010759799610182054,2023-12-28
1010759799610182054,2023-12-29
1010759799610182054,2023-12-30
1010759799610182054,2024-02-12
1010759799610182054,2024-02-29
1010759799610182054,2024-03-12
1010759799610182054,2024-03-23
1010759799610182054,2024-03-25
1010759799610182054,2024-03-30
1010759799610182054,2024-04-02
1010759799610182054,2024-04-08
1010759799610182054,2024-04-13
1010759799610182054,2024-04-15
1010759799610182054,2024-04-28
1010759799610182054,2024-05-04
1010759799610182054,2024-05-10
1010759799610182054,2024-05-19
1010759799610182054,2024-05-28
1010759799610182054,2024-06-02
1010759799610182054,2024-06-07
1010759799610182054,2024-06-13
1010759799610182054,2024-06-16
1010759799610182054,2024-07-27
1010759799610182054,2024-08-01
1010759799610182054,2024-08-04
1010759799610182054,2024-08-09
1010759799610182054,2024-08-11
1010759799610182054,2024-08-16
1010759799610182054,2024-08-17
1010759799610182054,2024-08-25
1010759799610182054,2024-08-27
1010759799610182054,2024-10-11
1010759799610182054,2024-10-12
1010759799610182054,2024-10-13
1010759799610182054,2024-10-16
1010759799610182054,2024-10-17
1010759799610182054,2024-10-25
1010759799610182054,2024-10-28
1010759799610182054,2024-11-01
1010759799610182054,2024-11-18
1010759799610182054,2024-11-30
1010759799610182054,2024-12-15
1010759799610182054,2024-12-20
1010759799610182054,2025-01-23
1010759799610182054,2025-01-25
1010759799610182054,2025-01-31
1010759799610182054,2025-02-03
1010759799610182054,2025-02-10
1010759799610182054,2025-02-14
1010759799610182054,2025-02-27
1010759799610182054,2025-03-10
1010759799610182054,2025-03-14
1010759799610182054,2025-03-15
1010759799610182054,2025-03-28
1010759799610182054,2025-04-12
1010759799610182054,2025-05-08
1010759799610182054,2025-05-16
1010759799610182054,2025-05-25
1010759799610182054,2025-05-30
1010759799610182054,2025-06-01
1010759799610182054,2025-06-05
1010759799610182054,2025-06-07
1010759799610182054,2025-06-17
1010759799610182054,2025-06-19
1010759799610182054,2025-06-22
1010759799610182054,2025-06-27
1010759799610182054,2025-06-29
1010759799610182054,2025-07-03
1010759799610182054,2025-07-19
1010759799610182054,2025-07-20
1010759799610182054,2025-07-22
1010759799610182054,2025-07-24
1010759799610182054,2025-07-27
1010759799610182054,2025-08-12
1010759799610182054,2025-08-13
1010759799610182054,2025-08-14
1010759799610182054,2025-08-22
1010759799610182054,2025-08-23
1010759799610182054,2025-08-24
1010759799610182054,2025-08-27
1010759799610182054,2025-09-05
1010759799610182054,2025-09-06
1010759799610182054,2025-09-13
1010759799610182054,2025-09-14
1010759799610182054,2025-09-18
1010759799610182054,2025-09-26
1010759799610182054,2025-09-29
1010759799610182054,2025-10-03
1010759799610182054,2025-10-09
1010759799610182054,2025-10-15
1010760496997974537,2023-11-05
1010760496997974537,2024-06-19
1010760496997974537,2025-09-10
1010760496997974537,2025-09-17
1010760496997974537,2025-09-30
1010760496997974537,2025-10-04
1010760496997974537,2025-10-09
1010760496997974537,2025-10-11
1010760496997974537,2025-10-12
1010760496997974537,2025-10-13
1010760496997974537,2025-10-15
1010760496997974537,2025-10-30
1013659440189111738,2023-11-06
1013659440189111738,2023-11-12
1013659440189111738,2023-11-21
1013659440189111738,2023-11-22
1013659440189111738,2023-12-19
1013659440189111738,2023-12-27
1013659440189111738,2023-12-28
1013659440189111738,2023-12-29
1013659440189111738,2023-12-30
1013659440189111738,2024-01-05
1013659440189111738,2024-01-09
1013659440189111738,2024-01-12
1013659440189111738,2024-01-15
1013659440189111738,2024-05-04
1013659440189111738,2024-05-06
1013659440189111738,2024-05-17
1013659440189111738,2024-08-13
1013659440189111738,2024-08-18
1013659440189111738,2024-12-24
1013659440189111738,2025-01-10
1013659440189111738,2025-01-14
1013659440189111738,2025-01-16
1013659440189111738,2025-07-14
1013659440189111738,2025-07-20
1013659440189111738,2025-07-23
1013659440189111738,2025-08-03
1013659440189111738,2025-08-10
1013659440189111738,2025-08-14
1013659440189111738,2025-08-16
1013659440189111738,2025-08-18
1013659440189111738,2025-08-22
1013659440189111738,2025-08-25
1013659440189111738,2025-09-04
1013659440189111738,2025-09-07
1013659440189111738,2025-09-11
1013659440189111738,2025-09-14
1013659440189111738,2025-09-22
1013659440189111738,2025-09-24
1013659440189111738,2025-09-25
1013659440189111738,2025-09-28
1013659440189111738,2025-09-29
1013659440189111738,2025-10-01
1013659440189111738,2025-10-04
1013659440189111738,2025-10-06
1013659440189111738,2025-10-14
1013659440189111738,2025-10-19
1013659440189111738,2025-10-23
1013659440189111738,2025-10-26
1013659440189111738,2025-10-27
1013659440189111738,2025-11-01
1016050146219474145,2023-11-05
1016050146219474145,2023-11-08
1016050146219474145,2023-12-28
1016050146219474145,2024-02-18
1016050146219474145,2024-02-20
1016050146219474145,2024-02-25
1016050146219474145,2024-03-01
1016050146219474145,2024-03-10
1016050146219474145,2024-03-16
1016050146219474145,2024-03-23
1016050146219474145,2024-05-03
1016050146219474145,2024-05-10
1016050146219474145,2024-06-09
1016050146219474145,2024-06-19
1016050146219474145,2024-06-21
1016050146219474145,2024-06-23
1016050146219474145,2024-07-05
1016050146219474145,2024-07-16
1016050146219474145,2024-07-20
1016050146219474145,2024-08-10
1016050146219474145,2024-09-02
1016050146219474145,2024-10-11
1016050146219474145,2024-10-12
1016050146219474145,2024-10-19
1016050146219474145,2024-10-28
1016050146219474145,2024-11-03
1016050146219474145,2024-11-09
1016050146219474145,2024-11-11
1016050146219474145,2024-11-21
1016050146219474145,2024-12-04
1016050146219474145,2025-01-13
1016050146219474145,2025-02-06
1016050146219474145,2025-02-14
1016050146219474145,2025-02-23
1016050146219474145,2025-03-02
1016050146219474145,2025-03-10
1016050146219474145,2025-03-16
1016050146219474145,2025-04-07
1016050146219474145,2025-04-27
1016050146219474145,2025-04-28
1016050146219474145,2025-05-09
1016050146219474145,2025-06-22
1016050146219474145,2025-06-26
1016050146219474145,2025-07-04
1016050146219474145,2025-07-25
1016050146219474145,2025-07-31
1016050146219474145,2025-08-08
1016050146219474145,2025-08-25
1016050146219474145,2025-10-01
1016050146219474145,2025-10-08
1016050146219474145,2025-10-15
1016050146219474145,2025-10-22
1018295677909928470,2023-11-18
1018295677909928470,2023-12-01
1018295677909928470,2023-12-03
1018295677909928470,2023-12-07
1018295677909928470,2023-12-13
1018295677909928470,2023-12-26
1018295677909928470,2023-12-27
1018295677909928470,2023-12-29
1018295677909928470,2024-01-07
1018295677909928470,2024-01-13
1018295677909928470,2024-01-17
1018295677909928470,2024-01-19
1018295677909928470,2024-01-24
1018295677909928470,2024-01-26
1018295677909928470,2024-01-28
1018295677909928470,2024-03-03
1018295677909928470,2025-06-10
1018295677909928470,2025-06-24
1018295677909928470,2025-06-29
1018295677909928470,2025-07-02
1018295677909928470,2025-07-15
1018295677909928470,2025-07-17
1018295677909928470,2025-07-18
1018295677909928470,2025-07-27
1018295677909928470,2025-08-01
1018295677909928470,2025-08-03
1018295677909928470,2025-08-09
1018295677909928470,2025-08-10
1018295677909928470,2025-08-17
1018295677909928470,2025-09-06
1018295677909928470,2025-09-28
1018295677909928470,2025-09-29
1018295677909928470,2025-10-01
1018295677909928470,2025-10-21
1018295677909928470,2025-10-26
1018299533220989494,2023-11-12
1018299533220989494,2023-11-19
1018299533220989494,2023-12-03
1018299533220989494,2023-12-07
1018299533220989494,2023-12-08
1018299533220989494,2023-12-11
1018299533220989494,2023-12-22
1018299533220989494,2024-01-21
1018299533220989494,2024-01-25
1018299533220989494,2024-01-27
1018299533220989494,2024-02-05
1018299533220989494,2024-02-17
1018299533220989494,2024-02-23
1018299533220989494,2024-03-03
1018299533220989494,2024-03-12
1018299533220989494,2024-03-14
1018299533220989494,2024-03-17
1018299533220989494,2024-03-22
1018299533220989494,2024-03-24
1018299533220989494,2024-03-25
1018299533220989494,2024-03-26
1018299533220989494,2024-03-31
1018299533220989494,2024-04-02
1018299533220989494,2024-04-08
1018299533220989494,2024-04-09
1018299533220989494,2024-04-12
1018299533220989494,2024-04-13
1018299533220989494,2024-04-25
1018299533220989494,2024-04-26
1018299533220989494,2024-04-28
1018299533220989494,2024-04-30
1018299533220989494,2024-05-05
1018299533220989494,2024-05-20
1018299533220989494,2024-05-22
1018299533220989494,2024-05-26
1018299533220989494,2024-05-27
1018299533220989494,2024-06-02
1018299533220989494,2024-06-08
1018299533220989494,2024-06-14
1018299533220989494,2024-06-26
1018299533220989494,2024-06-27
1018299533220989494,2024-06-30
1018299533220989494,2024-07-06
1018299533220989494,2024-07-12
1018299533220989494,2024-07-19
1018299533220989494,2024-08-05
1018299533220989494,2024-08-11
1018299533220989494,2024-08-16
1018299533220989494,2024-08-17
1018299533220989494,2024-08-18
1018299533220989494,2024-08-25
1018299533220989494,2024-09-12
1018299533220989494,2024-09-14
1018299533220989494,2024-09-17
1018299533220989494,2024-09-20
1018299533220989494,2024-09-24
1018299533220989494,2024-09-27
1018299533220989494,2024-09-29
1018299533220989494,2024-09-30
1018299533220989494,2024-10-04
1018299533220989494,2024-10-05
1018299533220989494,2024-10-06
1018299533220989494,2024-10-09
1018299533220989494,2024-10-27
1018299533220989494,2024-10-28
1018299533220989494,2024-11-03
1018299533220989494,2024-11-08
1018299533220989494,2024-11-10
1018299533220989494,2024-11-14
1018299533220989494,2024-11-24
1018299533220989494,2024-11-27
1018299533220989494,2024-12-01
1018299533220989494,2024-12-11
1018299533220989494,2024-12-29
1018299533220989494,2025-01-19
1018299533220989494,2025-02-15
1018299533220989494,2025-03-08
1018299533220989494,2025-03-10
1018299533220989494,2025-04-06
1018299533220989494,2025-04-26
1018299533220989494,2025-05-02
1018299533220989494,2025-05-18
1018299533220989494,2025-05-21
1018299533220989494,2025-05-25
1018299533220989494,2025-05-31
1018299533220989494,2025-06-01
1018299533220989494,2025-06-05
1018299533220989494,2025-06-10
1018299533220989494,2025-06-13
1018299533220989494,2025-06-19
1018299533220989494,2025-06-21
1018299533220989494,2025-06-26
1018299533220989494,2025-07-14
1018299533220989494,2025-07-27
1018299533220989494,2025-07-30
1018299533220989494,2025-08-04
1018299533220989494,2025-08-10
1018299533220989494,2025-09-01
1018299533220989494,2025-10-11
1018299533220989494,2025-10-13
1018299533220989494,2025-10-18
1018299533220989494,2025-10-19
1018299533220989494,2025-10-22
1018299533220989494,2025-10-23
1018972187574908115,2023-11-19
1018972187574908115,2023-12-09
1018972187574908115,2023-12-11
1018972187574908115,2023-12-16
1018972187574908115,2023-12-24
1018972187574908115,2023-12-29
1018972187574908115,2024-01-21
1018972187574908115,2024-02-02
1018972187574908115,2024-02-07
1018972187574908115,2024-02-15
1018972187574908115,2024-02-17
1018972187574908115,2024-03-08
1018972187574908115,2024-03-23
1018972187574908115,2024-04-15
1018972187574908115,2024-04-16
1018972187574908115,2024-04-18
1018972187574908115,2024-04-25
1018972187574908115,2024-05-03
1018972187574908115,2024-05-04
1018972187574908115,2024-05-10
1018972187574908115,2024-05-12
1018972187574908115,2024-05-16
1018972187574908115,2024-05-22
1018972187574908115,2024-05-26
1018972187574908115,2024-05-29
1018972187574908115,2024-06-03
1018972187574908115,2024-06-08
1018972187574908115,2024-06-09
1018972187574908115,2024-06-13
1018972187574908115,2024-06-21
1018972187574908115,2024-06-27
1018972187574908115,2024-06-28
1018972187574908115,2024-07-04
1018972187574908115,2024-07-05
1018972187574908115,2024-07-10
1018972187574908115,2024-07-12
1018972187574908115,2024-07-14
1018972187574908115,2024-07-20
1018972187574908115,2024-07-21
1018972187574908115,2024-08-30
1018972187574908115,2024-09-25
1018972187574908115,2024-09-27
1018972187574908115,2024-09-28
1018972187574908115,2024-10-04
1018972187574908115,2024-10-11
1018972187574908115,2024-10-15
1018972187574908115,2024-10-26
1018972187574908115,2024-10-27
1018972187574908115,2024-10-28
1018972187574908115,2024-10-31
1018972187574908115,2024-11-08
1018972187574908115,2024-11-15
1018972187574908115,2024-11-21
1018972187574908115,2025-02-11
1018972187574908115,2025-02-16
1018972187574908115,2025-02-21
1018972187574908115,2025-04-19
1018972187574908115,2025-05-03
1018972187574908115,2025-05-07
1018972187574908115,2025-05-22
1018972187574908115,2025-06-21
1018972187574908115,2025-06-29
1018972187574908115,2025-07-07
1018972187574908115,2025-07-31
1018972187574908115,2025-08-04
1018972187574908115,2025-10-11
1018972187574908115,2025-11-01
1020518500251473070,2023-12-07
1020518500251473070,2023-12-10
1020518500251473070,2024-01-01
1020518500251473070,2024-01-14
1020518500251473070,2024-02-04
1020518500251473070,2024-02-09
1020518500251473070,2024-02-11
1020518500251473070,2024-02-16
1020518500251473070,2024-02-19
1020518500251473070,2024-02-21
1020518500251473070,2024-02-24
1020518500251473070,2024-03-03
1020518500251473070,2024-03-04
1020518500251473070,2024-03-08
1020518500251473070,2024-03-09
1020518500251473070,2024-03-10
1020518500251473070,2024-03-14
1020518500251473070,2024-03-18
1020518500251473070,2024-03-23
1020518500251473070,2024-03-26
1020518500251473070,2024-04-01
1020518500251473070,2024-04-03
1020518500251473070,2024-04-11
1020518500251473070,2024-04-13
1020518500251473070,2024-04-14
1020518500251473070,2024-04-16
1020518500251473070,2024-04-18
1020518500251473070,2024-04-21
1020518500251473070,2024-04-22
1020518500251473070,2024-04-26
1020518500251473070,2024-04-30
1020518500251473070,2024-05-01
1020518500251473070,2024-05-02
1020518500251473070,2024-05-05
1020518500251473070,2024-05-07
1020518500251473070,2024-05-08
1020518500251473070,2024-05-09
1020518500251473070,2024-05-10
1020518500251473070,2024-05-12
1020518500251473070,2024-05-18
1020518500251473070,2024-05-19
1020518500251473070,2024-05-23
1020518500251473070,2024-05-25
1020518500251473070,2024-05-27
1020518500251473070,2024-06-01
1020518500251473070,2024-06-07
1020518500251473070,2024-06-09
1020518500251473070,2024-06-12
1020518500251473070,2024-06-15
1020518500251473070,2024-06-18
1020518500251473070,2024-06-21
1020518500251473070,2024-06-24
1020518500251473070,2024-06-28
1020518500251473070,2024-07-05
1020518500251473070,2024-07-07
1020518500251473070,2024-07-09
1020518500251473070,2024-07-12
1020518500251473070,2024-07-15
1020518500251473070,2024-07-17
1020518500251473070,2024-07-22
1020518500251473070,2024-07-24
1020518500251473070,2024-07-25
1020518500251473070,2024-07-29
1020518500251473070,2024-08-01
1020518500251473070,2024-08-02
1020518500251473070,2024-08-03
1020518500251473070,2024-08-09
1020518500251473070,2024-08-13
1020518500251473070,2024-08-18
1020518500251473070,2024-08-25
1020518500251473070,2024-08-26
1020518500251473070,2024-08-30
1020518500251473070,2024-08-31
1020518500251473070,2024-09-01
1020518500251473070,2024-09-02
1020518500251473070,2024-09-10
1020518500251473070,2024-09-11
1020518500251473070,2024-09-12
1020518500251473070,2024-09-13
1020518500251473070,2024-09-15
1020518500251473070,2024-09-21
1020518500251473070,2024-09-22
1020518500251473070,2024-09-26
1020518500251473070,2024-09-27
1020518500251473070,2024-09-28
1020518500251473070,2024-10-01
1020518500251473070,2024-10-04
1020518500251473070,2024-10-05
1020518500251473070,2024-10-11
1020518500251473070,2024-10-14
1020518500251473070,2024-10-15
1020518500251473070,2024-10-16
1020518500251473070,2024-10-20
1020518500251473070,2024-10-28
1020518500251473070,2024-11-03
1020518500251473070,2024-11-07
1020518500251473070,2024-11-10
1020518500251473070,2024-11-13
1020518500251473070,2024-11-14
1020518500251473070,2024-11-15
1020518500251473070,2024-11-17
1020518500251473070,2024-11-24
1020518500251473070,2024-11-27
1020518500251473070,2024-12-05
1020518500251473070,2024-12-09
1020518500251473070,2024-12-11
1020518500251473070,2024-12-12
1020518500251473070,2024-12-14
1020518500251473070,2024-12-17
1020518500251473070,2024-12-20
1020518500251473070,2024-12-21
1020518500251473070,2024-12-26
1020518500251473070,2024-12-31
1020518500251473070,2025-01-11
1020518500251473070,2025-01-18
1020518500251473070,2025-01-23
1020518500251473070,2025-01-24
1020518500251473070,2025-02-04
1020518500251473070,2025-02-05
1020518500251473070,2025-02-08
1020518500251473070,2025-02-17
1020518500251473070,2025-02-24
1020518500251473070,2025-02-26
1020518500251473070,2025-03-05
1020518500251473070,2025-03-14
1020518500251473070,2025-03-16
1020518500251473070,2025-03-19
1020518500251473070,2025-03-22
1020518500251473070,2025-03-28
1020518500251473070,2025-03-31
1020518500251473070,2025-04-08
1020518500251473070,2025-04-13
1020518500251473070,2025-04-18
1020518500251473070,2025-04-24
1020518500251473070,2025-04-27
1020518500251473070,2025-05-04
1020518500251473070,2025-05-09
1020518500251473070,2025-05-11
1020518500251473070,2025-05-14
1020518500251473070,2025-05-17
1020518500251473070,2025-05-24
1020518500251473070,2025-05-31
1020518500251473070,2025-06-02
1020518500251473070,2025-06-04
1020518500251473070,2025-06-18
1020518500251473070,2025-06-20
1020518500251473070,2025-06-22
1020518500251473070,2025-07-01
1020518500251473070,2025-07-11
1020518500251473070,2025-07-15
1020518500251473070,2025-07-20
1020518500251473070,2025-07-23
1020518500251473070,2025-07-24
1020518500251473070,2025-08-01
1020518500251473070,2025-08-08
1020518500251473070,2025-08-15
1020518500251473070,2025-08-18
1020518500251473070,2025-08-25
1020518500251473070,2025-09-05
1020518500251473070,2025-09-08
1020518500251473070,2025-09-17
1020518500251473070,2025-09-18
1020518500251473070,2025-09-25
1020518500251473070,2025-09-26
1020518500251473070,2025-09-28
1020518500251473070,2025-09-29
1020518500251473070,2025-10-11
1020518500251473070,2025-10-16
1020518500251473070,2025-10-19
1020518500251473070,2025-10-23
1020518500251473070,2025-11-02
1020993107237604444,2023-11-26
1020993107237604444,2024-05-12
1020993107237604444,2024-05-19
1020993107237604444,2024-06-01
1020993107237604444,2024-06-04
1020993107237604444,2024-06-29
1020993107237604444,2024-07-19
1020993107237604444,2024-07-21
1020993107237604444,2024-08-02
1020993107237604444,2024-09-11
1020993107237604444,2024-09-28
1020993107237604444,2024-09-29
1020993107237604444,2024-11-03
1020993107237604444,2024-11-17
1020993107237604444,2024-11-24
1020993107237604444,2024-11-29
1020993107237604444,2025-01-12
1020993107237604444,2025-01-29
1020993107237604444,2025-02-27
1020993107237604444,2025-03-22
1020993107237604444,2025-05-18
1020993107237604444,2025-06-22
1020993107237604444,2025-07-04
1020993107237604444,2025-07-27
1020993107237604444,2025-08-02
1020993107237604444,2025-08-24
1020993107237604444,2025-09-07
1020993107237604444,2025-09-21
1021011347006185640,2023-12-03
1021011347006185640,2023-12-25
1021011347006185640,2024-01-01
1021011347006185640,2024-02-15
1021011347006185640,2024-02-23
1021011347006185640,2024-02-25
1021011347006185640,2024-05-03
1021011347006185640,2024-05-05
1021011347006185640,2024-05-11
1021011347006185640,2024-05-15
1021011347006185640,2024-05-19
1021011347006185640,2024-06-01
1021011347006185640,2024-06-10
1021011347006185640,2024-06-14
1021011347006185640,2024-07-14
1021011347006185640,2024-07-21
1021011347006185640,2024-07-29
1021011347006185640,2024-07-31
1021011347006185640,2024-08-08
1021011347006185640,2024-08-15
1021011347006185640,2024-09-16
1021011347006185640,2024-09-29
1021011347006185640,2024-10-06
1021011347006185640,2024-10-26
1021011347006185640,2024-11-04
1021011347006185640,2024-11-29
1021011347006185640,2025-01-02
1021011347006185640,2025-03-10
1021011347006185640,2025-05-11
1034722814589239236,2024-07-31
1034722814589239236,2024-09-01
1043565517982254841,2024-02-11
1043565517982254841,2024-02-15
1043565517982254841,2024-02-25
1043565517982254841,2024-02-27
1043565517982254841,2024-03-18
1043565517982254841,2024-04-04
1043565517982254841,2024-04-09
1043565517982254841,2024-04-19
1043565517982254841,2024-04-28
1043565517982254841,2024-06-23
1043565517982254841,2024-08-10
1043565517982254841,2024-08-15
1043565517982254841,2024-08-28
1043565517982254841,2024-09-08
1043565517982254841,2024-09-14
1043565517982254841,2024-09-24
1043565517982254841,2024-09-29
1043565517982254841,2024-10-28
1043565517982254841,2025-03-04
1043565517982254841,2025-07-06
1043565517982254841,2025-07-18
1043565517982254841,2025-08-16
1043565517982254841,2025-08-31
1043565517982254841,2025-09-28
1052381112116173923,2024-01-02
1052381112116173923,2024-04-14
1052381112116173923,2024-04-19
1052381112116173923,2024-06-30
1052381112116173923,2024-10-15
1052381112116173923,2024-12-01
1052381112116173923,2025-01-01
1052381112116173923,2025-03-01
1052381112116173923,2025-04-18
1056469473906808728,2024-10-26
1061814091773376272,2024-02-23
1061814091773376272,2024-03-28
1061814091773376272,2024-04-21
1061814091773376272,2024-05-12
1061814091773376272,2024-05-18
1061814091773376272,2024-06-30
1061814091773376272,2024-07-29
1061814091773376272,2024-08-18
1061814091773376272,2024-08-19
1061814091773376272,2024-08-25
1061814091773376272,2024-09-11
1061814091773376272,2024-09-29
1061814091773376272,2024-11-30
1061814091773376272,2025-01-08
1061814091773376272,2025-02-02
1061814091773376272,2025-02-09
1061814091773376272,2025-03-16
1061814091773376272,2025-05-17
1061814091773376272,2025-06-29
1061814091773376272,2025-07-20
1061814091773376272,2025-10-19
1062527013885315764,2024-02-01
1062527013885315764,2024-02-10
1062527013885315764,2024-06-09
1062527013885315764,2024-07-27
1062527013885315764,2024-08-01
1062527013885315764,2024-08-29
1062527013885315764,2024-09-29
1062527013885315764,2024-10-05
1062527013885315764,2024-10-11
1062527013885315764,2024-10-27
1062527013885315764,2025-01-18
1062527013885315764,2025-02-17
1062527013885315764,2025-07-19
1062527013885315764,2025-08-04
1079742757364810916,2024-02-18
1079742757364810916,2024-02-25
1079742757364810916,2024-02-28
1079742757364810916,2024-03-04
1079742757364810916,2024-03-05
1079742757364810916,2024-03-10
1079742757364810916,2025-02-06
1079742757364810916,2025-10-06
1079742757364810916,2025-10-30
1090781013234004527,2024-11-24
1091422934956081673,2024-03-26
1091422934956081673,2024-04-07
1091422934956081673,2024-04-24
1091422934956081673,2024-05-02
1091422934956081673,2024-05-04
1091422934956081673,2024-05-12
1091422934956081673,2024-07-04
1091422934956081673,2024-07-21
1091422934956081673,2024-07-28
1091422934956081673,2024-08-09
1091422934956081673,2024-08-12
1091422934956081673,2024-08-30
1091422934956081673,2024-09-01
1091422934956081673,2024-09-23
1091422934956081673,2024-10-28
1091422934956081673,2025-02-16
1091422934956081673,2025-05-18
1091500387329731524,2024-02-29
1091500387329731524,2024-03-08
1091500387329731524,2024-03-10
1091500387329731524,2024-03-18
1091500387329731524,2024-03-25
1091500387329731524,2024-04-02
1091500387329731524,2024-04-14
1091500387329731524,2024-04-16
1091500387329731524,2024-04-21
1091500387329731524,2024-04-30
1091500387329731524,2024-05-16
1091500387329731524,2024-05-22
1091500387329731524,2024-05-25
1091500387329731524,2024-05-27
1091500387329731524,2024-05-29
1091500387329731524,2024-06-11
1091500387329731524,2024-06-23
1091500387329731524,2024-06-25
1091500387329731524,2024-06-29
1091500387329731524,2024-07-07
1091500387329731524,2024-07-15
1091500387329731524,2024-07-19
1091500387329731524,2024-07-27
1091500387329731524,2024-08-07
1091500387329731524,2024-08-11
1091500387329731524,2024-08-16
1091500387329731524,2024-08-21
1091500387329731524,2024-08-25
1091500387329731524,2024-09-08
1091500387329731524,2024-09-25
1091500387329731524,2024-09-27
1091500387329731524,2024-09-30
1091500387329731524,2024-10-02
1091500387329731524,2024-10-14
1091500387329731524,2024-10-22
1091500387329731524,2024-10-27
1091500387329731524,2024-11-01
1091500387329731524,2024-11-11
1091500387329731524,2024-11-18
1091500387329731524,2024-11-24
1091500387329731524,2024-11-29
1091500387329731524,2024-12-01
1091500387329731524,2024-12-04
1091500387329731524,2024-12-08
1091500387329731524,2024-12-18
1091500387329731524,2024-12-29
1091500387329731524,2025-01-02
1091500387329731524,2025-01-05
1091500387329731524,2025-01-13
1091500387329731524,2025-01-26
1091500387329731524,2025-02-04
1091500387329731524,2025-02-09
1091500387329731524,2025-02-14
1091500387329731524,2025-02-17
1091500387329731524,2025-02-23
1091500387329731524,2025-02-26
1091500387329731524,2025-03-02
1091500387329731524,2025-03-17
1091500387329731524,2025-04-05
1091500387329731524,2025-04-13
1091500387329731524,2025-04-20
1091500387329731524,2025-04-27
1091500387329731524,2025-05-04
1091500387329731524,2025-05-18
1091500387329731524,2025-06-11
1091500387329731524,2025-06-15
1091500387329731524,2025-06-22
1091500387329731524,2025-06-29
1091500387329731524,2025-07-06
1091500387329731524,2025-07-13
1091500387329731524,2025-07-21
1091500387329731524,2025-07-31
1091500387329731524,2025-08-03
1091500387329731524,2025-08-09
1091500387329731524,2025-08-18
1091500387329731524,2025-08-23
1091500387329731524,2025-08-30
1091500387329731524,2025-09-28
1091500387329731524,2025-10-05
1091500387329731524,2025-10-13
1097201673425863720,2024-08-05
1097201673425863720,2024-08-16
1097201673425863720,2024-08-18
1097201673425863720,2024-08-20
1097201673425863720,2024-08-21
1097201673425863720,2024-08-29
1097201673425863720,2024-09-02
1097201673425863720,2024-09-07
1097201673425863720,2024-09-12
1097201673425863720,2024-09-20
1097201673425863720,2024-09-23
1097201673425863720,2024-09-27
1097201673425863720,2024-09-29
1097201673425863720,2024-10-06
1097201673425863720,2024-10-09
1097201673425863720,2024-10-17
1097201673425863720,2024-10-20
1097201673425863720,2024-10-22
1097201673425863720,2024-10-28
1097201673425863720,2024-11-02
1097201673425863720,2024-11-10
1097201673425863720,2024-11-17
1097201673425863720,2024-11-22
1097201673425863720,2024-11-24
1097201673425863720,2024-11-27
1097201673425863720,2024-11-30
1097201673425863720,2024-12-01
1097201673425863720,2024-12-03
1097201673425863720,2024-12-07
1097201673425863720,2024-12-08
1097201673425863720,2024-12-12
1097201673425863720,2024-12-15
1097201673425863720,2024-12-17
1097201673425863720,2024-12-24
1097201673425863720,2024-12-31
1097201673425863720,2025-01-09
1097201673425863720,2025-01-11
1097201673425863720,2025-01-12
1097201673425863720,2025-01-18
1097201673425863720,2025-01-19
1097201673425863720,2025-02-01
1097201673425863720,2025-02-08
1097201673425863720,2025-02-09
1097201673425863720,2025-02-13
1097201673425863720,2025-02-17
1097201673425863720,2025-02-19
1097201673425863720,2025-02-24
1097201673425863720,2025-03-01
1097201673425863720,2025-03-02
1097201673425863720,2025-03-03
1097201673425863720,2025-03-04
1097201673425863720,2025-03-08
1097201673425863720,2025-03-09
1097201673425863720,2025-03-13
1097201673425863720,2025-03-16
1097201673425863720,2025-03-21
1097995825442731795,2024-03-10
1097995825442731795,2024-03-16
1097995825442731795,2024-04-01
1097995825442731795,2024-04-09
1097995825442731795,2024-04-17
1097995825442731795,2024-04-22
1097995825442731795,2024-04-28
1097995825442731795,2024-05-03
1097995825442731795,2024-05-05
1097995825442731795,2024-05-12
1097995825442731795,2024-05-22
1097995825442731795,2024-05-27
1097995825442731795,2024-06-02
1097995825442731795,2024-06-30
1097995825442731795,2024-07-09
1097995825442731795,2024-07-14
1097995825442731795,2024-08-01
1097995825442731795,2024-08-10
1097995825442731795,2024-08-13
1097995825442731795,2024-08-18
1097995825442731795,2024-08-20
1097995825442731795,2024-08-25
1097995825442731795,2024-09-01
1097995825442731795,2024-09-08
1097995825442731795,2024-09-13
1097995825442731795,2024-09-23
1097995825442731795,2024-09-29
1097995825442731795,2024-10-08
1097995825442731795,2024-10-23
1097995825442731795,2024-10-29
1097995825442731795,2024-11-11
1097995825442731795,2024-11-24
1097995825442731795,2024-11-30
1097995825442731795,2024-12-29
1097995825442731795,2025-01-01
1097995825442731795,2025-01-19
1097995825442731795,2025-02-05
1097995825442731795,2025-02-10
1097995825442731795,2025-02-16
1097995825442731795,2025-02-26
1097995825442731795,2025-03-09
1097995825442731795,2025-03-24
1097995825442731795,2025-03-29
1097995825442731795,2025-04-20
1097995825442731795,2025-05-02
1097995825442731795,2025-05-27
1097995825442731795,2025-05-31
1097995825442731795,2025-06-06
1097995825442731795,2025-06-09
1097995825442731795,2025-06-18
1097995825442731795,2025-06-22
1097995825442731795,2025-06-27
1097995825442731795,2025-07-27
1097995825442731795,2025-07-31
1097995825442731795,2025-08-03
1097995825442731795,2025-08-26
1097995825442731795,2025-10-01
1097995825442731795,2025-10-21
1100876731732967826,2024-04-14
1100876731732967826,2024-05-02
1100876731732967826,2024-05-05
1100876731732967826,2024-06-21
1100876731732967826,2024-06-30
1100876731732967826,2024-07-07
1100876731732967826,2024-07-12
1100876731732967826,2024-07-21
1100876731732967826,2024-08-12
1100876731732967826,2024-08-26
1100876731732967826,2024-09-08
1100876731732967826,2024-09-13
1100876731732967826,2024-09-16
1100876731732967826,2024-09-23
1100876731732967826,2024-10-04
1100876731732967826,2024-10-07
1100876731732967826,2024-10-14
1100876731732967826,2024-10-28
1100876731732967826,2024-10-31
1100876731732967826,2024-11-03
1100876731732967826,2024-11-09
1100876731732967826,2024-12-02
1100876731732967826,2024-12-09
1100876731732967826,2024-12-23
1100876731732967826,2025-01-03
1100876731732967826,2025-01-24
1100876731732967826,2025-02-15
1100876731732967826,2025-02-19
1100876731732967826,2025-05-29
1100876731732967826,2025-06-10
1100876731732967826,2025-06-19
1100876731732967826,2025-06-23
1100876731732967826,2025-06-29
1100876731732967826,2025-07-03
1100876731732967826,2025-07-08
1100876731732967826,2025-07-21
1100876731732967826,2025-09-23
1100876731732967826,2025-10-02
1100876731732967826,2025-10-20
1102984130027939637,2024-03-10
1102984130027939637,2024-03-19
1102984130027939637,2024-03-25
1102984130027939637,2024-04-12
1102984130027939637,2024-04-14
1102984130027939637,2024-04-21
1102984130027939637,2024-04-29
1102984130027939637,2024-05-03
1102984130027939637,2024-05-04
1102984130027939637,2024-05-15
1102984130027939637,2024-05-19
1102984130027939637,2024-05-21
1102984130027939637,2024-05-22
1102984130027939637,2024-05-29
1102984130027939637,2024-06-09
1102984130027939637,2024-06-13
1102984130027939637,2024-06-30
1102984130027939637,2024-07-03
1102984130027939637,2024-07-05
1102984130027939637,2024-07-15
1102984130027939637,2024-07-21
1102984130027939637,2024-07-26
1102984130027939637,2024-08-01
1102984130027939637,2024-08-09
1102984130027939637,2024-08-13
1102984130027939637,2024-08-15
1102984130027939637,2024-08-16
1102984130027939637,2024-08-18
1102984130027939637,2024-09-01
1102984130027939637,2024-09-06
1102984130027939637,2024-09-22
1102984130027939637,2024-09-25
1102984130027939637,2024-09-30
1102984130027939637,2024-10-18
1102984130027939637,2024-10-20
1102984130027939637,2024-10-28
1102984130027939637,2024-11-02
1102984130027939637,2024-11-08
1102984130027939637,2025-01-03
1102984130027939637,2025-01-16
1102984130027939637,2025-02-12
1102984130027939637,2025-02-14
1102984130027939637,2025-02-15
1102984130027939637,2025-02-17
1102984130027939637,2025-02-21
1102984130027939637,2025-03-14
1102984130027939637,2025-04-03
1102984130027939637,2025-04-29
1102984130027939637,2025-05-03
1102984130027939637,2025-05-18
1102984130027939637,2025-06-28
1102984130027939637,2025-07-05
1102984130027939637,2025-07-28
1102984130027939637,2025-09-06
1102984130027939637,2025-10-12
1102984130027939637,2025-10-17
1102984130027939637,2025-10-30
1104977057298366617,2024-03-07
1104977057298366617,2024-03-09
1104977057298366617,2024-03-13
1104977057298366617,2024-03-15
1104977057298366617,2024-03-18
1104977057298366617,2024-03-25
1104977057298366617,2024-03-30
1104977057298366617,2024-03-31
1104977057298366617,2024-04-01
1104977057298366617,2024-04-02
1104977057298366617,2024-04-05
1104977057298366617,2024-04-06
1104977057298366617,2024-04-07
1104977057298366617,2024-04-09
1104977057298366617,2024-04-12
1104977057298366617,2024-04-13
1104977057298366617,2024-04-22
1104977057298366617,2024-04-25
1104977057298366617,2024-04-29
1104977057298366617,2024-05-05
1104977057298366617,2024-05-06
1104977057298366617,2024-05-09
1104977057298366617,2024-05-10
1104977057298366617,2024-05-26
1104977057298366617,2024-06-02
1104977057298366617,2024-06-07
1104977057298366617,2024-06-10
1104977057298366617,2024-06-14
1104977057298366617,2024-06-15
1104977057298366617,2024-06-24
1104977057298366617,2024-06-30
1104977057298366617,2024-07-04
1104977057298366617,2024-07-05
1104977057298366617,2024-07-08
1104977057298366617,2024-07-16
1104977057298366617,2024-07-18
1104977057298366617,2024-07-21
1104977057298366617,2024-07-22
1104977057298366617,2024-07-26
1104977057298366617,2024-07-28
1104977057298366617,2024-07-31
1104977057298366617,2024-08-02
1104977057298366617,2024-08-24
1104977057298366617,2024-09-29
1104977057298366617,2024-10-04
1104977057298366617,2024-10-14
1104977057298366617,2024-10-18
1104977057298366617,2025-03-21
1104977057298366617,2025-03-22
1104977057298366617,2025-08-14
1104977057298366617,2025-08-21
1104977057298366617,2025-08-30
1104977057298366617,2025-09-11
1104977057298366617,2025-09-13
1104977057298366617,2025-09-24
1104977057298366617,2025-10-21
1111221935683053416,2024-03-23
1111221935683053416,2024-03-25
1111221935683053416,2024-04-02
1111221935683053416,2024-04-21
1111221935683053416,2024-05-12
1111221935683053416,2024-09-01
1111221935683053416,2024-10-01
1111221935683053416,2025-04-13
1111221935683053416,2025-04-27
1111221935683053416,2025-05-05
1111221935683053416,2025-05-11
1111221935683053416,2025-05-26
1111221935683053416,2025-07-24
1111221935683053416,2025-07-26
1111221935683053416,2025-07-31
1111221935683053416,2025-08-03
1111221935683053416,2025-08-06
1111221935683053416,2025-08-10
1111221935683053416,2025-08-31
1111221935683053416,2025-09-14
1111221935683053416,2025-09-28
1111221935683053416,2025-10-12
1111221935683053416,2025-10-19
1119691401020641385,2024-04-07
1119691401020641385,2024-04-19
1119691401020641385,2024-06-03
1119691401020641385,2024-09-27
1119691401020641385,2024-09-28
1119691401020641385,2024-10-12
1119691401020641385,2024-10-27
1119691401020641385,2025-02-06
1119691401020641385,2025-02-15
1119691401020641385,2025-02-16
1119691401020641385,2025-02-28
1119691401020641385,2025-03-12
1119691401020641385,2025-03-19
1119691401020641385,2025-04-03
1119691401020641385,2025-06-07
1119691401020641385,2025-06-21
1119691401020641385,2025-07-27
1119691401020641385,2025-07-31
1119691401020641385,2025-08-19
1119691401020641385,2025-08-27
1119691401020641385,2025-09-03
1119691401020641385,2025-09-22
1119691401020641385,2025-11-02
1120212616553191970,2024-03-31
1120212616553191970,2024-04-09
1120212616553191970,2024-04-21
1120212616553191970,2024-04-28
1120212616553191970,2024-05-05
1120212616553191970,2024-05-08
1120212616553191970,2024-05-12
1120212616553191970,2024-05-27
1120212616553191970,2024-06-01
1120212616553191970,2024-06-02
1120212616553191970,2024-06-05
1120212616553191970,2024-06-12
1120212616553191970,2024-08-27
1120212616553191970,2024-10-13
1120212616553191970,2024-10-26
1120212616553191970,2024-11-03
1120212616553191970,2024-11-15
1120212616553191970,2024-11-17
1120212616553191970,2024-12-03
1120212616553191970,2024-12-08
1120212616553191970,2025-01-12
1120212616553191970,2025-01-26
1120212616553191970,2025-02-09
1120212616553191970,2025-02-23
1120212616553191970,2025-03-05
1120212616553191970,2025-03-16
1120212616553191970,2025-04-06
1120212616553191970,2025-04-18
1120212616553191970,2025-06-29
1120212616553191970,2025-07-05
1120212616553191970,2025-07-20
1120212616553191970,2025-08-10
1120212616553191970,2025-09-15
1123231471304541808,2024-04-18
1123231471304541808,2024-04-21
1123231471304541808,2024-04-28
1123231471304541808,2024-05-04
1123231471304541808,2024-05-11
1123231471304541808,2024-05-12
1123231471304541808,2024-05-30
1123231471304541808,2024-06-17
1123231471304541808,2024-07-01
1123231471304541808,2024-07-08
1123231471304541808,2024-07-19
1123231471304541808,2024-07-26
1123231471304541808,2024-08-10
1123231471304541808,2024-08-18
1123231471304541808,2024-08-29
1123231471304541808,2024-09-05
1123231471304541808,2024-09-08
1123231471304541808,2024-09-15
1123231471304541808,2024-09-18
1123231471304541808,2024-09-22
1123231471304541808,2024-09-24
1123231471304541808,2024-09-29
1123231471304541808,2024-10-05
1123231471304541808,2024-10-14
1123231471304541808,2024-10-20
1123231471304541808,2024-10-26
1123231471304541808,2024-10-27
1123231471304541808,2024-10-31
1123231471304541808,2024-11-11
1123231471304541808,2024-11-17
1123231471304541808,2024-11-20
1123231471304541808,2024-11-22
1123231471304541808,2024-12-16
1123231471304541808,2024-12-22
1123231471304541808,2024-12-26
1123231471304541808,2024-12-28
1123231471304541808,2025-01-16
1123231471304541808,2025-01-26
1123231471304541808,2025-02-01
1123231471304541808,2025-02-16
1123231471304541808,2025-02-22
1123231471304541808,2025-02-27
1123231471304541808,2025-03-16
1123231471304541808,2025-03-23
1123231471304541808,2025-04-27
1123231471304541808,2025-05-09
1123231471304541808,2025-05-11
1123231471304541808,2025-05-18
1123231471304541808,2025-05-25
1123231471304541808,2025-06-06
1123231471304541808,2025-06-16
1123231471304541808,2025-06-29
1123231471304541808,2025-07-02
1123231471304541808,2025-07-06
1123231471304541808,2025-07-11
1123231471304541808,2025-07-13
1123231471304541808,2025-07-19
1123231471304541808,2025-07-31
1123231471304541808,2025-08-03
1123231471304541808,2025-08-08
1123231471304541808,2025-08-17
1123231471304541808,2025-08-22
1123231471304541808,2025-08-24
1123231471304541808,2025-08-27
1123231471304541808,2025-09-06
1123231471304541808,2025-09-09
1123231471304541808,2025-09-18
1123231471304541808,2025-09-21
1123231471304541808,2025-10-01
1123231471304541808,2025-10-05
1123231471304541808,2025-10-10
1123231471304541808,2025-10-13
1123231471304541808,2025-10-27
1124558577325015506,2024-06-02
1124558577325015506,2024-08-17
1124558577325015506,2025-01-31
1124558577325015506,2025-02-17
1124558577325015506,2025-08-21
1124632058968031818,2024-04-16
1124632058968031818,2024-05-16
1124632058968031818,2024-08-10
1124632058968031818,2024-08-24
1124632058968031818,2025-03-31
1124632058968031818,2025-10-19
1128332989288304495,2024-06-09
1128332989288304495,2024-06-30
1128332989288304495,2024-07-28
1128386510439836615,2024-06-28
1128386510439836615,2024-08-03
1131258472427093335,2024-08-10
1131258472427093335,2024-08-12
1131258472427093335,2024-08-17
1131258472427093335,2024-08-18
1131258472427093335,2024-08-19
1131258472427093335,2024-08-21
1131258472427093335,2024-08-25
1131258472427093335,2024-09-20
1131258472427093335,2024-09-25
1131258472427093335,2024-09-29
1131258472427093335,2024-10-12
1131258472427093335,2024-10-14
1131258472427093335,2024-10-19
1131258472427093335,2024-10-26
1131258472427093335,2024-10-27
1131258472427093335,2024-10-28
1131258472427093335,2024-11-03
1131258472427093335,2024-11-13
1131258472427093335,2024-11-14
1131258472427093335,2024-11-16
1131258472427093335,2024-11-17
1131258472427093335,2024-11-23
1131258472427093335,2024-12-01
1131258472427093335,2024-12-15
1131258472427093335,2025-01-24
1131258472427093335,2025-02-02
1131258472427093335,2025-02-10
1131258472427093335,2025-02-16
1131258472427093335,2025-02-20
1131258472427093335,2025-02-23
1131258472427093335,2025-02-27
1131258472427093335,2025-03-01
1131258472427093335,2025-03-05
1131258472427093335,2025-03-09
1131258472427093335,2025-03-16
1131258472427093335,2025-03-23
1131258472427093335,2025-04-11
1131258472427093335,2025-04-19
1131258472427093335,2025-04-27
1131258472427093335,2025-04-29
1131258472427093335,2025-05-04
1131258472427093335,2025-05-05
1131258472427093335,2025-05-13
1131258472427093335,2025-05-16
1131258472427093335,2025-05-18
1131258472427093335,2025-05-19
1131258472427093335,2025-05-31
1131258472427093335,2025-06-01
1131258472427093335,2025-06-08
1131258472427093335,2025-06-11
1131258472427093335,2025-06-15
1131258472427093335,2025-06-17
1131258472427093335,2025-06-21
1131258472427093335,2025-06-22
1131258472427093335,2025-06-29
1131258472427093335,2025-07-06
1131258472427093335,2025-07-08
1131258472427093335,2025-07-10
1131258472427093335,2025-07-12
1131258472427093335,2025-07-13
1131258472427093335,2025-07-15
1131258472427093335,2025-07-16
1131258472427093335,2025-07-19
1131258472427093335,2025-07-20
1131258472427093335,2025-07-21
1131258472427093335,2025-07-25
1131258472427093335,2025-07-26
1131258472427093335,2025-07-27
1131258472427093335,2025-08-04
1131258472427093335,2025-08-06
1131258472427093335,2025-08-08
1131258472427093335,2025-08-12
1131258472427093335,2025-08-23
1131258472427093335,2025-08-24
1131258472427093335,2025-09-28
1131258472427093335,2025-10-01
1131258472427093335,2025-10-03
1131258472427093335,2025-10-04
1131258472427093335,2025-10-05
1131258472427093335,2025-10-07
1131258472427093335,2025-10-09
1131258472427093335,2025-10-10
1131258472427093335,2025-10-11
1131258472427093335,2025-10-12
1131258472427093335,2025-10-14
1131258472427093335,2025-10-19
1131258472427093335,2025-10-25
1131258472427093335,2025-11-02
1134940445251354534,2024-05-03
1134940445251354534,2025-05-15
1141525488442370659,2025-08-03
1141525488442370659,2025-10-10
1142828940864329671,2024-05-05
1142828940864329671,2024-05-19
1142828940864329671,2024-06-30
1142828940864329671,2024-07-06
1142832011692120213,2024-05-27
1142832011692120213,2024-05-31
1142832011692120213,2024-06-07
1142832011692120213,2024-06-09
1142832011692120213,2024-09-29
1142832011692120213,2025-04-13
1142832011692120213,2025-08-09
1142832011692120213,2025-08-20
1142832011692120213,2025-09-01
1146241260871564965,2024-05-07
1146241260871564965,2024-05-11
1146241260871564965,2024-05-12
1146241260871564965,2024-05-21
1146241260871564965,2024-06-04
1146241260871564965,2024-06-06
1146241260871564965,2024-06-09
1146241260871564965,2024-07-01
1146241260871564965,2024-07-05
1146241260871564965,2024-07-06
1146241260871564965,2024-07-07
1146241260871564965,2024-07-12
1146241260871564965,2024-07-14
1146241260871564965,2024-07-20
1146241260871564965,2024-07-28
1146241260871564965,2024-08-02
1146241260871564965,2024-08-16
1146241260871564965,2024-08-19
1146241260871564965,2024-08-23
1146241260871564965,2024-08-25
1146241260871564965,2024-09-21
1146241260871564965,2024-09-29
1146241260871564965,2024-10-12
1146241260871564965,2024-10-13
1146241260871564965,2024-10-18
1146241260871564965,2024-10-20
1146241260871564965,2024-10-23
1146241260871564965,2024-10-28
1146241260871564965,2024-11-03
1146241260871564965,2024-11-17
1146241260871564965,2024-11-23
1146241260871564965,2024-11-27
1146241260871564965,2024-12-02
1146241260871564965,2024-12-08
1146241260871564965,2024-12-15
1146241260871564965,2024-12-23
1146241260871564965,2024-12-26
1146241260871564965,2025-01-11
1146241260871564965,2025-01-18
1146241260871564965,2025-01-19
1146241260871564965,2025-01-25
1146241260871564965,2025-02-01
1146241260871564965,2025-02-05
1146241260871564965,2025-02-06
1146241260871564965,2025-02-15
1146241260871564965,2025-02-17
1146241260871564965,2025-02-21
1146241260871564965,2025-02-23
1146241260871564965,2025-02-26
1146241260871564965,2025-03-01
1146241260871564965,2025-03-12
1146241260871564965,2025-03-16
1146241260871564965,2025-05-11
1146241260871564965,2025-05-14
1146241260871564965,2025-05-15
1146241260871564965,2025-05-18
1146241260871564965,2025-05-26
1146241260871564965,2025-06-05
1146241260871564965,2025-06-09
1146241260871564965,2025-06-17
1146241260871564965,2025-06-23
1146241260871564965,2025-06-29
1146241260871564965,2025-07-09
1146241260871564965,2025-07-13
1146241260871564965,2025-07-27
1146241260871564965,2025-07-28
1146241260871564965,2025-07-29
1146241260871564965,2025-07-31
1146241260871564965,2025-08-12
1146241260871564965,2025-08-19
1146241260871564965,2025-08-25
1146241260871564965,2025-09-01
1146241260871564965,2025-09-07
1146241260871564965,2025-09-13
1146241260871564965,2025-09-14
1146241260871564965,2025-09-25
1146241260871564965,2025-09-29
1146241260871564965,2025-10-03
1146241260871564965,2025-10-05
1146241260871564965,2025-10-07
1146241260871564965,2025-10-21
1146241260871564965,2025-10-26
1147092019793504034,2024-05-03
1147092019793504034,2024-05-08
1147092019793504034,2024-05-12
1147092019793504034,2024-05-16
1147092019793504034,2024-05-18
1147092019793504034,2024-05-23
1147092019793504034,2024-05-26
1147092019793504034,2024-05-27
1147092019793504034,2024-05-31
1147092019793504034,2024-06-07
1147092019793504034,2024-06-09
1147092019793504034,2024-06-11
1147092019793504034,2024-06-13
1147092019793504034,2024-06-15
1147092019793504034,2024-06-16
1147092019793504034,2024-06-23
1147092019793504034,2024-07-07
1147092019793504034,2024-07-12
1147092019793504034,2024-07-15
1147092019793504034,2024-07-26
1147092019793504034,2024-08-01
1147092019793504034,2024-08-03
1147092019793504034,2024-08-05
1147092019793504034,2024-08-07
1147092019793504034,2024-08-08
1147092019793504034,2024-08-10
1147092019793504034,2024-08-13
1147092019793504034,2024-08-18
1147092019793504034,2024-08-21
1147092019793504034,2024-09-01
1147092019793504034,2024-09-02
1147092019793504034,2024-09-06
1147092019793504034,2024-09-07
1147092019793504034,2024-09-08
1147092019793504034,2024-09-20
1147092019793504034,2024-09-22
1147092019793504034,2024-09-24
1147092019793504034,2024-09-25
1147092019793504034,2024-09-27
1147092019793504034,2024-09-28
1147092019793504034,2024-10-02
1147092019793504034,2024-10-06
1147092019793504034,2024-10-07
1147092019793504034,2024-10-20
1147092019793504034,2024-10-24
1147092019793504034,2024-11-01
1147092019793504034,2025-01-04
1147092019793504034,2025-01-15
1147092019793504034,2025-01-18
1147092019793504034,2025-01-24
1147092019793504034,2025-01-26
1147092019793504034,2025-02-08
1147092019793504034,2025-02-09
1147092019793504034,2025-02-14
1147092019793504034,2025-02-21
1147092019793504034,2025-02-26
1147092019793504034,2025-03-02
1147092019793504034,2025-03-16
1147092019793504034,2025-03-21
1147092019793504034,2025-03-22
1147092019793504034,2025-03-23
1147092019793504034,2025-03-30
1147092019793504034,2025-04-13
1147092019793504034,2025-04-18
1147092019793504034,2025-05-03
1147092019793504034,2025-05-05
1147092019793504034,2025-05-12
1147092019793504034,2025-05-22
1147092019793504034,2025-05-25
1147092019793504034,2025-05-26
1147092019793504034,2025-05-30
1147092019793504034,2025-06-01
1147092019793504034,2025-06-20
1147092019793504034,2025-06-24
1147092019793504034,2025-06-26
1147092019793504034,2025-06-28
1147092019793504034,2025-06-29
1147092019793504034,2025-07-01
1147092019793504034,2025-07-25
1147092019793504034,2025-07-28
1147092019793504034,2025-09-07
1147092019793504034,2025-09-27
1147092019793504034,2025-10-02
1147092019793504034,2025-10-11
1147092019793504034,2025-10-20
1150611568915810847,2024-05-14
1150611568915810847,2024-06-27
1150611568915810847,2024-07-07
1150611568915810847,2024-08-12
1150611568915810847,2024-08-14
1150611568915810847,2024-08-18
1150611568915810847,2024-09-22
1150611568915810847,2024-10-21
1150611568915810847,2024-10-28
1150611568915810847,2025-03-12
1150611568915810847,2025-03-30
1150611568915810847,2025-07-31
1150611568915810847,2025-08-03
1150611568915810847,2025-08-05
1150611568915810847,2025-08-30
1150611568915810847,2025-09-20
1158059552251999833,2024-09-01
1158059552251999833,2024-11-29
1164651175585600815,2024-06-30
1164651175585600815,2024-07-14
1164651175585600815,2024-07-29
1164651175585600815,2024-09-10
1164651175585600815,2024-09-24
1164651175585600815,2024-10-04
1164651175585600815,2024-10-06
1164651175585600815,2024-10-27
1164651175585600815,2024-10-28
1164651175585600815,2024-11-16
1164651175585600815,2025-04-15
1164651175585600815,2025-04-19
1164651175585600815,2025-05-03
1164651175585600815,2025-05-24
1164651175585600815,2025-10-12
1171795874799450911,2024-06-09
1171795874799450911,2024-06-13
1171795874799450911,2024-06-23
1171795874799450911,2024-07-21
1171795874799450911,2024-08-11
1171795874799450911,2024-08-15
1171795874799450911,2024-08-18
1171795874799450911,2024-08-20
1171795874799450911,2024-08-25
1171795874799450911,2024-08-31
1171795874799450911,2024-09-08
1171795874799450911,2024-09-22
1171795874799450911,2024-09-25
1171795874799450911,2024-09-28
1171795874799450911,2024-09-29
1171795874799450911,2024-10-06
1171795874799450911,2024-10-14
1171795874799450911,2024-10-27
1171795874799450911,2024-10-28
1171795874799450911,2024-11-07
1171795874799450911,2024-11-11
1171795874799450911,2024-11-17
1171795874799450911,2024-12-02
1171795874799450911,2024-12-14
1171795874799450911,2024-12-29
1171795874799450911,2025-01-11
1171795874799450911,2025-01-21
1171795874799450911,2025-02-01
1171795874799450911,2025-02-04
1171795874799450911,2025-02-05
1171795874799450911,2025-02-09
1171795874799450911,2025-02-16
1171795874799450911,2025-02-17
1171795874799450911,2025-02-25
1171795874799450911,2025-02-26
1171795874799450911,2025-03-04
1171795874799450911,2025-03-09
1171795874799450911,2025-03-21
1171795874799450911,2025-03-26
1171795874799450911,2025-04-16
1171795874799450911,2025-04-19
1171795874799450911,2025-04-29
1171795874799450911,2025-05-09
1171795874799450911,2025-05-10
1171795874799450911,2025-05-19
1171795874799450911,2025-05-22
1171795874799450911,2025-05-26
1171795874799450911,2025-06-09
1171795874799450911,2025-06-11
1171795874799450911,2025-06-14
1171795874799450911,2025-06-16
1171795874799450911,2025-06-22
1171795874799450911,2025-06-30
1171795874799450911,2025-07-20
1171795874799450911,2025-07-21
1171795874799450911,2025-08-02
1171795874799450911,2025-08-11
1171795874799450911,2025-08-17
1171795874799450911,2025-08-22
1171795874799450911,2025-08-24
1171795874799450911,2025-08-31
1171795874799450911,2025-09-23
1171795874799450911,2025-09-28
1171795874799450911,2025-10-05
1171795874799450911,2025-10-09
1171795874799450911,2025-10-19
1173390858101803102,2024-07-20
1173390858101803102,2024-07-28
1173390858101803102,2024-08-11
1173390858101803102,2024-08-16
1173390858101803102,2024-08-25
1173390858101803102,2024-09-02
1173390858101803102,2024-09-29
1173390858101803102,2024-10-20
1173390858101803102,2024-11-10
1173390858101803102,2024-11-17
1173390858101803102,2024-11-30
1173390858101803102,2024-12-15
1173390858101803102,2024-12-19
1173390858101803102,2024-12-30
1173390858101803102,2025-01-06
1173390858101803102,2025-02-26
1173390858101803102,2025-05-18
1173390858101803102,2025-05-25
1173390858101803102,2025-06-09
1173390858101803102,2025-06-29
1173390858101803102,2025-07-27
1173390858101803102,2025-08-10
1173390858101803102,2025-08-18
1173390858101803102,2025-08-25
1173390858101803102,2025-09-28
1173390858101803102,2025-10-06
1173390858101803102,2025-10-12
1174544643387116469,2024-06-16
1174544643387116469,2024-06-23
1174544643387116469,2024-06-30
1174544643387116469,2024-07-01
1174544643387116469,2024-07-03
1174544643387116469,2024-07-08
1174544643387116469,2024-07-13
1174544643387116469,2024-07-15
1174544643387116469,2024-07-16
1174544643387116469,2024-07-19
1174544643387116469,2024-07-20
1174544643387116469,2024-08-05
1174544643387116469,2024-08-06
1174544643387116469,2024-08-23
1174544643387116469,2024-08-24
1174544643387116469,2024-08-30
1174544643387116469,2024-09-02
1174544643387116469,2024-09-06
1174544643387116469,2024-09-08
1174544643387116469,2024-09-10
1174544643387116469,2024-09-16
1174544643387116469,2024-09-19
1174544643387116469,2024-09-20
1174544643387116469,2024-09-22
1174544643387116469,2024-09-24
1174544643387116469,2024-09-25
1174544643387116469,2024-09-29
1174544643387116469,2024-10-27
1174544643387116469,2024-10-28
1174544643387116469,2024-11-06
1174544643387116469,2024-11-09
1174544643387116469,2024-11-11
1174544643387116469,2024-11-14
1174544643387116469,2024-11-16
1174544643387116469,2024-11-17
1174544643387116469,2024-11-20
1174544643387116469,2024-11-27
1174544643387116469,2024-12-07
1174544643387116469,2024-12-24
1174544643387116469,2024-12-27
1174544643387116469,2025-01-01
1174544643387116469,2025-01-27
1174544643387116469,2025-02-02
1174544643387116469,2025-02-07
1174544643387116469,2025-02-09
1174544643387116469,2025-02-14
1174544643387116469,2025-02-15
1174544643387116469,2025-02-18
1174544643387116469,2025-02-24
1174544643387116469,2025-02-28
1174544643387116469,2025-03-09
1174544643387116469,2025-03-24
1174544643387116469,2025-03-30
1174544643387116469,2025-04-06
1174544643387116469,2025-05-18
1174544643387116469,2025-08-12
1182574461437954732,2024-06-24
1182574461437954732,2024-07-01
1182574461437954732,2024-07-04
1182574461437954732,2024-07-07
1182574461437954732,2024-07-16
1182574461437954732,2024-08-01
1182574461437954732,2024-08-09
1182574461437954732,2024-09-04
1182574461437954732,2024-09-06
1182574461437954732,2024-09-13
1182574461437954732,2024-10-04
1182574461437954732,2024-10-06
1182574461437954732,2024-10-14
1182574461437954732,2024-10-28
1182574461437954732,2024-10-31
1182574461437954732,2024-11-03
1182574461437954732,2025-02-05
1182574461437954732,2025-02-12
1182574461437954732,2025-02-13
1182574461437954732,2025-03-09
1182574461437954732,2025-03-18
1182574461437954732,2025-03-27
1182574461437954732,2025-04-27
1182574461437954732,2025-05-03
1182574461437954732,2025-05-12
1182574461437954732,2025-06-15
1182574461437954732,2025-07-18
1182574461437954732,2025-07-31
1182574461437954732,2025-08-01
1182574461437954732,2025-09-28
1182574461437954732,2025-10-04
1182574461437954732,2025-10-13
1182574461437954732,2025-10-23
1183457852972127594,2024-07-17
1183457852972127594,2024-07-20
1183457852972127594,2024-07-24
1183457852972127594,2024-07-25
1183457852972127594,2024-08-01
1183457852972127594,2024-08-02
1183457852972127594,2024-08-19
1183457852972127594,2024-08-25
1183457852972127594,2024-09-29
1183457852972127594,2024-10-12
1183457852972127594,2024-10-13
1183457852972127594,2024-10-14
1183457852972127594,2025-01-05
1183457852972127594,2025-01-25
1183457852972127594,2025-02-03
1183457852972127594,2025-02-15
1183457852972127594,2025-02-18
1183457852972127594,2025-03-15
1183457852972127594,2025-04-27
1183457852972127594,2025-05-09
1183457852972127594,2025-05-15
1183457852972127594,2025-06-06
1183457852972127594,2025-06-12
1183457852972127594,2025-06-14
1183457852972127594,2025-06-21
1183457852972127594,2025-06-25
1183457852972127594,2025-06-27
1183457852972127594,2025-06-29
1183457852972127594,2025-07-12
1183457852972127594,2025-07-20
1183457852972127594,2025-07-27
1183457852972127594,2025-08-01
1183457852972127594,2025-08-03
1183457852972127594,2025-08-23
1183457852972127594,2025-09-18
1183457852972127594,2025-10-05
1183460523409924571,2024-06-27
1183460523409924571,2024-08-16
1183460523409924571,2024-09-29
1183460523409924571,2024-11-25
1183460523409924571,2024-12-01
1183460523409924571,2025-01-11
1183460523409924571,2025-02-08
1183460523409924571,2025-02-16
1183460523409924571,2025-02-18
1183460523409924571,2025-03-02
1183460523409924571,2025-03-03
1183460523409924571,2025-03-27
1183460523409924571,2025-03-29
1183460523409924571,2025-04-14
1183460523409924571,2025-05-01
1183460523409924571,2025-05-03
1183460523409924571,2025-05-15
1183460523409924571,2025-05-27
1183460523409924571,2025-06-07
1183460523409924571,2025-06-21
1183460523409924571,2025-07-04
1183460523409924571,2025-07-13
1183460523409924571,2025-07-20
1183460523409924571,2025-07-31
1183460523409924571,2025-08-10
1183460523409924571,2025-08-15
1183460523409924571,2025-08-30
1183460523409924571,2025-09-10
1183460523409924571,2025-09-19
1183460523409924571,2025-10-07
1183460523409924571,2025-10-12
1183460523409924571,2025-10-21
1185537980724624711,2024-07-01
1185537980724624711,2024-07-07
1185537980724624711,2024-07-09
1185537980724624711,2024-07-11
1185537980724624711,2024-07-13
1185537980724624711,2024-07-15
1185537980724624711,2024-07-16
1185537980724624711,2024-07-21
1185537980724624711,2024-07-22
1185537980724624711,2024-08-01
1185537980724624711,2024-08-05
1185537980724624711,2024-08-07
1185537980724624711,2024-08-09
1185537980724624711,2024-08-11
1185537980724624711,2024-08-14
1185537980724624711,2024-08-15
1185537980724624711,2024-08-16
1185537980724624711,2024-08-17
1185537980724624711,2024-08-18
1185537980724624711,2024-08-25
1185537980724624711,2024-08-26
1185537980724624711,2024-08-28
1185537980724624711,2024-08-29
1185537980724624711,2024-08-31
1185537980724624711,2024-09-06
1185537980724624711,2024-09-08
1185537980724624711,2024-09-14
1185537980724624711,2024-09-15
1185537980724624711,2024-09-17
1185537980724624711,2024-09-20
1185537980724624711,2024-09-21
1185537980724624711,2024-09-23
1185537980724624711,2024-09-27
1185537980724624711,2024-09-28
1185537980724624711,2024-10-04
1185537980724624711,2024-10-06
1185537980724624711,2024-10-10
1185537980724624711,2024-10-12
1185537980724624711,2024-10-13
1185537980724624711,2024-10-15
1185537980724624711,2024-10-16
1185537980724624711,2024-10-17
1185537980724624711,2024-10-18
1185537980724624711,2024-10-21
1185537980724624711,2024-10-23
1185537980724624711,2024-10-27
1185537980724624711,2024-10-28
1185537980724624711,2024-11-01
1185537980724624711,2024-11-02
1185537980724624711,2024-11-03
1185537980724624711,2024-11-05
1185537980724624711,2024-11-06
1185537980724624711,2024-11-07
1185537980724624711,2024-11-08
1185537980724624711,2024-11-09
1185537980724624711,2024-11-10
1185537980724624711,2024-11-13
1185537980724624711,2024-11-14
1185537980724624711,2024-11-15
1185537980724624711,2024-11-16
1185537980724624711,2024-11-17
1185537980724624711,2024-11-19
1185537980724624711,2024-11-20
1185537980724624711,2024-11-23
1185537980724624711,2024-11-30
1185537980724624711,2024-12-01
1185537980724624711,2024-12-05
1185537980724624711,2024-12-11
1185537980724624711,2025-01-01
1185537980724624711,2025-01-02
1185537980724624711,2025-01-03
1185537980724624711,2025-01-26
1185537980724624711,2025-01-31
1185537980724624711,2025-02-01
1185537980724624711,2025-02-02
1185537980724624711,2025-02-03
1185537980724624711,2025-02-05
1185537980724624711,2025-02-08
1185537980724624711,2025-02-09
1185537980724624711,2025-02-14
1185537980724624711,2025-02-17
1185537980724624711,2025-02-20
1185537980724624711,2025-02-21
1185537980724624711,2025-02-26
1185537980724624711,2025-03-01
1185537980724624711,2025-03-03
1185537980724624711,2025-03-05
1185537980724624711,2025-03-06
1185537980724624711,2025-03-09
1185537980724624711,2025-03-13
1185537980724624711,2025-03-14
1185537980724624711,2025-03-15
1185537980724624711,2025-03-16
1185537980724624711,2025-03-26
1185537980724624711,2025-03-31
1185537980724624711,2025-04-01
1185537980724624711,2025-04-02
1185537980724624711,2025-04-04
1185537980724624711,2025-04-06
1185537980724624711,2025-04-07
1185537980724624711,2025-04-10
1185537980724624711,2025-04-11
1185537980724624711,2025-04-17
1185537980724624711,2025-04-23
1185537980724624711,2025-04-24
1185537980724624711,2025-04-25
1185537980724624711,2025-04-26
1185537980724624711,2025-04-30
1185537980724624711,2025-05-01
1185537980724624711,2025-05-04
1185537980724624711,2025-05-05
1185537980724624711,2025-05-08
1185537980724624711,2025-05-11
1185537980724624711,2025-05-12
1185537980724624711,2025-05-13
1185537980724624711,2025-05-14
1185537980724624711,2025-05-16
1185537980724624711,2025-05-17
1185537980724624711,2025-05-19
1185537980724624711,2025-05-22
1185537980724624711,2025-05-23
1185537980724624711,2025-05-24
1185537980724624711,2025-05-26
1185537980724624711,2025-05-27
1185537980724624711,2025-05-30
1185537980724624711,2025-06-01
1185537980724624711,2025-06-02
1185537980724624711,2025-06-03
1185537980724624711,2025-06-05
1185537980724624711,2025-06-06
1185537980724624711,2025-06-13
1185537980724624711,2025-06-14
1185537980724624711,2025-06-15
1185537980724624711,2025-06-16
1185537980724624711,2025-06-17
1185537980724624711,2025-06-20
1185537980724624711,2025-06-22
1185537980724624711,2025-06-23
1185537980724624711,2025-06-24
1185537980724624711,2025-06-26
1185537980724624711,2025-06-27
1185537980724624711,2025-06-28
1185537980724624711,2025-06-30
1185537980724624711,2025-07-02
1185537980724624711,2025-07-07
1185537980724624711,2025-07-12
1185537980724624711,2025-07-16
1185537980724624711,2025-07-17
1185537980724624711,2025-07-18
1185537980724624711,2025-07-21
1185537980724624711,2025-07-25
1185537980724624711,2025-07-26
1185537980724624711,2025-07-28
1185537980724624711,2025-08-05
1185537980724624711,2025-08-06
1185537980724624711,2025-08-10
1185537980724624711,2025-08-11
1185537980724624711,2025-08-12
1185537980724624711,2025-08-13
1185537980724624711,2025-08-15
1185537980724624711,2025-08-16
1185537980724624711,2025-08-17
1185537980724624711,2025-08-20
1185537980724624711,2025-08-22
1185537980724624711,2025-08-23
1185537980724624711,2025-08-29
1185537980724624711,2025-08-30
1185537980724624711,2025-09-08
1185537980724624711,2025-09-11
1185537980724624711,2025-09-14
1185537980724624711,2025-09-15
1185537980724624711,2025-09-16
1185537980724624711,2025-09-17
1185537980724624711,2025-09-18
1185537980724624711,2025-09-22
1185537980724624711,2025-09-24
1185537980724624711,2025-09-25
1185537980724624711,2025-10-01
1185537980724624711,2025-10-02
1185537980724624711,2025-10-04
1185537980724624711,2025-10-05
1185537980724624711,2025-10-09
1185537980724624711,2025-10-10
1185537980724624711,2025-10-13
1185537980724624711,2025-10-14
1185537980724624711,2025-10-15
1185537980724624711,2025-10-16
1185537980724624711,2025-10-17
1185537980724624711,2025-10-21
1185537980724624711,2025-10-22
1185537980724624711,2025-10-24
1185537980724624711,2025-10-25
1187591175698501325,2024-07-06
1187591175698501325,2024-07-22
1187591175698501325,2024-08-02
1187591175698501325,2024-08-04
1187591175698501325,2024-08-17
1187591175698501325,2024-08-25
1187591175698501325,2024-08-30
1187591175698501325,2024-09-01
1187591175698501325,2024-09-02
1187591175698501325,2024-10-25
1187591175698501325,2024-11-08
1187591175698501325,2024-11-09
1187591175698501325,2024-11-17
1187591175698501325,2024-11-23
1187591175698501325,2024-11-30
1187591175698501325,2024-12-21
1187591175698501325,2024-12-22
1187591175698501325,2024-12-26
1187591175698501325,2024-12-27
1187591175698501325,2025-01-01
1187591175698501325,2025-01-05
1187591175698501325,2025-01-27
1187591175698501325,2025-02-16
1187591175698501325,2025-03-16
1187591175698501325,2025-05-03
1187591175698501325,2025-05-14
1187591175698501325,2025-05-18
1187591175698501325,2025-05-31
1187591175698501325,2025-07-19
1189245100874558445,2024-09-18
1189245100874558445,2024-09-21
1189245100874558445,2024-10-11
1189245100874558445,2024-10-12
1189245100874558445,2024-10-14
1189245100874558445,2024-10-20
1189245100874558445,2024-10-27
1189245100874558445,2024-10-28
1189245100874558445,2024-11-11
1189245100874558445,2024-11-15
1189245100874558445,2024-11-18
1189245100874558445,2024-12-01
1189245100874558445,2024-12-14
1189245100874558445,2025-01-04
1189245100874558445,2025-01-27
1189245100874558445,2025-02-17
1189245100874558445,2025-02-27
1189245100874558445,2025-02-28
1189245100874558445,2025-03-03
1189245100874558445,2025-03-30
1189245100874558445,2025-04-06
1189245100874558445,2025-04-28
1189245100874558445,2025-05-23
1189245100874558445,2025-06-09
1189245100874558445,2025-06-17
1189245100874558445,2025-06-22
1189245100874558445,2025-07-05
1189245100874558445,2025-07-13
1189245100874558445,2025-07-20
1189245100874558445,2025-07-29
1189245100874558445,2025-08-10
1189245100874558445,2025-08-25
1189245100874558445,2025-08-31
1189245100874558445,2025-10-11
1189245100874558445,2025-10-25
1189249179392132534,2024-07-14
1189249179392132534,2024-07-22
1189249179392132534,2024-07-26
1189249179392132534,2024-08-04
1189249179392132534,2024-08-12
1189249179392132534,2024-08-27
1189249179392132534,2024-08-30
1189249179392132534,2024-09-06
1189249179392132534,2024-09-22
1189249179392132534,2024-10-06
1189249179392132534,2024-10-11
1189249179392132534,2024-10-20
1189249179392132534,2024-10-23
1189249179392132534,2024-10-29
1189249179392132534,2024-11-09
1189249179392132534,2024-11-15
1189249179392132534,2024-11-22
1189249179392132534,2024-12-03
1189249179392132534,2024-12-17
1189249179392132534,2025-01-17
1189249179392132534,2025-01-28
1189249179392132534,2025-02-02
1189249179392132534,2025-02-15
1189249179392132534,2025-02-24
1189249179392132534,2025-02-26
1189249179392132534,2025-03-03
1189249179392132534,2025-03-06
1189249179392132534,2025-03-09
1189249179392132534,2025-03-12
1189249179392132534,2025-03-22
1189249179392132534,2025-04-06
1189249179392132534,2025-04-11
1189249179392132534,2025-05-19
1189249179392132534,2025-06-06
1189249179392132534,2025-06-14
1189249179392132534,2025-06-17
1189249179392132534,2025-06-24
1189249179392132534,2025-07-04
1189249179392132534,2025-07-07
1189249179392132534,2025-07-20
1189249179392132534,2025-08-02
1189249179392132534,2025-09-07
1189249179392132534,2025-09-11
1189249179392132534,2025-09-14
1189249179392132534,2025-10-03
1189249179392132534,2025-10-12
1201525324551556925,2024-07-21
1201525324551556925,2024-07-26
1201525324551556925,2024-08-01
1201525324551556925,2024-09-01
1201525324551556925,2025-02-04
1209313814437527365,2024-10-09
1209313814437527365,2024-10-27
1209313814437527365,2025-07-20
1209313814437527365,2025-08-01
1223845635352908531,2024-10-14
1223845635352908531,2024-10-21
1223845635352908531,2024-10-28
1223845635352908531,2024-12-22
1223845635352908531,2024-12-27
1223845635352908531,2025-02-21
1223845635352908531,2025-03-02
1223845635352908531,2025-05-05
1223845635352908531,2025-05-12
1223845635352908531,2025-06-01
1223845635352908531,2025-07-06
1223845635352908531,2025-07-14
1223845635352908531,2025-08-04
1223845635352908531,2025-08-15
1223845635352908531,2025-08-29
1223845635352908531,2025-10-08
1224184445857718550,2024-10-04
1224184445857718550,2025-04-01
1224184445857718550,2025-09-30
1227494196390230149,2024-09-12
1227494196390230149,2024-10-01
1227494196390230149,2024-10-20
1227494196390230149,2024-10-28
1227494196390230149,2025-02-16
1227494196390230149,2025-02-17
1227494196390230149,2025-05-16
1227494196390230149,2025-06-23
1227494196390230149,2025-07-07
1227494196390230149,2025-07-31
1227494196390230149,2025-08-03
1229287611382413342,2024-09-15
1229287611382413342,2024-09-21
1229287611382413342,2024-09-23
1229287611382413342,2024-10-13
1229287611382413342,2024-10-19
1229287611382413342,2024-10-28
1229287611382413342,2024-11-03
1229287611382413342,2024-11-10
1229287611382413342,2024-11-27
1229287611382413342,2024-11-28
1229287611382413342,2024-12-30
1229287611382413342,2025-01-19
1229287611382413342,2025-01-30
1229287611382413342,2025-03-01
1229287611382413342,2025-03-09
1229287611382413342,2025-03-13
1229287611382413342,2025-03-19
1229287611382413342,2025-03-20
1229287611382413342,2025-03-28
1229287611382413342,2025-04-02
1229287611382413342,2025-04-05
1229287611382413342,2025-04-13
1229287611382413342,2025-04-25
1229287611382413342,2025-04-27
1229287611382413342,2025-05-04
1229287611382413342,2025-05-17
1229287611382413342,2025-05-19
1229287611382413342,2025-05-27
1229287611382413342,2025-06-06
1229287611382413342,2025-06-08
1229287611382413342,2025-06-22
1229287611382413342,2025-06-25
1229287611382413342,2025-07-05
1229287611382413342,2025-07-10
1229287611382413342,2025-07-13
1229287611382413342,2025-07-19
1229287611382413342,2025-08-04
1229287611382413342,2025-08-10
1229287611382413342,2025-09-14
1229287611382413342,2025-09-16
1229287611382413342,2025-10-04
1229287611382413342,2025-10-14
1229287611382413342,2025-10-18
1230257693323535013,2024-12-10
1230257693323535013,2024-12-11
1230257693323535013,2024-12-12
1230257693323535013,2024-12-15
1230257693323535013,2024-12-16
1230257693323535013,2024-12-21
1230257693323535013,2024-12-22
1230257693323535013,2024-12-27
1230257693323535013,2024-12-28
1230257693323535013,2025-01-05
1230257693323535013,2025-01-13
1230257693323535013,2025-01-16
1230257693323535013,2025-01-17
1230257693323535013,2025-01-23
1230257693323535013,2025-01-30
1230257693323535013,2025-02-06
1230257693323535013,2025-02-13
1230257693323535013,2025-02-23
1230257693323535013,2025-02-27
1230257693323535013,2025-03-01
1230257693323535013,2025-03-02
1230257693323535013,2025-03-04
1230257693323535013,2025-03-11
1230257693323535013,2025-03-14
1230257693323535013,2025-03-16
1230257693323535013,2025-03-20
1230257693323535013,2025-03-27
1230257693323535013,2025-03-30
1230257693323535013,2025-04-06
1230257693323535013,2025-04-07
1230257693323535013,2025-04-09
1230257693323535013,2025-04-14
1230257693323535013,2025-04-18
1230257693323535013,2025-04-20
1230257693323535013,2025-04-21
1230257693323535013,2025-04-24
1230257693323535013,2025-04-25
1230257693323535013,2025-04-27
1230257693323535013,2025-05-07
1230257693323535013,2025-05-12
1230257693323535013,2025-05-16
1230257693323535013,2025-05-19
1230257693323535013,2025-05-21
1230257693323535013,2025-06-08
1230257693323535013,2025-06-11
1230257693323535013,2025-06-13
1230257693323535013,2025-06-15
1230257693323535013,2025-06-21
1230257693323535013,2025-06-22
1230257693323535013,2025-06-29
1230257693323535013,2025-07-11
1230257693323535013,2025-07-18
1230257693323535013,2025-08-03
1230257693323535013,2025-08-06
1230257693323535013,2025-08-11
1230257693323535013,2025-08-15
1230257693323535013,2025-08-23
1230257693323535013,2025-08-28
1230257693323535013,2025-08-31
1230257693323535013,2025-09-01
1230257693323535013,2025-09-05
1230257693323535013,2025-10-04
1230257693323535013,2025-10-05
1230257693323535013,2025-10-12
1230257693323535013,2025-10-19
1233366548908684664,2024-09-09
1233366548908684664,2024-09-13
1233366548908684664,2024-09-17
1233366548908684664,2024-09-22
1233366548908684664,2024-09-25
1233366548908684664,2024-09-26
1233366548908684664,2024-09-29
1233366548908684664,2024-09-30
1233366548908684664,2024-10-04
1233366548908684664,2024-10-06
1233366548908684664,2024-10-08
1233366548908684664,2024-10-15
1233366548908684664,2024-10-18
1233366548908684664,2024-10-26
1233366548908684664,2024-10-28
1233366548908684664,2024-10-29
1233366548908684664,2024-11-10
1233366548908684664,2024-11-17
1233366548908684664,2024-11-24
1233366548908684664,2024-11-27
1233366548908684664,2024-11-29
1233366548908684664,2024-11-30
1233366548908684664,2024-12-03
1233366548908684664,2024-12-19
1233366548908684664,2024-12-26
1233366548908684664,2024-12-28
1233366548908684664,2024-12-30
1233366548908684664,2025-01-02
1233366548908684664,2025-01-09
1233366548908684664,2025-01-20
1233366548908684664,2025-01-26
1233366548908684664,2025-02-02
1233366548908684664,2025-02-07
1233366548908684664,2025-02-17
1233366548908684664,2025-02-23
1233366548908684664,2025-02-27
1233366548908684664,2025-03-04
1233366548908684664,2025-03-09
1233366548908684664,2025-03-16
1233366548908684664,2025-03-20
1233366548908684664,2025-03-25
1233366548908684664,2025-03-29
1233366548908684664,2025-04-03
1233366548908684664,2025-04-11
1233366548908684664,2025-04-13
1233366548908684664,2025-04-23
1233366548908684664,2025-04-27
1233366548908684664,2025-04-30
1233366548908684664,2025-05-14
1233366548908684664,2025-05-17
1233366548908684664,2025-05-18
1233366548908684664,2025-05-30
1233366548908684664,2025-05-31
1233366548908684664,2025-06-01
1233366548908684664,2025-06-09
1233366548908684664,2025-06-10
1233366548908684664,2025-06-12
1233366548908684664,2025-06-19
1233366548908684664,2025-06-20
1233366548908684664,2025-06-21
1233366548908684664,2025-06-24
1233366548908684664,2025-06-27
1233366548908684664,2025-07-25
1233366548908684664,2025-07-28
1233366548908684664,2025-07-30
1233366548908684664,2025-08-04
1233366548908684664,2025-08-10
1233366548908684664,2025-08-13
1233366548908684664,2025-08-14
1233366548908684664,2025-08-31
1233366548908684664,2025-09-01
1233366548908684664,2025-09-05
1233366548908684664,2025-09-07
1233366548908684664,2025-09-14
1233366548908684664,2025-09-18
1233366548908684664,2025-09-28
1233366548908684664,2025-10-04
1233366548908684664,2025-10-05
1233366548908684664,2025-10-11
1233366548908684664,2025-10-12
1233366548908684664,2025-10-26
1234376912864523021,2024-10-19
1234376912864523021,2024-10-28
1237963668912797614,2024-09-21
1237963668912797614,2024-09-26
1237963668912797614,2024-10-06
1237963668912797614,2024-10-11
1237963668912797614,2024-10-14
1237963668912797614,2024-10-23
1237963668912797614,2024-10-28
1237963668912797614,2024-10-30
1237963668912797614,2024-11-03
1237963668912797614,2024-11-07
1237963668912797614,2024-11-10
1237963668912797614,2024-12-18
1237963668912797614,2024-12-29
1237963668912797614,2025-01-12
1237963668912797614,2025-01-19
1237963668912797614,2025-01-26
1237963668912797614,2025-01-29
1237963668912797614,2025-02-02
1237963668912797614,2025-02-09
1237963668912797614,2025-02-11
1237963668912797614,2025-02-16
1237963668912797614,2025-03-16
1237963668912797614,2025-03-31
1237963668912797614,2025-04-06
1237963668912797614,2025-04-15
1237963668912797614,2025-04-18
1237963668912797614,2025-04-24
1237963668912797614,2025-07-30
1237963668912797614,2025-08-04
1237963668912797614,2025-08-16
1237963668912797614,2025-09-14
1237963668912797614,2025-09-18
1242227342075722524,2024-09-28
1242227342075722524,2024-10-01
1242227342075722524,2024-10-02
1242227342075722524,2024-10-06
1242227342075722524,2024-10-07
1242227342075722524,2024-10-13
1242227342075722524,2024-10-14
1242227342075722524,2024-10-17
1242227342075722524,2024-10-21
1242227342075722524,2024-10-27
1242227342075722524,2024-11-27
1242227342075722524,2024-12-21
1242227342075722524,2024-12-29
1242227342075722524,2025-01-06
1242227342075722524,2025-01-11
1242227342075722524,2025-01-12
1242227342075722524,2025-01-19
1242227342075722524,2025-01-22
1242227342075722524,2025-01-28
1242227342075722524,2025-02-16
1242227342075722524,2025-02-18
1242227342075722524,2025-02-20
1242227342075722524,2025-02-27
1242227342075722524,2025-03-12
1242227342075722524,2025-03-13
1242227342075722524,2025-03-17
1242227342075722524,2025-03-19
1242227342075722524,2025-03-27
1242227342075722524,2025-04-05
1242227342075722524,2025-04-10
1242227342075722524,2025-04-26
1242227342075722524,2025-06-03
1242227342075722524,2025-06-06
1242227342075722524,2025-06-15
1242227342075722524,2025-06-22
1242227342075722524,2025-07-05
1242227342075722524,2025-07-17
1242227342075722524,2025-07-27
1242227342075722524,2025-07-31
1242227342075722524,2025-08-14
1246452851774715158,2024-10-12
1246452851774715158,2024-11-02
1246452851774715158,2024-12-14
1246452851774715158,2024-12-23
1246452851774715158,2025-08-31
1246452851774715158,2025-09-28
1246452851774715158,2025-10-10
1252203595666312568,2025-10-07
1252255960109808438,2024-10-12
1252255960109808438,2024-10-20
1252255960109808438,2024-10-28
1252255960109808438,2025-02-27
1252255960109808438,2025-03-01
1252255960109808438,2025-04-07
1252255960109808438,2025-05-10
1252255960109808438,2025-06-29
1252255960109808438,2025-07-20
1252255960109808438,2025-08-03
1252255960109808438,2025-08-24
1252301211909514289,2024-11-27
1256391301639690602,2024-10-04
1256391301639690602,2024-10-07
1256391301639690602,2024-10-20
1256391301639690602,2024-10-26
1256391301639690602,2025-01-02
1256391301639690602,2025-01-13
1256391301639690602,2025-01-16
1256391301639690602,2025-02-11
1256391301639690602,2025-02-27
1256391301639690602,2025-03-21
1256391301639690602,2025-08-04
1256391301639690602,2025-08-13
1256391301639690602,2025-08-29
1256391301639690602,2025-09-04
1256391301639690602,2025-09-18
1256391301639690602,2025-10-05
1256391301639690602,2025-10-10
1256391301639690602,2025-10-25
1264531987910224088,2024-10-13
1264531987910224088,2024-10-20
1264531987910224088,2024-10-24
1264531987910224088,2024-10-27
1264531987910224088,2024-11-29
1264531987910224088,2024-11-30
1264531987910224088,2024-12-20
1264531987910224088,2024-12-29
1264531987910224088,2025-01-05
1264531987910224088,2025-01-25
1264531987910224088,2025-01-26
1264531987910224088,2025-02-08
1264531987910224088,2025-02-09
1264531987910224088,2025-02-15
1264531987910224088,2025-02-17
1264531987910224088,2025-02-27
1264531987910224088,2025-03-07
1264531987910224088,2025-03-09
1264531987910224088,2025-04-05
1264531987910224088,2025-04-06
1264531987910224088,2025-04-19
1264531987910224088,2025-04-25
1264531987910224088,2025-05-02
1264531987910224088,2025-05-11
1264531987910224088,2025-05-18
1264531987910224088,2025-05-31
1264531987910224088,2025-06-15
1264531987910224088,2025-06-22
1264531987910224088,2025-06-25
1264531987910224088,2025-06-28
1264531987910224088,2025-07-07
1264531987910224088,2025-07-28
1264531987910224088,2025-08-01
1264531987910224088,2025-08-08
1264531987910224088,2025-08-24
1264531987910224088,2025-09-26
1264531987910224088,2025-10-19
1265342374507338537,2024-10-27
1265342374507338537,2024-10-28
1265342374507338537,2024-11-08
1265342374507338537,2024-12-21
1265342374507338537,2025-02-20
1265342374507338537,2025-03-01
1266676779473584420,2024-10-26
1268205616603776750,2024-11-02
1268205616603776750,2024-11-10
1268205616603776750,2024-11-15
1268205616603776750,2024-12-04
1268205616603776750,2024-12-13
1268205616603776750,2025-01-30
1268205616603776750,2025-02-27
1268205616603776750,2025-03-01
1268205616603776750,2025-03-09
1268205616603776750,2025-04-01
1268205616603776750,2025-04-12
1268205616603776750,2025-05-12
1268205616603776750,2025-05-16
1268205616603776750,2025-05-17
1268205616603776750,2025-05-19
1268205616603776750,2025-06-08
1268205616603776750,2025-06-14
1268205616603776750,2025-06-21
1268205616603776750,2025-06-22
1268205616603776750,2025-06-28
1268205616603776750,2025-06-29
1268205616603776750,2025-07-20
1268205616603776750,2025-07-23
1268205616603776750,2025-07-25
1268205616603776750,2025-08-04
1268205616603776750,2025-08-06
1268205616603776750,2025-08-11
1268205616603776750,2025-09-13
1268205616603776750,2025-09-17
1268205616603776750,2025-09-18
1268205616603776750,2025-09-24
1268205616603776750,2025-10-08
1268205616603776750,2025-10-11
1269145433396830936,2024-10-27
1269145433396830936,2024-11-01
1269145433396830936,2025-04-20
1269145433396830936,2025-05-06
1269145433396830936,2025-05-10
1279781671588026640,2024-11-03
1279781671588026640,2024-11-16
1279781671588026640,2024-12-14
1279781671588026640,2024-12-31
1279781671588026640,2025-01-16
1279781671588026640,2025-02-19
1284151940120079993,2025-01-22
1284151940120079993,2025-02-04
1284151940120079993,2025-02-22
1284151940120079993,2025-02-27
1284151940120079993,2025-03-02
1284151940120079993,2025-03-14
1284151940120079993,2025-03-16
1284151940120079993,2025-03-23
1284151940120079993,2025-03-24
1284151940120079993,2025-03-30
1284151940120079993,2025-04-03
1284151940120079993,2025-04-12
1284151940120079993,2025-04-23
1284151940120079993,2025-05-02
1284151940120079993,2025-05-04
1284151940120079993,2025-05-13
1284151940120079993,2025-05-25
1284151940120079993,2025-05-29
1284151940120079993,2025-06-04
1284151940120079993,2025-06-08
1284151940120079993,2025-06-12
1284151940120079993,2025-06-15
1284151940120079993,2025-06-19
1284151940120079993,2025-06-22
1284151940120079993,2025-06-27
1284151940120079993,2025-06-28
1284151940120079993,2025-06-30
1284151940120079993,2025-07-04
1284151940120079993,2025-07-05
1284151940120079993,2025-07-16
1284151940120079993,2025-07-31
1284151940120079993,2025-08-10
1284151940120079993,2025-08-14
1284151940120079993,2025-08-21
1284151940120079993,2025-08-24
1284151940120079993,2025-08-26
1284983740417509877,2025-01-18
1284983740417509877,2025-05-18
1284983740417509877,2025-06-08
1284983740417509877,2025-07-20
1284983740417509877,2025-10-11
1289084606313003203,2024-11-18
1289084606313003203,2024-11-21
1289084606313003203,2024-11-22
1289084606313003203,2024-11-25
1289084606313003203,2024-12-07
1289084606313003203,2024-12-12
1289084606313003203,2024-12-24
1289084606313003203,2024-12-28
1289084606313003203,2024-12-31
1289084606313003203,2025-01-01
1289084606313003203,2025-01-04
1289084606313003203,2025-01-05
1289084606313003203,2025-01-12
1289084606313003203,2025-01-19
1289084606313003203,2025-01-22
1289084606313003203,2025-01-25
1289084606313003203,2025-02-14
1289084606313003203,2025-02-23
1289084606313003203,2025-02-26
1289084606313003203,2025-03-02
1289084606313003203,2025-03-28
1289084606313003203,2025-03-29
1289084606313003203,2025-04-05
1289084606313003203,2025-04-27
1289084606313003203,2025-05-04
1289084606313003203,2025-05-09
1289084606313003203,2025-05-12
1289084606313003203,2025-05-27
1289084606313003203,2025-06-02
1289084606313003203,2025-06-22
1289084606313003203,2025-07-06
1289084606313003203,2025-07-30
1291321613053647042,2025-06-22
1295804289767410494,2025-09-17
1296651761769034648,2025-01-26
1296651761769034648,2025-01-27
1296651761769034648,2025-01-30
1296651761769034648,2025-02-06
1296651761769034648,2025-02-16
1296651761769034648,2025-02-26
1296651761769034648,2025-03-01
1296651761769034648,2025-03-14
1296651761769034648,2025-06-07
1296651761769034648,2025-09-02
1296651761769034648,2025-10-01
1296756366433115082,2024-12-01
1296756366433115082,2024-12-05
1296756366433115082,2024-12-15
1296756366433115082,2024-12-20
1296756366433115082,2024-12-22
1296756366433115082,2024-12-23
1296756366433115082,2024-12-24
1296756366433115082,2024-12-27
1296756366433115082,2024-12-29
1296756366433115082,2024-12-30
1296756366433115082,2025-01-01
1296756366433115082,2025-01-02
1296756366433115082,2025-01-04
1296756366433115082,2025-01-06
1296756366433115082,2025-01-08
1296756366433115082,2025-01-12
1296756366433115082,2025-02-02
1296756366433115082,2025-02-07
1296756366433115082,2025-02-09
1296756366433115082,2025-02-12
1296756366433115082,2025-02-16
1296756366433115082,2025-02-22
1296756366433115082,2025-02-28
1296756366433115082,2025-03-06
1296756366433115082,2025-03-07
1296756366433115082,2025-03-16
1296756366433115082,2025-03-18
1296756366433115082,2025-03-27
1296756366433115082,2025-04-04
1296756366433115082,2025-04-14
1296756366433115082,2025-04-23
1296756366433115082,2025-05-01
1296756366433115082,2025-05-03
1296756366433115082,2025-05-04
1296756366433115082,2025-05-06
1296756366433115082,2025-05-13
1296756366433115082,2025-05-14
1296756366433115082,2025-05-16
1296756366433115082,2025-05-18
1296756366433115082,2025-05-25
1296756366433115082,2025-05-26
1296756366433115082,2025-05-30
1296756366433115082,2025-06-02
1296756366433115082,2025-06-10
1296756366433115082,2025-06-17
1296756366433115082,2025-06-20
1296756366433115082,2025-06-22
1296756366433115082,2025-06-27
1296756366433115082,2025-06-28
1296756366433115082,2025-06-29
1296756366433115082,2025-07-03
1296756366433115082,2025-07-06
1296756366433115082,2025-07-25
1296756366433115082,2025-07-27
1296756366433115082,2025-07-28
1296756366433115082,2025-07-31
1296756366433115082,2025-08-04
1296756366433115082,2025-08-06
1296756366433115082,2025-08-07
1296756366433115082,2025-08-09
1296756366433115082,2025-08-10
1296756366433115082,2025-08-11
1296756366433115082,2025-08-13
1296756366433115082,2025-08-14
1296756366433115082,2025-08-16
1296756366433115082,2025-08-17
1296756366433115082,2025-08-18
1296756366433115082,2025-08-19
1296756366433115082,2025-08-20
1296756366433115082,2025-08-23
1296756366433115082,2025-08-24
1296756366433115082,2025-08-25
1296756366433115082,2025-08-29
1296756366433115082,2025-08-30
1296756366433115082,2025-09-05
1296756366433115082,2025-09-07
1296756366433115082,2025-09-10
1296756366433115082,2025-09-11
1296756366433115082,2025-09-17
1296756366433115082,2025-09-23
1296756366433115082,2025-09-27
1296756366433115082,2025-10-25
1298067362380112500,2025-01-01
1298067362380112500,2025-01-10
1298067362380112500,2025-01-17
1298067362380112500,2025-01-26
1298067362380112500,2025-02-22
1298067362380112500,2025-03-02
1298067362380112500,2025-03-16
1298067362380112500,2025-03-21
1298067362380112500,2025-03-30
1298067362380112500,2025-04-02
1298067362380112500,2025-04-08
1298067362380112500,2025-04-11
1298067362380112500,2025-04-30
1298067362380112500,2025-05-04
1298067362380112500,2025-05-09
1298067362380112500,2025-05-10
1298067362380112500,2025-05-17
1298067362380112500,2025-05-18
1298067362380112500,2025-05-25
1298067362380112500,2025-05-31
1298067362380112500,2025-06-12
1298067362380112500,2025-06-21
1298067362380112500,2025-06-29
1298067362380112500,2025-07-02
1298067362380112500,2025-07-06
1298067362380112500,2025-07-09
1298067362380112500,2025-07-12
1298067362380112500,2025-07-16
1298067362380112500,2025-07-17
1298067362380112500,2025-07-19
1298067362380112500,2025-07-21
1298067362380112500,2025-08-04
1298067362380112500,2025-08-08
1298067362380112500,2025-08-09
1298067362380112500,2025-08-10
1298067362380112500,2025-09-02
1298067362380112500,2025-09-08
1298067362380112500,2025-09-14
1298067362380112500,2025-09-17
1298067362380112500,2025-10-07
1298067362380112500,2025-10-14
1298067362380112500,2025-10-19
1298625208863760034,2024-12-08
1298625208863760034,2025-02-27
1298625208863760034,2025-03-09
1298625208863760034,2025-06-15
1298625208863760034,2025-07-26
1298625208863760034,2025-08-18
1308084493028885153,2025-08-13
1310170283925918533,2024-12-22
1310170283925918533,2024-12-31
1310170283925918533,2025-01-03
1310170283925918533,2025-01-05
1310170283925918533,2025-01-09
1310170283925918533,2025-01-12
1310170283925918533,2025-01-19
1310170283925918533,2025-01-24
1310170283925918533,2025-01-26
1310170283925918533,2025-02-09
1310170283925918533,2025-02-18
1310170283925918533,2025-02-23
1310170283925918533,2025-02-24
1310170283925918533,2025-02-27
1310170283925918533,2025-02-28
1310170283925918533,2025-03-07
1310170283925918533,2025-04-27
1310170283925918533,2025-05-01
1310170283925918533,2025-05-11
1310170283925918533,2025-05-14
1310170283925918533,2025-05-15
1310170283925918533,2025-05-17
1310170283925918533,2025-05-18
1310170283925918533,2025-05-19
1310170283925918533,2025-05-24
1310170283925918533,2025-05-26
1310170283925918533,2025-06-01
1310170283925918533,2025-06-21
1310170283925918533,2025-06-22
1310170283925918533,2025-06-24
1310170283925918533,2025-06-29
1310170283925918533,2025-07-02
1310170283925918533,2025-07-03
1310170283925918533,2025-07-04
1310170283925918533,2025-07-05
1310170283925918533,2025-07-20
1310170283925918533,2025-07-23
1310170283925918533,2025-07-27
1310170283925918533,2025-07-31
1310170283925918533,2025-08-16
1310170283925918533,2025-08-17
1310170283925918533,2025-08-25
1310170283925918533,2025-08-26
1310170283925918533,2025-08-28
1310170283925918533,2025-08-29
1310170283925918533,2025-08-30
1310170283925918533,2025-09-04
1310170283925918533,2025-10-03
1310170283925918533,2025-10-07
1310170283925918533,2025-10-08
1310170283925918533,2025-10-10
1310170283925918533,2025-10-11
1310170283925918533,2025-11-03
1310170283925918533,2025-11-05
1319649416178819713,2025-04-14
1319649416178819713,2025-07-25
1319649416178819713,2025-07-27
1319649416178819713,2025-08-03
1325491259534107672,2025-05-10
1325491259534107672,2025-08-17
1325491259534107672,2025-09-14
1325491259534107672,2025-10-05
1328247359330291677,2025-02-06
1328247359330291677,2025-02-16
1328247359330291677,2025-02-27
1328247359330291677,2025-03-02
1328247359330291677,2025-03-04
1328247359330291677,2025-03-16
1328247359330291677,2025-03-22
1328247359330291677,2025-04-06
1328247359330291677,2025-04-13
1328247359330291677,2025-04-20
1328247359330291677,2025-05-04
1328247359330291677,2025-05-11
1328247359330291677,2025-06-16
1328247359330291677,2025-06-21
1328247359330291677,2025-07-05
1328247359330291677,2025-07-12
1328247359330291677,2025-07-18
1328247359330291677,2025-07-26
1328247359330291677,2025-07-30
1328247359330291677,2025-08-04
1328247359330291677,2025-08-25
1328247359330291677,2025-09-07
1328247359330291677,2025-10-02
1328247359330291677,2025-10-05
1328247359330291677,2025-10-12
1328247359330291677,2025-10-19
1328247359330291677,2025-10-27
1328247359330291677,2025-10-30
1328247359330291677,2025-11-02
1328401906195927790,2025-02-26
1328401906195927790,2025-03-02
1328401906195927790,2025-03-22
1328401906195927790,2025-04-09
1328401906195927790,2025-07-31
1334238579190312184,2025-03-30
1334238579190312184,2025-04-06
1334238579190312184,2025-04-13
1334238579190312184,2025-04-19
1334238579190312184,2025-04-28
1334238579190312184,2025-05-09
1334238579190312184,2025-05-26
1334238579190312184,2025-06-02
1334238579190312184,2025-06-06
1334238579190312184,2025-06-14
1334238579190312184,2025-06-21
1334238579190312184,2025-06-22
1334238579190312184,2025-07-01
1334238579190312184,2025-07-07
1334238579190312184,2025-07-11
1334238579190312184,2025-07-21
1334238579190312184,2025-07-24
1334238579190312184,2025-07-27
1334238579190312184,2025-08-03
1334238579190312184,2025-08-12
1334238579190312184,2025-08-18
1334238579190312184,2025-09-07
1334238579190312184,2025-09-12
1334238579190312184,2025-09-14
1334238579190312184,2025-09-28
1334238579190312184,2025-10-05
1334238579190312184,2025-10-06
1334238579190312184,2025-10-12
1334238579190312184,2025-10-23
1334238579190312184,2025-10-27
1334238579190312184,2025-10-30
1344295935213350424,2025-05-24
1344295935213350424,2025-06-08
1344295935213350424,2025-06-20
1344295935213350424,2025-06-22
1344295935213350424,2025-07-04
1344295935213350424,2025-07-17
1344295935213350424,2025-07-20
1344295935213350424,2025-08-12
1344295935213350424,2025-08-16
1344295935213350424,2025-08-23
1344295935213350424,2025-09-20
1346801758960246004,2025-06-29
1346801758960246004,2025-07-13
1346801758960246004,2025-08-01
1346801758960246004,2025-08-03
1346801758960246004,2025-08-16
1346801758960246004,2025-08-24
1346801758960246004,2025-10-13
1346801758960246004,2025-10-17
1346801758960246004,2025-10-26
1350831900774924999,2025-02-27
1350831900774924999,2025-04-20
1350831900774924999,2025-05-01
1350872245042831459,2025-02-16
1350872245042831459,2025-02-19
1350872245042831459,2025-02-23
1350872245042831459,2025-02-28
1350872245042831459,2025-03-02
1350872245042831459,2025-03-17
1350872245042831459,2025-03-23
1350872245042831459,2025-03-26
1350872245042831459,2025-03-30
1350872245042831459,2025-04-05
1350872245042831459,2025-04-06
1350872245042831459,2025-04-13
1350872245042831459,2025-04-15
1350872245042831459,2025-04-21
1350872245042831459,2025-04-27
1350872245042831459,2025-05-03
1350872245042831459,2025-05-05
1350872245042831459,2025-05-11
1350872245042831459,2025-05-18
1350872245042831459,2025-05-26
1350872245042831459,2025-06-01
1350872245042831459,2025-06-18
1350872245042831459,2025-06-22
1350872245042831459,2025-07-01
1350872245042831459,2025-07-06
1350872245042831459,2025-07-10
1350872245042831459,2025-07-11
1350872245042831459,2025-07-12
1350872245042831459,2025-07-14
1350872245042831459,2025-07-20
1350872245042831459,2025-07-27
1350872245042831459,2025-08-04
1350872245042831459,2025-08-10
1350872245042831459,2025-08-14
1350872245042831459,2025-08-17
1350872245042831459,2025-08-19
1350872245042831459,2025-08-23
1350872245042831459,2025-08-30
1350872245042831459,2025-09-04
1350872245042831459,2025-09-06
1350872245042831459,2025-09-17
1350872245042831459,2025-09-22
1350872245042831459,2025-09-24
1350872245042831459,2025-10-06
1350872245042831459,2025-10-13
1350872245042831459,2025-10-19
1350872245042831459,2025-10-22
1350872245042831459,2025-10-26
1350872245042831459,2025-10-29
1350872245042831459,2025-10-30
1363867065584533091,2025-05-03
1363867065584533091,2025-05-14
1363867065584533091,2025-05-18
1363867065584533091,2025-06-24
1363867065584533091,2025-07-13
1363867065584533091,2025-07-20
1365428503448527322,2025-03-03
1365428503448527322,2025-03-09
1365428503448527322,2025-03-11
1365428503448527322,2025-03-14
1365428503448527322,2025-03-18
1365428503448527322,2025-03-20
1365428503448527322,2025-03-22
1365428503448527322,2025-03-25
1365428503448527322,2025-04-07
1365428503448527322,2025-04-10
1365428503448527322,2025-04-11
1365428503448527322,2025-04-13
1365428503448527322,2025-04-16
1365428503448527322,2025-04-18
1365428503448527322,2025-04-20
1365428503448527322,2025-04-22
1365428503448527322,2025-04-27
1365428503448527322,2025-04-30
1365428503448527322,2025-05-03
1365428503448527322,2025-05-04
1365428503448527322,2025-05-06
1365428503448527322,2025-05-10
1365428503448527322,2025-05-18
1365428503448527322,2025-05-24
1365428503448527322,2025-05-28
1365428503448527322,2025-06-04
1365428503448527322,2025-06-07
1365428503448527322,2025-06-10
1365428503448527322,2025-06-16
1365428503448527322,2025-06-28
1365428503448527322,2025-07-04
1365428503448527322,2025-07-19
1365428503448527322,2025-07-21
1365428503448527322,2025-08-10
1365428503448527322,2025-08-19
1365428503448527322,2025-09-07
1365428503448527322,2025-09-17
1365428503448527322,2025-10-10
1365428503448527322,2025-10-22
1365428503448527322,2025-10-27
1366933239765507591,2025-03-18
1366933239765507591,2025-04-06
1366933239765507591,2025-04-07
1366933239765507591,2025-04-12
1366933239765507591,2025-04-18
1366933239765507591,2025-04-26
1366933239765507591,2025-04-27
1366933239765507591,2025-05-03
1366933239765507591,2025-05-04
1366933239765507591,2025-05-09
1366933239765507591,2025-05-11
1366933239765507591,2025-05-20
1366933239765507591,2025-05-27
1366933239765507591,2025-06-01
1366933239765507591,2025-06-15
1366933239765507591,2025-07-09
1366933239765507591,2025-07-20
1366933239765507591,2025-07-25
1366933239765507591,2025-07-27
1366933239765507591,2025-08-03
1366933239765507591,2025-08-08
1366933239765507591,2025-08-10
1366933239765507591,2025-08-16
1366933239765507591,2025-08-17
1366933239765507591,2025-08-19
1366933239765507591,2025-08-21
1366933239765507591,2025-08-29
1366933239765507591,2025-09-08
1366933239765507591,2025-09-14
1366933239765507591,2025-09-28
1366933239765507591,2025-10-01
1366933239765507591,2025-10-26
1369127908322228929,2025-03-17
1369127908322228929,2025-03-23
1369127908322228929,2025-05-17
1369127908322228929,2025-05-23
1369127908322228929,2025-05-29
1369127908322228929,2025-05-30
1369127908322228929,2025-06-01
1369127908322228929,2025-06-08
1369127908322228929,2025-06-13
1369127908322228929,2025-06-20
1369127908322228929,2025-07-04
1369127908322228929,2025-07-06
1369127908322228929,2025-07-07
1369127908322228929,2025-07-12
1369127908322228929,2025-07-15
1369127908322228929,2025-07-16
1369127908322228929,2025-07-18
1369127908322228929,2025-07-20
1369127908322228929,2025-07-27
1369127908322228929,2025-08-03
1369127908322228929,2025-08-13
1369127908322228929,2025-08-15
1369127908322228929,2025-08-17
1369127908322228929,2025-08-26
1369127908322228929,2025-08-28
1369127908322228929,2025-08-30
1369127908322228929,2025-08-31
1369127908322228929,2025-09-04
1369127908322228929,2025-09-05
1369127908322228929,2025-09-06
1369127908322228929,2025-09-07
1369127908322228929,2025-09-21
1369127908322228929,2025-09-26
1369127908322228929,2025-09-28
1369127908322228929,2025-10-02
1369127908322228929,2025-10-04
1369127908322228929,2025-10-08
1369127908322228929,2025-10-11
1369127908322228929,2025-10-16
1369127908322228929,2025-10-18
1369127908322228929,2025-10-26
1369768924474303403,2025-10-18
1371626040166892504,2025-08-04
1371829070623409671,2025-04-06
1371829070623409671,2025-04-10
1371829070623409671,2025-04-19
1371829070623409671,2025-04-21
1371829070623409671,2025-04-27
1371829070623409671,2025-05-07
1371829070623409671,2025-05-09
1371829070623409671,2025-05-10
1371829070623409671,2025-05-21
1371829070623409671,2025-05-24
1371829070623409671,2025-05-26
1371829070623409671,2025-05-27
1371829070623409671,2025-05-31
1371829070623409671,2025-06-01
1371829070623409671,2025-06-14
1371829070623409671,2025-06-15
1371829070623409671,2025-06-16
1371829070623409671,2025-06-21
1371829070623409671,2025-06-23
1371829070623409671,2025-06-25
1371829070623409671,2025-06-26
1371829070623409671,2025-06-29
1371829070623409671,2025-06-30
1371829070623409671,2025-07-02
1371829070623409671,2025-07-04
1371829070623409671,2025-07-07
1371829070623409671,2025-07-09
1371829070623409671,2025-07-14
1371829070623409671,2025-07-16
1371829070623409671,2025-07-17
1371829070623409671,2025-07-19
1371829070623409671,2025-07-22
1371829070623409671,2025-07-24
1371829070623409671,2025-07-28
1371829070623409671,2025-08-03
1371829070623409671,2025-08-16
1371829070623409671,2025-08-23
1371829070623409671,2025-08-25
1371829070623409671,2025-08-29
1371829070623409671,2025-08-31
1371829070623409671,2025-10-02
1371829070623409671,2025-10-05
1371829070623409671,2025-10-08
1371829070623409671,2025-10-12
1371829070623409671,2025-10-18
1371829070623409671,2025-10-26
1371829070623409671,2025-11-01
1374747174653747946,2025-07-20
1374747174653747946,2025-07-30
1374747174653747946,2025-08-04
1374747174653747946,2025-08-10
1374747174653747946,2025-08-18
1374747174653747946,2025-08-19
1374747174653747946,2025-08-26
1374747174653747946,2025-08-31
1374747174653747946,2025-10-04
1374747174653747946,2025-10-05
1374747174653747946,2025-10-20
1374747174653747946,2025-10-22
1374747174653747946,2025-10-26
1374747174653747946,2025-11-01
1375007693720508441,2025-05-24
1375007693720508441,2025-06-30
1376989617162173438,2025-03-31
1376989617162173438,2025-04-30
1376989617162173438,2025-06-29
1376989617162173438,2025-08-15
1376989617162173438,2025-08-25
1376989617162173438,2025-09-01
1376989617162173438,2025-09-07
1376989617162173438,2025-09-22
1377446918025263146,2025-07-31
1377446918025263146,2025-09-14
1377471842094741150,2025-09-25
1377480167938312156,2025-07-15
1379906377578749938,2025-03-22
1379906377578749938,2025-03-30
1379906377578749938,2025-04-03
1379906377578749938,2025-04-20
1379906377578749938,2025-04-22
1379906377578749938,2025-04-27
1379906377578749938,2025-05-03
1379906377578749938,2025-05-25
1379906377578749938,2025-06-10
1379906377578749938,2025-07-05
1379906377578749938,2025-07-25
1379906377578749938,2025-07-28
1379906377578749938,2025-07-31
1379906377578749938,2025-08-06
1379906377578749938,2025-08-10
1379906377578749938,2025-08-16
1379906377578749938,2025-08-22
1379906377578749938,2025-08-23
1379906377578749938,2025-08-24
1379906377578749938,2025-09-07
1379906377578749938,2025-09-15
1379906377578749938,2025-09-17
1379906377578749938,2025-09-20
1379906377578749938,2025-09-21
1379906377578749938,2025-09-27
1380555997747082021,2025-04-07
1380555997747082021,2025-05-18
1380555997747082021,2025-06-21
1380555997747082021,2025-06-22
1380555997747082021,2025-06-26
1380555997747082021,2025-07-27
1380555997747082021,2025-07-28
1380555997747082021,2025-08-03
1380555997747082021,2025-08-10
1380555997747082021,2025-08-16
1380555997747082021,2025-09-05
1380555997747082021,2025-09-19
1380555997747082021,2025-09-21
1380555997747082021,2025-09-23
1380555997747082021,2025-10-08
1381163571420241600,2025-04-01
1381163571420241600,2025-04-06
1381163571420241600,2025-04-14
1381163571420241600,2025-05-12
1381163571420241600,2025-05-19
1381163571420241600,2025-06-15
1381163571420241600,2025-06-21
1381163571420241600,2025-07-03
1381163571420241600,2025-07-11
1381163571420241600,2025-07-13
1381163571420241600,2025-07-18
1381163571420241600,2025-07-24
1381163571420241600,2025-07-27
1381163571420241600,2025-08-03
1381163571420241600,2025-10-31
1383513241348424944,2025-07-02
1383513241348424944,2025-07-05
1383513241348424944,2025-07-11
1383513241348424944,2025-07-12
1383513241348424944,2025-07-20
1383513241348424944,2025-07-26
1383513241348424944,2025-07-27
1383513241348424944,2025-08-04
1383513241348424944,2025-08-06
1383513241348424944,2025-08-10
1383513241348424944,2025-08-14
1383513241348424944,2025-08-16
1383513241348424944,2025-08-25
1383513241348424944,2025-08-31
1383513241348424944,2025-09-02
1383513241348424944,2025-09-07
1383513241348424944,2025-09-14
1383513241348424944,2025-10-01
1383513241348424944,2025-10-04
1383513241348424944,2025-10-05
1383513241348424944,2025-10-19
1383513241348424944,2025-10-26
1383513241348424944,2025-10-30
1383513241348424944,2025-11-02
1383910626115273822,2025-07-31
1390171272060324410,2025-05-15
1393482542585537728,2025-04-13
1393482542585537728,2025-04-18
1393482542585537728,2025-06-22
1393482542585537728,2025-10-12
1393482542585537728,2025-10-23
1393634713342137582,2025-05-16
1393634713342137582,2025-05-18
1393634713342137582,2025-07-18
1393634713342137582,2025-07-20
1393634713342137582,2025-07-28
1393634713342137582,2025-07-30
1393634713342137582,2025-08-04
1393634713342137582,2025-08-20
1393634713342137582,2025-09-01
1393634713342137582,2025-09-07
1393634713342137582,2025-09-27
1393634713342137582,2025-10-05
1393634713342137582,2025-10-12
1393634936904017469,2025-04-30
1393634936904017469,2025-05-09
1393634936904017469,2025-08-26
1393634936904017469,2025-09-29
1393638070589049592,2025-05-04
1393638070589049592,2025-05-07
1393638070589049592,2025-06-05
1393638070589049592,2025-06-22
1393638070589049592,2025-07-30
1393638070589049592,2025-08-16
1393638070589049592,2025-09-03
1393638070589049592,2025-10-18
1393638070589049592,2025-10-23
1395671676833912969,2025-08-21
1395671676833912969,2025-09-13
1396921235971014566,2025-06-18
1396921235971014566,2025-07-31
1396921235971014566,2025-08-30
1402461183704514588,2025-06-30
1402461183704514588,2025-08-10
1405768102601327206,2025-06-13
1405768102601327206,2025-06-21
1405768102601327206,2025-07-02
1405768102601327206,2025-07-06
1405768102601327206,2025-07-13
1405768102601327206,2025-07-20
1405768102601327206,2025-08-04
1405768102601327206,2025-09-07
1405768102601327206,2025-09-18
1405768102601327206,2025-10-13
1405768102601327206,2025-10-20
1409646921435856252,2025-08-30
1409646921435856252,2025-10-11
1409646921435856252,2025-10-31
1414503206938039174,2025-06-01
1414503206938039174,2025-06-08
1414503206938039174,2025-06-22
1414503206938039174,2025-08-04
1414503206938039174,2025-08-31
1414503206938039174,2025-09-28
1414503206938039174,2025-10-06
1414503206938039174,2025-10-19
1414503206938039174,2025-10-26
1414503206938039174,2025-11-02
1429997390383679972,2025-07-21
1429997390383679972,2025-08-13
1429997390383679972,2025-08-24
1429997390383679972,2025-08-30
1429997390383679972,2025-09-02
1429997390383679972,2025-09-07
1429997390383679972,2025-09-12
1429997390383679972,2025-09-26
1429997390383679972,2025-10-19
1429997390383679972,2025-10-27
1430417055174000914,2025-06-29
1430417055174000914,2025-07-06
1430417055174000914,2025-07-13
1430417055174000914,2025-07-19
1430417055174000914,2025-07-27
1430417055174000914,2025-07-31
1430417055174000914,2025-08-18
1430417055174000914,2025-10-04
1430417055174000914,2025-10-12
1430417055174000914,2025-10-19
1434108183586713709,2025-06-07
1434108183586713709,2025-06-21
1434108183586713709,2025-06-22
1434108183586713709,2025-06-29
1434108183586713709,2025-07-10
1434108183586713709,2025-07-11
1434108183586713709,2025-07-28
1434108183586713709,2025-08-03
1434108183586713709,2025-08-12
1434108183586713709,2025-09-04
1434108183586713709,2025-10-12
1434112653259573474,2025-07-12
1434112653259573474,2025-09-11
1434112653259573474,2025-09-13
1434112653259573474,2025-09-24
1434112653259573474,2025-10-01
1434112653259573474,2025-10-12
1435590570769303352,2025-06-24
1435590570769303352,2025-07-25
1435590570769303352,2025-07-31
1435590570769303352,2025-08-04
1435590570769303352,2025-08-11
1435590570769303352,2025-08-16
1435590570769303352,2025-08-18
1435590570769303352,2025-09-02
1435590570769303352,2025-10-04
1435590570769303352,2025-10-12
1435590570769303352,2025-10-18
1435590570769303352,2025-10-26
1439472202376740681,2025-06-21
1439472202376740681,2025-06-25
1439472202376740681,2025-07-07
1439472202376740681,2025-07-12
1439472202376740681,2025-07-18
1439472202376740681,2025-07-20
1439472202376740681,2025-07-27
1439472202376740681,2025-08-04
1439472202376740681,2025-08-16
1439472202376740681,2025-08-18
1439472202376740681,2025-08-21
1439472202376740681,2025-09-01
1439472202376740681,2025-09-04
1439472202376740681,2025-09-07
1439472202376740681,2025-09-29
1439472202376740681,2025-10-03
1439472202376740681,2025-10-05
1439472202376740681,2025-10-11
1439472202376740681,2025-10-12
1447202556849361134,2025-07-20
1447202556849361134,2025-10-20
1448501719166920474,2025-07-05
1448501719166920474,2025-07-30
1448501719166920474,2025-08-23
1450136720901316807,2025-07-25
1450136720901316807,2025-07-31
1450136720901316807,2025-08-10
1450136720901316807,2025-08-13
1450136720901316807,2025-08-14
1450136720901316807,2025-08-17
1450136720901316807,2025-08-19
1450136720901316807,2025-08-24
1450136720901316807,2025-08-28
1450136720901316807,2025-09-01
1450136720901316807,2025-09-03
1450136720901316807,2025-09-09
1450136720901316807,2025-09-11
1450136720901316807,2025-09-14
1450136720901316807,2025-09-16
1450136720901316807,2025-09-22
1450136720901316807,2025-09-26
1450136720901316807,2025-09-28
1450136720901316807,2025-09-30
1450136720901316807,2025-10-04
1450136720901316807,2025-10-07
1450136720901316807,2025-10-10
1450136720901316807,2025-10-13
1450136720901316807,2025-10-15
1450136720901316807,2025-10-18
1450136720901316807,2025-10-24
1450136720901316807,2025-10-26
1450136720901316807,2025-10-27
1450156329560932974,2025-07-18
1450156329560932974,2025-07-31
1450156329560932974,2025-08-05
1450156329560932974,2025-08-17
1450156329560932974,2025-08-24
1450156329560932974,2025-08-30
1450156329560932974,2025-09-07
1450156329560932974,2025-10-06
1450156329560932974,2025-10-10
1450156329560932974,2025-11-02
1453493003584640545,2025-07-26
1453493003584640545,2025-08-10
1454413975547667690,2025-07-29
1454413975547667690,2025-09-03
1454413975547667690,2025-09-09
1454413975547667690,2025-09-17
1454413975547667690,2025-09-30
1454413975547667690,2025-10-12
1454413975547667690,2025-10-21
1454415655361201543,2025-07-25
1454415655361201543,2025-08-04
1454417108090792705,2025-07-18
1454417108090792705,2025-07-20
1454417108090792705,2025-07-27
1454417108090792705,2025-08-16
1454417108090792705,2025-09-15
1454417108090792705,2025-09-20
1454417108090792705,2025-09-22
1454417108090792705,2025-10-01
1454417108090792705,2025-10-23
1454418356838968327,2025-07-04
1454418356838968327,2025-07-17
1454418356838968327,2025-07-19
1454418356838968327,2025-07-20
1454418356838968327,2025-07-21
1454418356838968327,2025-07-28
1454418356838968327,2025-08-02
1454418356838968327,2025-08-10
1454418356838968327,2025-08-18
1454418356838968327,2025-08-21
1454418356838968327,2025-08-23
1454418356838968327,2025-08-29
1454418356838968327,2025-08-31
1454418356838968327,2025-09-02
1454418356838968327,2025-09-03
1454418356838968327,2025-09-07
1454418356838968327,2025-10-12
1454418356838968327,2025-10-15
1455799924350084157,2025-07-13
1455799924350084157,2025-07-20
1455799924350084157,2025-08-03
1455799924350084157,2025-08-05
1455799924350084157,2025-08-18
1455799924350084157,2025-10-28
1459126168828019962,2025-07-15
1459126168828019962,2025-07-29
1459126168828019962,2025-09-13
1459126168828019962,2025-09-21
1459126168828019962,2025-09-25
1459126168828019962,2025-09-30
1459126168828019962,2025-10-05
1459126168828019962,2025-10-09
1459126168828019962,2025-10-13
1459126168828019962,2025-10-17
1459126168828019962,2025-10-26
1459126168828019962,2025-11-02
1459718314728545998,2025-07-20
1459718314728545998,2025-07-31
1459718314728545998,2025-08-04
1459718314728545998,2025-10-05
1459718314728545998,2025-10-12
1459718314728545998,2025-10-27
1462505515338851900,2025-07-27
1462505515338851900,2025-07-31
1462505515338851900,2025-08-04
1462505515338851900,2025-08-10
1462505515338851900,2025-08-17
1462505515338851900,2025-08-20
1462505515338851900,2025-08-22
1462505515338851900,2025-08-24
1462505515338851900,2025-09-05
1462505515338851900,2025-09-07
1462505515338851900,2025-09-18
1462505515338851900,2025-09-20
1462505515338851900,2025-09-21
1462505515338851900,2025-09-28
1462505515338851900,2025-10-05
1462505515338851900,2025-10-11
1462505515338851900,2025-10-13
1462505515338851900,2025-10-16
1462505515338851900,2025-10-19
1462505515338851900,2025-10-21
1462505515338851900,2025-10-26
1462505515338851900,2025-11-02
1464782804892875821,2025-07-30
1464782804892875821,2025-08-10
1464782804892875821,2025-08-19
1464782804892875821,2025-09-07
1464782804892875821,2025-09-13
1464782804892875821,2025-09-25
1464782804892875821,2025-09-28
1464782804892875821,2025-10-13
1464782804892875821,2025-10-19
1464782804892875821,2025-10-28
1468113967156529966,2025-09-06
1468116522806636814,2025-08-03
1468116522806636814,2025-08-10
1468116522806636814,2025-08-23
1468116522806636814,2025-08-31
1468116522806636814,2025-09-21
1468116522806636814,2025-09-29
1468116522806636814,2025-10-05
1468119019136340688,2025-09-20
1468802371483451790,2025-10-19
1472122509160785254,2025-07-28
1472122509160785254,2025-08-03
1472122509160785254,2025-09-13
1472122509160785254,2025-09-28
1472122509160785254,2025-10-02
1472122509160785254,2025-10-04
1472122509160785254,2025-10-19
1473485941065182946,2025-07-31
1473485941065182946,2025-09-16
1476084665532782592,2025-08-11
1476780998285613744,2025-08-19
1476780998285613744,2025-08-25
1476780998285613744,2025-09-07
1476780998285613744,2025-09-21
1476780998285613744,2025-09-25
1476780998285613744,2025-10-19
1477111453930200793,2025-08-28
1477111453930200793,2025-09-01
1477111453930200793,2025-09-02
1477111453930200793,2025-09-04
1477111453930200793,2025-09-05
1477111453930200793,2025-09-07
1477111453930200793,2025-09-08
1477111453930200793,2025-09-10
1477111453930200793,2025-09-11
1477111453930200793,2025-09-14
1477111453930200793,2025-09-19
1477111453930200793,2025-09-21
1477111453930200793,2025-09-24
1477111453930200793,2025-10-08
1477111453930200793,2025-10-12
1477111453930200793,2025-10-19
1477111453930200793,2025-10-21
1477111453930200793,2025-10-26
1477111453930200793,2025-10-29
1479696659954496070,2025-09-02
1479696659954496070,2025-09-06
1479696659954496070,2025-09-08
1479696659954496070,2025-09-16
1479696659954496070,2025-10-26
1479696659954496070,2025-10-29
1481862654824444067,2025-10-05
1481865863422349835,2025-09-27
1481865863422349835,2025-10-19
1481869272871304149,2025-08-18
1481869272871304149,2025-08-31
1481869272871304149,2025-09-07
1481869272871304149,2025-09-29
1481869272871304149,2025-10-04
1481869272871304149,2025-10-09
1481869272871304149,2025-10-16
1482199242377376639,2025-08-18
1482199242377376639,2025-08-20
1482199242377376639,2025-09-25
1482199242377376639,2025-10-09
1482199242377376639,2025-10-12
1485726503410193437,2025-08-27
1485726503410193437,2025-10-06
1486971933919777260,2025-08-19
1486971933919777260,2025-08-26
1486971933919777260,2025-08-29
1486971933919777260,2025-09-05
1486971933919777260,2025-09-24
1486971933919777260,2025-10-12
1486971933919777260,2025-10-15
1498161268794053659,2025-09-19
1498161268794053659,2025-09-23
1498161268794053659,2025-09-26
1498161268794053659,2025-09-27
1498161268794053659,2025-09-29
1498161268794053659,2025-10-02
1498161268794053659,2025-10-07
1498161268794053659,2025-10-09
1498161268794053659,2025-10-15
1498161268794053659,2025-10-17
1503537470526077849,2025-09-14
1503537470526077849,2025-09-22
1503537470526077849,2025-09-28
1503537470526077849,2025-10-07
1509560756079358837,2025-09-26
1509560756079358837,2025-10-12
1509560756079358837,2025-11-03
1510280924413149938,2025-09-18
1510280924413149938,2025-09-20
1511129185939661958,2025-10-09
1511129185939661958,2025-10-12
1511129185939661958,2025-10-13
1513028059149782480,2025-09-20
1513028059149782480,2025-09-21
1513028059149782480,2025-10-05
1513028059149782480,2025-10-10
1513028059149782480,2025-10-12
1513028059149782480,2025-10-17
1513028059149782480,2025-10-19
1513028059149782480,2025-10-31
1513028059149782480,2025-11-02
1518144456137036167,2025-10-04
1518375730226772587,2025-10-11
1518378190765531585,2025-10-05
1518378190765531585,2025-10-12
1518378190765531585,2025-10-18
1518380413547671135,2025-10-05
1518380413547671135,2025-10-19
1521064839093130562,2025-10-12
1528281264652621033,2025-10-11
1528281264652621033,2025-10-12
1528281264652621033,2025-10-27
1528330624684718752,2025-10-19
1528330624684718752,2025-10-25
1528330624684718752,2025-10-29
1528330624684718752,2025-11-01
1528330624684718752,2025-11-02
1528330624684718752,2025-11-05
